0360_9808   NaI 5889.959 0.000 -0.193 151.2  6.9  4.247  0.070 -0.010 -0.028  0.000 0.105 0.000   62.580
0360_9808   NaI 5895.910 0.000 -0.575 130.5  6.0  4.174  0.064 -0.008 -0.037  0.000 0.115 0.000   54.302
0360_9808   MgI 4167.271 4.346 -0.746  52.6  2.5  5.982  0.031 -0.002 -0.004  0.001 0.056 0.000  165.090
0360_9808   MgI 5167.321 2.709 -0.854 132.5  6.1  6.012  0.065 -0.010 -0.026  0.001 0.096 0.000   21.867
0360_9808   MgI 5172.684 2.712 -0.363 195.4  9.0  6.091  0.076 -0.014 -0.013  0.001 0.077 0.000  -12.363
0360_9808   MgI 5183.604 2.717 -0.168 238.3 11.0  6.101  0.078 -0.014 -0.009  0.002 0.070 0.000  -26.504
0360_9808   MgI 5528.405 4.346 -0.547  76.8  3.5  6.157  0.037 -0.004 -0.013  0.001 0.070 0.000  104.023
0360_9808   MgI 5711.100 4.340 -1.842   8.9  0.5  5.995  0.029  0.000 -0.001  0.000 0.035 0.000  399.591
0360_9808   SiI 6237.330 5.610 -1.150   3.4  0.4  6.078  0.018  0.001  0.000  0.000 0.060 0.000  249.024
0360_9808   CaI 4226.728 0.000  0.244 193.3  9.0  4.856  0.087 -0.011 -0.015  0.002 0.073 0.000 -152.298
0360_9808   CaI 4283.011 1.886 -0.224  61.5  2.9  4.989  0.045 -0.003 -0.023  0.001 0.081 0.000   25.369
0360_9808   CaI 4318.652 1.899 -0.210  54.6  2.6  4.950  0.044 -0.001 -0.019  0.001 0.075 0.000   22.048
0360_9808   CaI 4425.437 1.879 -0.358  44.7  2.1  4.831  0.043 -0.001 -0.012  0.001 0.066 0.000   20.443
0360_9808   CaI 4454.779 1.899  0.258  79.4  3.7  4.837  0.050 -0.006 -0.031  0.000 0.094 0.000   20.805
0360_9808   CaI 4455.887 1.899 -0.530  37.1  1.7  4.905  0.042  0.000 -0.009  0.001 0.054 0.000   21.786
0360_9808   CaI 5512.990 2.930 -0.300   8.7  0.4  4.928  0.031  0.000 -0.001  0.001 0.033 0.000  223.525
0360_9808   CaI 5581.980 2.520 -0.710  15.4  0.8  4.921  0.036  0.000 -0.003  0.001 0.040 0.000  104.915
0360_9808   CaI 5588.749 2.526  0.210  50.1  2.3  4.824  0.036 -0.001 -0.018  0.000 0.075 0.000   58.867
0360_9808   CaI 5590.130 2.520 -0.710  13.9  0.7  4.902  0.036  0.000 -0.003  0.001 0.038 0.000  112.676
0360_9808   CaI 5594.462 2.523 -0.050  39.0  1.8  4.926  0.034 -0.001 -0.011  0.001 0.058 0.000   84.514
0360_9808   CaI 5857.451 2.933  0.230  34.8  1.6  5.019  0.032 -0.002 -0.008  0.000 0.048 0.000  145.074
0360_9808   CaI 6102.723 1.879 -0.793  28.4  1.4  4.870  0.043 -0.001 -0.006  0.001 0.049 0.000   12.299
0360_9808   CaI 6122.217 1.886 -0.315  56.2  2.6  4.875  0.045 -0.003 -0.017  0.001 0.071 0.000   22.321
0360_9808   CaI 6162.173 1.899 -0.089  64.5  3.0  4.778  0.048 -0.005 -0.021  0.001 0.080 0.000   15.387
0360_9808   CaI 6169.560 2.520 -0.270  18.3  0.9  4.895  0.036 -0.001 -0.004  0.001 0.041 0.000  115.884
0360_9808   CaI 6439.075 2.526  0.470  57.1  2.7  4.825  0.036 -0.002 -0.022  0.000 0.083 0.000   55.180
0360_9808   CaI 6493.781 2.521  0.140  33.4  1.6  4.924  0.034 -0.001 -0.009  0.001 0.053 0.000   97.158
0360_9808   TiI 4913.620 1.870  0.220   4.2  0.4  3.720  0.048  0.000  0.000  0.000 0.052 0.077   37.267
0360_9808   TiI 4981.731 0.848  0.570  36.9  1.7  3.600  0.060  0.000 -0.011  0.001 0.053 0.077   26.753
0360_9808   TiI 4991.065 0.836  0.450  28.8  1.3  3.518  0.060  0.000 -0.008  0.001 0.048 0.077   25.930
0360_9808   TiI 4999.510 0.830  0.320  25.5  1.2  3.536  0.059  0.001 -0.007  0.001 0.045 0.077   26.623
0360_9808   TiI 5016.170 0.850 -0.480   6.8  0.4  3.735  0.060  0.000 -0.001  0.001 0.037 0.077   21.722
0360_9808   TiI 5022.870 0.830 -0.330   7.4  0.5  3.611  0.060  0.000 -0.001  0.001 0.039 0.077   21.148
0360_9808   TiI 5024.850 0.820 -0.530   6.3  0.4  3.604  0.060  0.001  0.000  0.001 0.039 0.077   19.027
0360_9808   TiI 5039.960 0.020 -1.080   6.2  0.4  3.431  0.068  0.001  0.000  0.001 0.038 0.077    5.041
0360_9808   TiI 5192.980 0.020 -0.950  11.5  0.6  3.616  0.068  0.000 -0.003  0.001 0.037 0.077    9.617
0360_9808   TiI 5210.390 0.050 -0.820  12.5  0.6  3.567  0.067  0.001 -0.003  0.001 0.037 0.077   10.135
0360_9808   TiI 5866.420 1.070 -0.790   2.0  0.3  3.417  0.058  0.001  0.000  0.001 0.072 0.077   15.554
0360_9808   TiI 6258.710 1.460 -0.280   3.6  0.4  3.559  0.054  0.000  0.000  0.001 0.055 0.077   26.951
0360_9808  TiII 4300.042 1.180 -0.460  88.4  4.1  3.561  0.030  0.007 -0.064  0.001 0.139 0.000   23.997
0360_9808  TiII 4320.950 1.165 -1.880  27.1  1.4  3.456  0.026  0.010 -0.007  0.001 0.050 0.000  128.271
0360_9808  TiII 4394.059 1.221 -1.770  33.6  1.6  3.528  0.026  0.010 -0.011  0.000 0.051 0.000  130.870
0360_9808  TiII 4395.031 1.084 -0.540 100.4  4.6  3.663  0.034  0.005 -0.068  0.000 0.143 0.000   21.592
0360_9808  TiII 4399.765 1.237 -1.200  55.7  2.6  3.292  0.026  0.010 -0.026  0.000 0.097 0.000   41.179
0360_9808  TiII 4443.801 1.080 -0.710  83.0  3.9  3.398  0.030  0.007 -0.060  0.000 0.136 0.000   25.348
0360_9808  TiII 4450.482 1.084 -1.520  49.8  2.3  3.467  0.027  0.010 -0.020  0.001 0.076 0.000   58.112
0360_9808  TiII 4468.507 1.131 -0.630  85.6  4.0  3.415  0.030  0.007 -0.061  0.001 0.135 0.000   25.033
0360_9808  TiII 5129.156 1.892 -1.340  22.8  1.1  3.554  0.020  0.010 -0.004  0.000 0.042 0.000  246.181
0360_9808  TiII 5336.789 1.582 -1.600  24.2  1.2  3.531  0.023  0.010 -0.007  0.001 0.043 0.000  204.004
0360_9808   CrI 4254.336 0.000 -0.090  80.4  3.8  3.754  0.073 -0.003 -0.062  0.001 0.134 0.000   34.812
0360_9808   CrI 5206.037 0.941  0.019  52.9  2.4  3.722  0.060 -0.001 -0.025  0.001 0.087 0.000   90.887
0360_9808   MnI 4783.415 2.298 -1.560   8.2  0.5  3.222  0.050  0.001 -0.001  0.001 0.038 0.000  153.629
0360_9808   MnI 4823.515 2.319 -2.980  10.5  0.6  3.269  0.050  0.001 -0.001  0.001 0.038 0.000  154.261
0360_9808   FeI 4063.594 1.557  0.062 128.2  6.0  5.685  0.086 -0.010 -0.041  0.001 0.099 0.046  -22.628
0360_9808   FeI 4071.738 1.608 -0.022 120.8  5.6  5.731  0.084 -0.010 -0.045  0.001 0.105 0.046  -15.880
0360_9808   FeI 4118.545 3.573  0.270  44.2  2.2  5.727  0.042  0.000 -0.020  0.000 0.074 0.046   42.890
0360_9808   FeI 4134.678 2.831 -0.649  43.0  2.0  5.764  0.050  0.001 -0.019  0.001 0.068 0.046   22.793
0360_9808   FeI 4143.415 3.047 -0.210  48.8  2.3  5.627  0.048  0.000 -0.020  0.001 0.080 0.046   23.214
0360_9808   FeI 4143.868 1.557 -0.511 100.7  4.7  5.732  0.075 -0.007 -0.060  0.001 0.124 0.046   -0.086
0360_9808   FeI 4147.669 1.485 -2.104  30.8  1.5  5.648  0.062  0.001 -0.010  0.001 0.055 0.046  -26.147
0360_9808   FeI 4154.806 3.368 -0.400  31.1  1.5  5.727  0.044  0.000 -0.009  0.001 0.050 0.046   46.156
0360_9808   FeI 4156.799 2.831 -0.809  36.1  1.7  5.678  0.050  0.000 -0.014  0.001 0.062 0.046   23.275
0360_9808   FeI 4175.636 2.845 -0.827  31.5  1.6  5.626  0.050  0.001 -0.010  0.001 0.059 0.046   18.577
0360_9808   FeI 4181.755 2.831 -0.371  54.0  2.5  5.696  0.050  0.000 -0.030  0.001 0.091 0.046   22.447
0360_9808   FeI 4187.039 2.449 -0.560  59.6  2.9  5.713  0.058 -0.002 -0.029  0.001 0.090 0.046    8.464
0360_9808   FeI 4187.795 2.425 -0.554  72.8  3.4  5.806  0.061 -0.004 -0.041  0.001 0.101 0.046    9.511
0360_9808   FeI 4191.431 2.469 -0.666  56.1  2.7  5.683  0.056 -0.001 -0.026  0.001 0.086 0.046   10.806
0360_9808   FeI 4199.095 3.047  0.170  60.6  2.9  5.525  0.048 -0.001 -0.039  0.001 0.109 0.046   22.516
0360_9808   FeI 4202.029 1.485 -0.708  90.5  4.2  5.664  0.072 -0.005 -0.066  0.000 0.131 0.046    4.228
0360_9808   FeI 4216.184 0.000 -3.356  43.0  2.1  5.666  0.079  0.001 -0.018  0.001 0.079 0.046  -46.624
0360_9808   FeI 4222.213 2.449 -0.967  42.4  2.1  5.686  0.054  0.000 -0.015  0.001 0.067 0.046   10.287
0360_9808   FeI 4233.603 2.482 -0.600  60.0  2.8  5.711  0.056 -0.002 -0.029  0.001 0.089 0.046   12.662
0360_9808   FeI 4238.810 3.396 -0.233  35.3  1.7  5.779  0.044  0.000 -0.011  0.000 0.053 0.046   47.048
0360_9808   FeI 4250.119 2.469 -0.405  70.2  3.3  5.717  0.060 -0.004 -0.038  0.001 0.100 0.046   10.057
0360_9808   FeI 4250.787 1.557 -0.714  88.4  4.1  5.766  0.070 -0.004 -0.064  0.000 0.133 0.046    4.781
0360_9808   FeI 4260.474 2.399  0.077  97.8  4.6  5.739  0.072 -0.009 -0.043  0.001 0.104 0.046   -0.843
0360_9808   FeI 4271.154 2.449 -0.349  80.0  3.7  5.757  0.062 -0.005 -0.044  0.001 0.105 0.046    9.829
0360_9808   FeI 4271.761 1.485 -0.164 125.4  5.8  5.756  0.085 -0.009 -0.043  0.002 0.103 0.046  -20.287
0360_9808   FeI 4282.403 2.176 -0.779  62.0  2.9  5.634  0.056  0.000 -0.041  0.001 0.114 0.046   11.488
0360_9808   FeI 4375.930 0.000 -3.031  62.1  2.9  5.748  0.076 -0.001 -0.042  0.001 0.111 0.046  -13.146
0360_9808   FeI 4383.545 1.485  0.200 142.2  6.6  5.615  0.089 -0.011 -0.034  0.001 0.090 0.046  -35.248
0360_9808   FeI 4404.750 1.557 -0.142 123.6  5.7  5.712  0.083 -0.009 -0.045  0.001 0.104 0.046  -15.391
0360_9808   FeI 4427.310 0.052 -3.044  66.1  3.0  5.769  0.080 -0.001 -0.048  0.001 0.114 0.046  -14.228
0360_9808   FeI 4442.339 2.198 -1.255  39.9  1.9  5.497  0.057  0.001 -0.014  0.001 0.073 0.046   -2.035
0360_9808   FeI 4461.653 0.087 -3.210  46.9  2.1  5.667  0.078  0.000 -0.021  0.001 0.084 0.046  -37.138
0360_9808   FeI 4466.552 2.831 -0.600  45.5  2.1  5.682  0.050  0.000 -0.020  0.001 0.075 0.046   22.565
0360_9808   FeI 4494.563 2.198 -1.140  50.5  2.3  5.708  0.057  0.000 -0.023  0.001 0.077 0.046    6.409
0360_9808   FeI 4788.757 3.236 -1.763   3.5  0.4  5.714  0.045  0.001 -0.001  0.001 0.059 0.046   23.657
0360_9808   FeI 4871.318 2.865 -0.340  49.4  2.3  5.658  0.052 -0.002 -0.020  0.000 0.073 0.046   22.661
0360_9808   FeI 4872.138 2.882 -0.567  46.3  2.2  5.765  0.051 -0.001 -0.017  0.001 0.067 0.046   23.553
0360_9808   FeI 4890.755 2.875 -0.380  55.6  2.6  5.736  0.052 -0.002 -0.024  0.000 0.078 0.046   22.903
0360_9808   FeI 4891.492 2.851 -0.112  65.8  3.1  5.647  0.055 -0.004 -0.032  0.001 0.092 0.046   17.478
0360_9808   FeI 4918.994 2.865 -0.342  55.4  2.5  5.659  0.052 -0.002 -0.023  0.000 0.079 0.046   21.955
0360_9808   FeI 4920.503 2.832  0.068  80.8  3.8  5.734  0.061 -0.006 -0.040  0.001 0.101 0.046   11.016
0360_9808   FeI 4924.769 2.279 -2.114   8.7  0.5  5.752  0.055  0.001 -0.002  0.001 0.036 0.046  -11.507
0360_9808   FeI 4939.686 0.859 -3.340  13.4  0.6  5.756  0.070  0.000 -0.003  0.002 0.034 0.046  -92.576
0360_9808   FeI 4950.106 3.417 -1.500   4.0  0.3  5.794  0.043  0.001 -0.001  0.001 0.047 0.046   39.530
0360_9808   FeI 4957.299 2.851 -0.408  49.4  2.3  5.661  0.052 -0.001 -0.019  0.001 0.073 0.046   19.225
0360_9808   FeI 4973.102 3.960 -0.690   5.4  0.3  5.620  0.037  0.001 -0.002  0.000 0.034 0.046   94.240
0360_9808   FeI 5049.819 2.279 -1.355  37.7  1.8  5.740  0.054  0.000 -0.014  0.001 0.061 0.046   10.348
0360_9808   FeI 5074.750 4.220 -0.230  15.8  0.8  5.647  0.036  0.000 -0.004  0.000 0.040 0.046   95.073
0360_9808   FeI 5090.780 4.260 -0.490   5.9  0.4  5.663  0.034  0.001 -0.001  0.001 0.041 0.046   87.181
0360_9808   FeI 5127.359 0.915 -3.307  12.6  0.7  5.717  0.070  0.001 -0.003  0.001 0.041 0.046  -82.699
0360_9808   FeI 5133.689 4.178  0.360  29.7  1.4  5.727  0.036  0.000 -0.009  0.001 0.048 0.046   84.396
0360_9808   FeI 5139.252 2.998 -0.730  30.6  1.5  5.776  0.048  0.000 -0.009  0.001 0.047 0.046   31.074
0360_9808   FeI 5139.463 2.940 -0.509  42.6  2.0  5.540  0.050 -0.001 -0.015  0.001 0.070 0.046   23.302
0360_9808   FeI 5141.739 2.424 -2.238   7.1  0.4  5.832  0.054  0.001 -0.002  0.001 0.037 0.046   -5.486
0360_9808   FeI 5171.596 1.485 -1.793  53.6  2.5  5.592  0.064 -0.001 -0.027  0.001 0.092 0.046   -2.742
0360_9808   FeI 5191.455 3.038 -0.551  35.8  1.7  5.714  0.048  0.000 -0.011  0.000 0.056 0.046   29.409
0360_9808   FeI 5194.942 1.557 -2.090  32.0  1.5  5.624  0.062  0.000 -0.010  0.001 0.059 0.046  -21.294
0360_9808   FeI 5198.711 2.222 -2.135  11.5  0.6  5.737  0.056  0.000 -0.002  0.001 0.037 0.046  -12.657
0360_9808   FeI 5216.274 1.608 -2.150  28.8  1.4  5.648  0.062  0.000 -0.009  0.001 0.055 0.046  -24.652
0360_9808   FeI 5227.189 1.557 -1.228  86.0  3.9  5.780  0.070 -0.005 -0.061  0.001 0.127 0.046    4.649
0360_9808   FeI 5232.940 2.940 -0.057  63.8  2.9  5.595  0.054 -0.004 -0.029  0.001 0.088 0.046   19.190
0360_9808   FeI 5242.491 3.634 -0.830   8.9  0.5  5.786  0.040  0.001 -0.003  0.001 0.036 0.046   71.106
0360_9808   FeI 5250.646 2.198 -2.181  12.3  0.6  5.678  0.055  0.002 -0.003  0.001 0.038 0.046  -12.019
0360_9808   FeI 5263.306 3.266 -0.870  14.5  0.8  5.681  0.045  0.001 -0.003  0.001 0.041 0.046   38.023
0360_9808   FeI 5281.790 3.038 -0.834  27.9  1.3  5.786  0.048 -0.001 -0.008  0.001 0.046 0.046   33.536
0360_9808   FeI 5328.531 1.557 -1.850  43.8  2.0  5.593  0.062  0.000 -0.018  0.001 0.076 0.046   -9.604
0360_9808   FeI 5339.929 3.266 -0.630  22.6  1.1  5.637  0.046  0.000 -0.006  0.001 0.046 0.046   37.071
0360_9808   FeI 5473.900 4.154 -0.720   4.1  0.3  5.661  0.036  0.001 -0.001  0.001 0.041 0.046   82.479
0360_9808   FeI 5497.516 1.011 -2.849  26.1  1.2  5.668  0.069  0.001 -0.008  0.001 0.050 0.046  -57.194
0360_9808   FeI 5501.465 0.958 -3.047  19.2  0.9  5.688  0.069  0.000 -0.005  0.001 0.041 0.046  -70.027
0360_9808   FeI 5506.779 0.990 -2.797  31.1  1.5  5.760  0.069  0.000 -0.009  0.001 0.053 0.046  -49.079
0360_9808   FeI 5569.618 3.417 -0.520  25.6  1.2  5.704  0.044  0.000 -0.007  0.001 0.046 0.046   48.484
0360_9808   FeI 5572.842 3.396 -0.280  35.4  1.7  5.699  0.045 -0.001 -0.010  0.001 0.055 0.046   41.943
0360_9808   FeI 5586.756 3.368 -0.110  44.5  2.1  5.671  0.046 -0.002 -0.016  0.000 0.066 0.046   38.005
0360_9808   FeI 5701.544 2.560 -2.216   4.9  0.4  5.650  0.051  0.002 -0.002  0.001 0.044 0.046    8.195
0360_9808   FeI 6027.050 4.076 -1.089   2.3  0.3  5.545  0.037  0.001 -0.001  0.001 0.065 0.046   46.581
0360_9808   FeI 6219.281 2.198 -2.433   6.2  0.4  5.678  0.056  0.000 -0.003  0.001 0.039 0.046  -10.967
0360_9808   FeI 6230.723 2.559 -1.281  30.1  1.4  5.639  0.053 -0.001 -0.009  0.001 0.052 0.046   14.638
0360_9808   FeI 6246.318 3.603 -0.770  12.0  0.7  5.728  0.042  0.000 -0.002  0.001 0.038 0.046   60.047
0360_9808   FeI 6252.555 2.404 -1.687  19.1  1.0  5.697  0.054  0.000 -0.005  0.001 0.044 0.046    2.937
0360_9808   FeI 6265.134 2.176 -2.550   7.0  0.5  5.893  0.056  0.000 -0.001  0.001 0.040 0.046  -13.818
0360_9808   FeI 6335.330 2.200 -2.177   9.4  0.6  5.654  0.055  0.002 -0.001  0.001 0.042 0.046  -14.077
0360_9808   FeI 6336.824 3.686 -0.850  10.1  0.6  5.829  0.041  0.000 -0.002  0.001 0.039 0.046   64.697
0360_9808   FeI 6393.601 2.433 -1.576  20.9  1.0  5.634  0.054  0.000 -0.005  0.001 0.043 0.046    3.020
0360_9808   FeI 6411.649 3.654 -0.590  14.5  0.7  5.714  0.042  0.000 -0.003  0.000 0.038 0.046   64.778
0360_9808   FeI 6421.350 2.279 -2.027  13.9  0.8  5.694  0.056  0.000 -0.003  0.001 0.042 0.046  -10.359
0360_9808  FeII 4178.862 2.583 -2.510  31.4  1.6  5.658  0.011  0.011 -0.011  0.000 0.055 0.017  149.533
0360_9808  FeII 4233.172 2.583 -1.970  63.6  3.0  5.616  0.011  0.010 -0.041  0.000 0.106 0.017   48.489
0360_9808  FeII 4923.927 2.891 -1.260  79.6  3.7  5.605  0.010  0.007 -0.055  0.001 0.122 0.017   44.393
0360_9808  FeII 5018.440 2.891 -1.100  92.1  4.2  5.729  0.013  0.007 -0.060  0.000 0.124 0.017   40.689
0360_9808  FeII 5197.577 3.230 -2.220  24.1  1.2  5.675  0.005  0.011 -0.007  0.001 0.045 0.017  239.905
0360_9808  FeII 5234.630 3.220 -2.180  29.1  1.4  5.690  0.005  0.010 -0.009  0.000 0.050 0.017  221.327
0360_9808  FeII 5264.810 3.230 -3.130   4.9  0.4  5.729  0.005  0.011  0.000  0.001 0.046 0.017  230.735
0360_9808  FeII 5284.110 2.890 -3.110   6.9  0.4  5.630  0.008  0.011 -0.001  0.001 0.038 0.017  301.138
0360_9808  FeII 5325.560 3.220 -3.160   3.1  0.3  5.618  0.005  0.011  0.000  0.000 0.050 0.017  205.576
0360_9808  FeII 5534.850 3.240 -2.750   8.7  0.5  5.658  0.004  0.012 -0.003  0.001 0.038 0.017  307.962
0360_9808  FeII 6149.250 3.890 -2.690   2.3  0.2  5.531 -0.001  0.010 -0.001  0.001 0.047 0.017  273.598
0360_9808  FeII 6238.390 3.890 -2.600   3.1  0.4  5.596 -0.002  0.010 -0.001  0.000 0.066 0.017  158.137
0360_9808  FeII 6247.560 3.890 -2.300   6.7  0.5  5.692 -0.002  0.010 -0.003  0.000 0.043 0.017  348.089
0360_9808  FeII 6416.930 3.890 -2.640   2.7  0.4  5.649 -0.002  0.010 -0.001  0.001 0.074 0.017  124.431
0360_9808   NiI 4829.030 3.540 -0.330   4.9  0.4  4.427  0.039  0.002  0.000  0.000 0.046 0.094   34.674
0360_9808   NiI 4831.180 3.610 -0.380   4.7  0.4  4.549  0.038  0.002 -0.001  0.000 0.049 0.094   35.883
0360_9808   NiI 4904.420 3.540 -0.190   5.8  0.5  4.332  0.039  0.002 -0.001  0.000 0.049 0.094   34.605
0360_9808   NiI 4937.350 3.610 -0.380   3.0  0.3  4.373  0.038  0.001 -0.001  0.001 0.052 0.094   35.237
0360_9808   NiI 5035.370 3.630  0.120  11.7  0.7  4.448  0.038  0.000 -0.003  0.000 0.038 0.094   42.829
0360_9808   NiI 5081.120 3.850  0.220   9.9  0.5  4.462  0.036  0.001 -0.002  0.001 0.034 0.094   45.234
0360_9808   NiI 5084.100 3.680 -0.040   6.4  0.4  4.335  0.037  0.001 -0.001  0.001 0.037 0.094   41.412
0360_9808   NiI 5099.940 3.680 -0.180   4.7  0.4  4.403  0.038  0.001 -0.001  0.000 0.045 0.094   37.683
0360_9808   NiI 5115.400 3.830 -0.140   7.6  0.5  4.689  0.037  0.001 -0.001  0.001 0.036 0.094   41.608
0360_9808   NiI 5155.770 3.900 -0.110   4.3  0.3  4.478  0.036  0.001 -0.001  0.001 0.042 0.094   41.295
0360_9808   NiI 6175.370 4.090 -0.510   1.4  0.3  4.564  0.034  0.000  0.000  0.000 0.104 0.094   23.700
0360_9808   ZnI 4722.160 4.030 -0.390   7.6  0.5  2.896  0.036  0.003 -0.001  0.001 0.039 0.000  224.731
0360_9808   ZnI 4810.540 4.080 -0.170  10.3  0.6  2.885  0.033  0.003 -0.003  0.001 0.039 0.000  265.826
0360_9808   YII 4883.690 1.080  0.070   7.8  0.5  0.334  0.030  0.011 -0.003  0.001 0.041 0.000  268.573
0360_9808   YII 5087.430 1.080 -0.170   3.6  0.4  0.231  0.029  0.010 -0.001  0.001 0.057 0.000  140.362
0360_9808  BaII 4934.100 0.000 -1.151  75.9  3.5 -0.006  0.044  0.008 -0.014  0.001 0.111 0.000   30.299
0360_9808  BaII 5853.700 0.604 -2.463   8.3  0.5  0.162  0.038  0.010 -0.003  0.001 0.040 0.000  227.590
0360_9808  BaII 6141.700 0.704 -2.855  41.2  1.9  0.160  0.039  0.008 -0.022  0.001 0.070 0.000  101.047
1336_6432   NaI 5889.959 0.000 -0.193 133.6  6.2  4.230  0.053 -0.009 -0.030 -0.003 0.108 0.000   60.883
1336_6432   NaI 5895.910 0.000 -0.575 107.0  5.0  4.108  0.034 -0.003 -0.024  0.007 0.099 0.000   78.054
1336_6432   MgI 4167.271 4.346 -0.746  43.7  2.1  5.969  0.026 -0.003 -0.003  0.001 0.053 0.000  204.968
1336_6432   MgI 5167.321 2.709 -0.854 125.8  5.8  6.125  0.055 -0.012 -0.023  0.001 0.096 0.000   21.625
1336_6432   MgI 5172.684 2.712 -0.363 173.0  8.0  6.118  0.064 -0.017 -0.014  0.001 0.080 0.000   10.299
1336_6432   MgI 5183.604 2.717 -0.168 206.6  9.6  6.118  0.066 -0.019 -0.010  0.002 0.073 0.000    6.086
1336_6432   MgI 5528.405 4.346 -0.547  59.0  2.8  6.033  0.028 -0.004 -0.008  0.000 0.065 0.000  136.558
1336_6432   MgI 5711.100 4.340 -1.842   8.2  0.7  6.080  0.025  0.000 -0.001  0.001 0.046 0.000  270.086
1336_6432   SiI 5690.430 4.930 -1.880   2.0  0.4  6.092  0.023  0.001  0.000  0.001 0.093 0.033   91.220
1336_6432   SiI 6155.140 5.620 -0.890   3.5  0.5  5.909  0.017  0.001  0.000  0.000 0.069 0.033  156.294
1336_6432   CaI 4226.728 0.000  0.244 189.7  8.8  5.082  0.078 -0.017 -0.013  0.002 0.073 0.025  -94.709
1336_6432   CaI 4283.011 1.886 -0.224  51.7  2.4  4.990  0.039 -0.002 -0.015  0.001 0.075 0.025   23.662
1336_6432   CaI 4318.652 1.899 -0.210  52.0  2.5  5.082  0.039 -0.003 -0.015  0.001 0.073 0.025   26.051
1336_6432   CaI 4425.437 1.879 -0.358  40.5  1.9  4.931  0.038 -0.001 -0.009  0.001 0.065 0.025   31.742
1336_6432   CaI 4454.779 1.899  0.258  68.9  3.2  4.830  0.042 -0.005 -0.024  0.001 0.089 0.025   13.661
1336_6432   CaI 4455.887 1.899 -0.530  36.8  1.8  5.075  0.038 -0.002 -0.008  0.001 0.055 0.025   46.730
1336_6432   CaI 5265.556 2.523 -0.260  24.3  1.2  4.997  0.031  0.000 -0.005  0.001 0.047 0.025  107.087
1336_6432   CaI 5581.980 2.520 -0.710  12.3  0.7  4.954  0.030 -0.001 -0.003  0.001 0.040 0.025  151.744
1336_6432   CaI 5588.749 2.526  0.210  51.4  2.4  5.005  0.030 -0.001 -0.016  0.001 0.076 0.025   51.719
1336_6432   CaI 5590.130 2.520 -0.710  13.9  0.7  5.050  0.031 -0.001 -0.002  0.001 0.038 0.025  148.800
1336_6432   CaI 5594.462 2.523 -0.050  33.8  1.6  4.973  0.031 -0.001 -0.008  0.001 0.057 0.025   81.046
1336_6432   CaI 5857.451 2.933  0.230  26.9  1.3  4.987  0.029 -0.001 -0.005  0.001 0.046 0.025  128.566
1336_6432   CaI 6162.173 1.899 -0.089  56.6  2.7  4.826  0.040 -0.003 -0.015  0.001 0.077 0.025   20.483
1336_6432   CaI 6439.075 2.526  0.470  54.8  2.5  4.941  0.032 -0.002 -0.019  0.001 0.081 0.025   42.790
1336_6432   CaI 6493.781 2.521  0.140  31.9  1.6  5.045  0.032 -0.001 -0.008  0.001 0.053 0.025   83.237
1336_6432   TiI 4981.731 0.848  0.570  28.1  1.3  3.666  0.052 -0.001 -0.007  0.002 0.052 0.027   49.055
1336_6432   TiI 4991.065 0.836  0.450  23.9  1.2  3.655  0.052 -0.001 -0.005  0.001 0.048 0.027   53.776
1336_6432   TiI 4999.510 0.830  0.320  21.4  1.1  3.685  0.053 -0.001 -0.005  0.001 0.045 0.027   53.258
1336_6432   TiI 5016.170 0.850 -0.480   2.6  0.3  3.540  0.051  0.000  0.001  0.002 0.059 0.027   36.569
1336_6432   TiI 5022.870 0.830 -0.330   5.5  0.5  3.717  0.052 -0.001 -0.001  0.001 0.047 0.027   51.595
1336_6432   TiI 5024.850 0.820 -0.530   3.7  0.4  3.604  0.052 -0.001 -0.001  0.001 0.055 0.027   39.760
1336_6432   TiI 5039.960 0.020 -1.080   5.3  0.5  3.644  0.060 -0.001 -0.001  0.002 0.050 0.027    4.339
1336_6432   TiI 5192.980 0.020 -0.950   8.2  0.6  3.735  0.060 -0.001 -0.001  0.002 0.043 0.027    5.423
1336_6432   TiI 5210.390 0.050 -0.820   9.4  0.6  3.710  0.058 -0.001 -0.001  0.001 0.042 0.027   21.235
1336_6432  TiII 4300.042 1.180 -0.460  88.4  4.1  3.798  0.026  0.008 -0.058  0.000 0.140 0.000   12.328
1336_6432  TiII 4320.950 1.165 -1.880  21.9  1.1  3.543  0.024  0.012 -0.005  0.001 0.048 0.000  119.663
1336_6432  TiII 4394.059 1.221 -1.770  22.7  1.2  3.492  0.023  0.012 -0.006  0.001 0.050 0.000  116.723
1336_6432  TiII 4395.031 1.084 -0.540  99.2  4.6  3.877  0.031  0.006 -0.060  0.000 0.143 0.000    8.483
1336_6432  TiII 4399.765 1.237 -1.200  58.7  2.7  3.577  0.023  0.012 -0.027  0.000 0.100 0.000   27.398
1336_6432  TiII 4443.801 1.080 -0.710  82.4  3.9  3.625  0.025  0.010 -0.054  0.000 0.137 0.000   12.307
1336_6432  TiII 4450.482 1.084 -1.520  40.9  2.0  3.516  0.024  0.011 -0.013  0.001 0.073 0.000   53.263
1336_6432  TiII 4468.507 1.131 -0.630  78.0  3.7  3.472  0.024  0.011 -0.050 -0.001 0.131 0.000   15.078
1336_6432  TiII 5129.156 1.892 -1.340  15.4  0.8  3.522  0.017  0.012 -0.003  0.000 0.041 0.000  255.841
1336_6432  TiII 5336.789 1.582 -1.600  16.5  0.8  3.515  0.020  0.012 -0.004  0.001 0.041 0.000  209.314
1336_6432   CrI 4254.336 0.000 -0.090  76.4  3.6  3.970  0.062 -0.003 -0.053  0.001 0.132 0.000   18.621
1336_6432   CrI 5206.037 0.941  0.019  51.6  2.4  3.959  0.052 -0.001 -0.022  0.001 0.088 0.000   51.926
1336_6432   CrI 5296.700 0.980 -1.360   3.2  0.3  3.852  0.053 -0.001 -0.001  0.002 0.048 0.000  162.099
1336_6432   MnI 4783.415 2.298 -1.560   9.6  0.6  3.507  0.044  0.000 -0.001  0.002 0.039 0.022  171.202
1336_6432   MnI 4823.515 2.319 -2.980   9.2  0.6  3.415  0.044 -0.001 -0.001  0.001 0.041 0.022  161.941
1336_6432   FeI 4071.738 1.608 -0.022 121.4  5.6  6.012  0.073 -0.015 -0.038  0.001 0.102 0.049  -18.704
1336_6432   FeI 4143.415 3.047 -0.210  45.5  2.2  5.774  0.043 -0.002 -0.018  0.002 0.079 0.049   20.175
1336_6432   FeI 4143.868 1.557 -0.511  94.2  4.4  5.889  0.064 -0.008 -0.056  0.002 0.125 0.049   -4.848
1336_6432   FeI 4147.669 1.485 -2.104  28.3  1.4  5.865  0.055 -0.001 -0.009  0.002 0.055 0.049  -20.203
1336_6432   FeI 4154.499 2.831 -0.688  32.6  1.6  5.709  0.043 -0.001 -0.010  0.001 0.065 0.049   22.269
1336_6432   FeI 4154.806 3.368 -0.400  25.0  1.3  5.772  0.039 -0.001 -0.006  0.001 0.049 0.049   45.665
1336_6432   FeI 4156.799 2.831 -0.809  34.2  1.7  5.848  0.043  0.000 -0.011  0.002 0.062 0.049   21.355
1336_6432   FeI 4187.039 2.449 -0.560  57.5  2.7  5.907  0.050 -0.003 -0.025  0.002 0.088 0.049    5.741
1336_6432   FeI 4187.795 2.425 -0.554  61.3  2.9  5.807  0.051 -0.004 -0.028  0.001 0.094 0.049    6.085
1336_6432   FeI 4191.431 2.469 -0.666  52.0  2.5  5.836  0.049 -0.003 -0.021  0.001 0.084 0.049    7.997
1336_6432   FeI 4199.095 3.047  0.170  63.7  3.0  5.816  0.042 -0.001 -0.039  0.001 0.113 0.049   16.193
1336_6432   FeI 4202.029 1.485 -0.708  89.8  4.2  5.941  0.061 -0.007 -0.057  0.002 0.130 0.049   -1.904
1336_6432   FeI 4216.184 0.000 -3.356  38.8  1.9  5.920  0.069 -0.001 -0.013  0.002 0.077 0.049  -46.625
1336_6432   FeI 4222.213 2.449 -0.967  41.8  2.0  5.904  0.048 -0.002 -0.014  0.002 0.066 0.049    9.234
1336_6432   FeI 4233.603 2.482 -0.600  59.5  2.8  5.937  0.050 -0.003 -0.027  0.001 0.090 0.049    6.859
1336_6432   FeI 4238.810 3.396 -0.233  33.8  1.6  5.935  0.039 -0.001 -0.009  0.001 0.053 0.049   43.851
1336_6432   FeI 4250.119 2.469 -0.405  63.6  3.0  5.820  0.051 -0.004 -0.030  0.001 0.096 0.049    6.356
1336_6432   FeI 4250.787 1.557 -0.714  84.1  3.9  5.954  0.059 -0.006 -0.057  0.001 0.132 0.049    0.251
1336_6432   FeI 4260.474 2.399  0.077  84.3  3.9  5.730  0.058 -0.009 -0.039  0.001 0.102 0.049    0.381
1336_6432   FeI 4271.154 2.449 -0.349  74.1  3.4  5.877  0.054 -0.007 -0.037  0.001 0.102 0.049    4.660
1336_6432   FeI 4271.761 1.485 -0.164 123.3  5.7  6.003  0.075 -0.014 -0.039  0.001 0.103 0.049  -22.058
1336_6432   FeI 4282.403 2.176 -0.779  58.4  2.7  5.806  0.048  0.000 -0.034  0.001 0.111 0.049    6.991
1336_6432   FeI 4375.930 0.000 -3.031  56.1  2.7  5.959  0.066  0.001 -0.033  0.002 0.107 0.049  -20.337
1336_6432   FeI 4383.545 1.485  0.200 128.7  5.9  5.726  0.076 -0.015 -0.036  0.001 0.093 0.049  -27.461
1336_6432   FeI 4404.750 1.557 -0.142 125.2  5.8  6.010  0.074 -0.014 -0.038  0.001 0.103 0.049  -20.616
1336_6432   FeI 4427.310 0.052 -3.044  58.5  2.8  5.942  0.067 -0.002 -0.033  0.002 0.109 0.049  -19.304
1336_6432   FeI 4442.339 2.198 -1.255  39.2  1.9  5.725  0.049  0.000 -0.012  0.002 0.074 0.049    1.922
1336_6432   FeI 4461.653 0.087 -3.210  36.4  1.8  5.788  0.068 -0.001 -0.012  0.001 0.080 0.049  -40.747
1336_6432   FeI 4466.552 2.831 -0.600  46.6  2.2  5.924  0.041  0.000 -0.022  0.001 0.078 0.049   24.912
1336_6432   FeI 4494.563 2.198 -1.140  43.6  2.1  5.816  0.049 -0.001 -0.016  0.001 0.076 0.049    5.105
1336_6432   FeI 4800.649 4.143 -1.029   2.4  0.3  5.963  0.032  0.000  0.000  0.001 0.061 0.049   55.086
1336_6432   FeI 4872.138 2.882 -0.567  37.1  1.8  5.800  0.044 -0.002 -0.010  0.001 0.063 0.049   22.209
1336_6432   FeI 4890.755 2.875 -0.380  53.6  2.5  5.917  0.045 -0.003 -0.021  0.001 0.077 0.049   18.830
1336_6432   FeI 4891.492 2.851 -0.112  62.4  2.9  5.804  0.048 -0.004 -0.027  0.002 0.090 0.049   11.328
1336_6432   FeI 4918.994 2.865 -0.342  53.2  2.5  5.836  0.046 -0.002 -0.020  0.002 0.079 0.049   13.667
1336_6432   FeI 4920.503 2.832  0.068  78.6  3.6  5.919  0.052 -0.007 -0.035  0.001 0.099 0.049    7.785
1336_6432   FeI 4939.686 0.859 -3.340   9.9  0.6  5.899  0.061  0.000 -0.003  0.002 0.040 0.049  -64.778
1336_6432   FeI 4957.299 2.851 -0.408  48.4  2.3  5.862  0.045 -0.002 -0.017  0.001 0.074 0.049   17.698
1336_6432   FeI 4973.102 3.960 -0.690   6.2  0.5  5.845  0.034  0.000 -0.001  0.001 0.043 0.049   70.614
1336_6432   FeI 5044.211 2.851 -2.017   2.3  0.4  5.693  0.043 -0.001 -0.001  0.001 0.081 0.049   13.694
1336_6432   FeI 5049.819 2.279 -1.355  31.1  1.5  5.838  0.048 -0.001 -0.009  0.001 0.058 0.049    7.224
1336_6432   FeI 5074.750 4.220 -0.230  15.5  0.8  5.791  0.032 -0.001 -0.003  0.001 0.040 0.049   87.954
1336_6432   FeI 5090.780 4.260 -0.490   7.2  0.5  5.901  0.030  0.000 -0.001  0.001 0.043 0.049   90.700
1336_6432   FeI 5127.359 0.915 -3.307   9.2  0.6  5.853  0.060 -0.001 -0.001  0.001 0.043 0.049  -53.203
1336_6432   FeI 5131.468 2.222 -2.515   4.1  0.4  5.841  0.049 -0.001 -0.001  0.001 0.051 0.049   -0.155
1336_6432   FeI 5133.689 4.178  0.360  27.4  1.3  5.830  0.032 -0.001 -0.007  0.001 0.048 0.049   78.203
1336_6432   FeI 5139.252 2.998 -0.730  26.4  1.3  5.887  0.042 -0.001 -0.006  0.001 0.046 0.049   34.880
1336_6432   FeI 5139.463 2.940 -0.509  40.7  1.9  5.715  0.044 -0.001 -0.013  0.001 0.069 0.049   18.714
1336_6432   FeI 5141.739 2.424 -2.238   3.7  0.4  5.756  0.047  0.000 -0.001  0.002 0.055 0.049    4.571
1336_6432   FeI 5171.596 1.485 -1.793  50.6  2.4  5.812  0.055 -0.001 -0.023  0.001 0.091 0.049   -5.878
1336_6432   FeI 5191.455 3.038 -0.551  35.4  1.7  5.911  0.042 -0.001 -0.010  0.001 0.056 0.049   30.340
1336_6432   FeI 5194.942 1.557 -2.090  29.2  1.4  5.831  0.055  0.000 -0.008  0.002 0.059 0.049  -20.116
1336_6432   FeI 5198.711 2.222 -2.135   6.7  0.4  5.711  0.049  0.000 -0.001  0.001 0.038 0.049   -2.089
1336_6432   FeI 5216.274 1.608 -2.150  24.4  1.2  5.810  0.054  0.000 -0.006  0.002 0.055 0.049  -19.240
1336_6432   FeI 5227.189 1.557 -1.228  74.4  3.5  5.804  0.057 -0.003 -0.047  0.001 0.122 0.049   -1.031
1336_6432   FeI 5232.940 2.940 -0.057  64.6  3.0  5.831  0.047 -0.004 -0.028  0.001 0.090 0.049   14.281
1336_6432   FeI 5242.491 3.634 -0.830   7.4  0.5  5.873  0.036 -0.001 -0.001  0.001 0.039 0.049   67.444
1336_6432   FeI 5250.646 2.198 -2.181   9.9  0.6  5.806  0.049 -0.001 -0.002  0.001 0.042 0.049    0.704
1336_6432   FeI 5253.461 3.283 -1.580   3.8  0.5  5.949  0.039  0.000  0.000  0.001 0.064 0.049   30.120
1336_6432   FeI 5263.306 3.266 -0.870  10.4  0.6  5.704  0.039  0.000 -0.002  0.001 0.041 0.049   49.305
1336_6432   FeI 5266.555 2.998 -0.385  45.1  2.1  5.864  0.043 -0.002 -0.015  0.001 0.069 0.049   24.693
1336_6432   FeI 5281.790 3.038 -0.834  22.7  1.2  5.864  0.042 -0.001 -0.005  0.001 0.048 0.049   33.095
1336_6432   FeI 5307.361 1.608 -2.987   6.8  0.5  6.013  0.054  0.000 -0.001  0.002 0.041 0.049  -29.294
1336_6432   FeI 5328.038 0.915 -1.466  93.9  4.4  6.050  0.068 -0.006 -0.059 -0.001 0.131 0.049   -8.041
1336_6432   FeI 5328.531 1.557 -1.850  39.3  1.8  5.776  0.054  0.000 -0.014  0.002 0.074 0.049  -10.351
1336_6432   FeI 5339.929 3.266 -0.630  24.9  1.2  5.887  0.040  0.000 -0.006  0.002 0.046 0.049   40.429
1336_6432   FeI 5473.900 4.154 -0.720   3.9  0.5  5.791  0.032  0.000  0.000  0.001 0.064 0.049   52.491
1336_6432   FeI 5497.516 1.011 -2.849  19.7  1.0  5.793  0.059  0.000 -0.005  0.002 0.050 0.049  -42.571
1336_6432   FeI 5501.465 0.958 -3.047  16.9  0.9  5.911  0.060 -0.001 -0.004  0.001 0.043 0.049  -51.737
1336_6432   FeI 5506.779 0.990 -2.797  22.8  1.1  5.858  0.060 -0.001 -0.006  0.001 0.051 0.049  -42.354
1336_6432   FeI 5569.618 3.417 -0.520  21.6  1.1  5.791  0.038  0.000 -0.004  0.002 0.046 0.049   48.270
1336_6432   FeI 5572.842 3.396 -0.280  33.7  1.6  5.855  0.040 -0.001 -0.009  0.001 0.055 0.049   38.137
1336_6432   FeI 5586.756 3.368 -0.110  41.9  2.0  5.816  0.040 -0.002 -0.012  0.002 0.064 0.049   33.828
1336_6432   FeI 5701.544 2.560 -2.216   4.8  0.5  5.861  0.045  0.000 -0.001  0.001 0.054 0.049   14.033
1336_6432   FeI 6213.430 2.223 -2.482   4.4  0.5  5.894  0.049  0.000 -0.001  0.002 0.058 0.049   -2.813
1336_6432   FeI 6219.281 2.198 -2.433   6.3  0.6  5.922  0.049  0.000 -0.002  0.002 0.051 0.049   -2.492
1336_6432   FeI 6230.723 2.559 -1.281  28.5  1.4  5.830  0.046  0.000 -0.008  0.001 0.053 0.049   14.229
1336_6432   FeI 6246.318 3.603 -0.770  12.3  0.8  5.921  0.037 -0.001 -0.003  0.001 0.041 0.049   61.135
1336_6432   FeI 6252.555 2.404 -1.687  19.3  1.0  5.933  0.048 -0.001 -0.005  0.001 0.044 0.049    7.124
1336_6432   FeI 6336.824 3.686 -0.850   7.0  0.5  5.827  0.036  0.000 -0.002  0.001 0.043 0.049   62.121
1336_6432   FeI 6393.601 2.433 -1.576  21.3  1.1  5.876  0.046  0.001 -0.006  0.001 0.045 0.049   13.914
1336_6432   FeI 6411.649 3.654 -0.590  15.8  0.9  5.936  0.036  0.000 -0.004  0.001 0.041 0.049   65.740
1336_6432   FeI 6421.350 2.279 -2.027  12.2  0.8  5.862  0.048 -0.001 -0.003  0.001 0.045 0.049    5.768
1336_6432   FeI 6430.846 2.176 -2.006  14.0  0.8  5.828  0.049 -0.001 -0.003  0.001 0.042 0.049    1.150
1336_6432  FeII 4178.862 2.583 -2.510  28.7  1.4  5.752  0.010  0.012 -0.009  0.000 0.053 0.033  152.009
1336_6432  FeII 4233.172 2.583 -1.970  65.9  3.1  5.840  0.010  0.012 -0.040  0.001 0.110 0.033   31.161
1336_6432  FeII 4923.927 2.891 -1.260  81.7  3.8  5.820  0.009  0.010 -0.051  0.000 0.124 0.033   25.582
1336_6432  FeII 4993.350 2.810 -3.620   3.0  0.4  5.830  0.008  0.012  0.000  0.001 0.067 0.033  116.951
1336_6432  FeII 5018.440 2.891 -1.100  92.4  4.3  5.893  0.010  0.009 -0.053  0.000 0.127 0.033   24.931
1336_6432  FeII 5197.577 3.230 -2.220  22.3  1.1  5.756  0.004  0.013 -0.006  0.001 0.045 0.033  211.099
1336_6432  FeII 5234.630 3.220 -2.180  27.6  1.3  5.785  0.004  0.012 -0.007  0.000 0.049 0.033  193.421
1336_6432  FeII 5325.560 3.220 -3.160   4.7  0.5  5.931  0.005  0.012 -0.001  0.000 0.055 0.033  170.980
1336_6432  FeII 5534.850 3.240 -2.750   8.1  0.6  5.748  0.005  0.012 -0.002  0.001 0.044 0.033  219.803
1336_6432  FeII 6149.250 3.890 -2.690   3.9  0.4  5.866  0.000  0.013  0.000  0.001 0.053 0.033  186.739
1336_6432   NiI 4829.030 3.540 -0.330   3.6  0.5  4.456  0.035  0.000 -0.001  0.001 0.068 0.075   44.170
1336_6432   NiI 4831.180 3.610 -0.380   3.9  0.5  4.630  0.034  0.000 -0.001  0.002 0.066 0.075   46.298
1336_6432   NiI 4904.420 3.540 -0.190   6.2  0.5  4.533  0.035  0.000 -0.001  0.001 0.045 0.075   58.975
1336_6432   NiI 5035.370 3.630  0.120   8.5  0.5  4.458  0.034  0.000 -0.002  0.001 0.037 0.075   67.619
1336_6432   NiI 5081.120 3.850  0.220   6.6  0.5  4.425  0.033  0.000 -0.001  0.001 0.043 0.075   64.447
1336_6432   NiI 5084.100 3.680 -0.040   6.4  0.5  4.499  0.033  0.000 -0.001  0.001 0.043 0.075   64.852
1336_6432   NiI 5099.940 3.680 -0.180   3.2  0.4  4.392  0.034  0.000  0.000  0.001 0.061 0.075   50.137
1336_6432   NiI 5115.400 3.830 -0.140   5.3  0.5  4.678  0.032  0.001 -0.001  0.001 0.048 0.075   62.295
1336_6432   ZnI 4722.160 4.030 -0.390   5.4  0.5  2.912  0.033  0.002 -0.001  0.001 0.050 0.000  199.434
1336_6432   ZnI 4810.540 4.080 -0.170   7.4  0.6  2.900  0.032  0.003 -0.002  0.001 0.047 0.000  234.057
1336_6432   YII 4883.690 1.080  0.070   5.4  0.5  0.382  0.026  0.011 -0.001  0.001 0.051 0.000  273.063
1336_6432  BaII 4934.100 0.000 -1.151  64.3  2.9  0.125  0.044  0.011 -0.009 -0.002 0.108 0.000   22.786
1336_6432  BaII 5853.700 0.604 -2.463   4.5  0.4  0.130  0.035  0.010 -0.002  0.002 0.049 0.000  151.513
1336_6432  BaII 6141.700 0.704 -2.855  25.7  1.3  0.077  0.035  0.010 -0.010  0.000 0.066 0.000   89.504
1336_6432  BaII 6496.896 0.604 -1.623  18.3  1.0  0.091  0.035  0.010 -0.006  0.002 0.057 0.000  112.647
2657_5888   NaI 5682.633 2.102 -0.706  12.3  1.0  4.686  0.082  0.000 -0.000  0.000 0.049 0.000   96.547
2657_5888   NaI 5688.227 2.100 -1.453  24.9  1.3  4.726  0.087 -0.001 -0.004  0.002 0.035 0.000  200.575
2657_5888   NaI 5889.959 0.000 -0.193 423.3 19.6  4.785  0.189 -0.025 -0.011  0.014 0.082 0.000  -55.366
2657_5888   NaI 5895.910 0.000 -0.575 310.7 14.3  4.603  0.189 -0.026 -0.014  0.014 0.085 0.000  -45.567
2657_5888   MgI 5528.405 4.346 -0.547 190.7  8.9  6.431  0.126 -0.022 -0.014  0.011 0.067 0.000   17.828
2657_5888   MgI 5711.100 4.340 -1.842  48.4  2.4  6.526  0.096 -0.004 -0.014  0.004 0.040 0.000  117.623
2657_5888   SiI 5690.430 4.930 -1.880   9.5  0.9  6.470  0.028  0.008 -0.004  0.004 0.052 0.000  185.946
2657_5888   SiI 6145.020 5.610 -1.460   5.7  0.7  6.575  0.014  0.007  0.000  0.002 0.072 0.000  130.032
2657_5888   SiI 6237.330 5.610 -1.150  11.3  0.9  6.493  0.014  0.007 -0.000  0.002 0.047 0.000  307.958
2657_5888   SiI 6243.820 5.610 -1.330   6.3  0.6  6.418  0.014  0.007  0.000  0.002 0.063 0.000  171.649
2657_5888   CaI 5265.556 2.523 -0.260  80.0  3.7  5.436  0.138 -0.016 -0.078  0.007 0.065 0.042   48.459
2657_5888   CaI 5512.990 2.930 -0.300  37.4  1.9  5.288  0.101 -0.004 -0.014  0.002 0.040 0.042   22.706
2657_5888   CaI 5581.980 2.520 -0.710  55.6  2.7  5.360  0.124 -0.009 -0.064  0.004 0.055 0.042   52.875
2657_5888   CaI 5588.749 2.526  0.210 110.6  5.2  5.258  0.145 -0.022 -0.064  0.011 0.081 0.042   22.386
2657_5888   CaI 5590.130 2.520 -0.710  57.0  2.7  5.417  0.126 -0.009 -0.064  0.005 0.055 0.042   49.865
2657_5888   CaI 5594.462 2.523 -0.050  97.7  4.6  5.427  0.145 -0.020 -0.071  0.009 0.072 0.042   30.084
2657_5888   CaI 5857.451 2.933  0.230 100.5  4.6  5.390  0.131 -0.020 -0.032  0.009 0.056 0.042   13.496
2657_5888   CaI 6102.723 1.879 -0.793 104.6  4.8  5.319  0.161 -0.021 -0.039  0.011 0.060 0.042  -34.944
2657_5888   CaI 6166.440 2.520 -0.900  27.6  1.4  5.306  0.110 -0.003 -0.011  0.004 0.040 0.042  -15.124
2657_5888   CaI 6169.040 2.520 -0.540  50.1  2.4  5.321  0.122 -0.009 -0.025  0.005 0.043 0.042   -2.214
2657_5888   CaI 6169.560 2.520 -0.270  75.9  3.6  5.349  0.133 -0.015 -0.032  0.007 0.052 0.042   -4.353
2657_5888   CaI 6439.075 2.526  0.470 143.6  6.6  5.390  0.150 -0.025 -0.046  0.012 0.082 0.042    4.016
2657_5888   CaI 6493.781 2.521  0.140  85.6  4.0  5.356  0.143 -0.019 -0.074  0.007 0.068 0.042   38.091
2657_5888   TiI 4820.410 1.500 -0.380  15.6  1.1  3.815  0.157  0.001 -0.018  0.002 0.046 0.099    4.275
2657_5888   TiI 4913.620 1.870  0.220  16.8  1.2  3.766  0.145  0.001 -0.018  0.002 0.049 0.099   10.458
2657_5888   TiI 4981.731 0.848  0.570  96.8  4.6  3.963  0.213 -0.020 -0.099  0.011 0.074 0.099   15.441
2657_5888   TiI 4991.065 0.836  0.450  96.6  4.6  4.046  0.215 -0.020 -0.102  0.011 0.073 0.099   15.775
2657_5888   TiI 4999.510 0.830  0.320  77.3  3.7  3.841  0.208 -0.015 -0.120  0.009 0.074 0.099   21.847
2657_5888   TiI 5016.170 0.850 -0.480  34.3  1.8  3.857  0.185 -0.002 -0.049  0.002 0.047 0.099    3.465
2657_5888   TiI 5022.870 0.830 -0.330  35.4  1.8  3.714  0.187 -0.002 -0.053  0.004 0.046 0.099    4.246
2657_5888   TiI 5024.850 0.820 -0.530  30.2  1.6  3.665  0.185 -0.001 -0.039  0.002 0.045 0.099   -1.424
2657_5888   TiI 5039.960 0.020 -1.080  44.4  2.2  3.702  0.215 -0.004 -0.085  0.004 0.053 0.099    2.778
2657_5888   TiI 5147.480 0.000 -1.940  15.1  1.0  3.956  0.206  0.001 -0.018  0.002 0.067 0.099  -19.169
2657_5888   TiI 5192.980 0.020 -0.950  46.2  2.3  3.627  0.217 -0.004 -0.088  0.004 0.056 0.099    2.860
2657_5888   TiI 5210.390 0.050 -0.820  54.1  2.6  3.710  0.222 -0.007 -0.113  0.004 0.064 0.099   10.183
2657_5888   TiI 5866.420 1.070 -0.790  21.3  1.2  3.796  0.175  0.000 -0.025  0.002 0.045 0.099   -2.646
2657_5888   TiI 6258.110 1.440 -0.390  22.4  1.2  3.856  0.166 -0.002 -0.025  0.002 0.043 0.099    3.683
2657_5888   TiI 6258.710 1.460 -0.280  27.6  1.4  3.882  0.166 -0.002 -0.028  0.004 0.041 0.099    5.874
2657_5888   TiI 6261.110 1.430 -0.530  18.3  1.0  3.943  0.166 -0.001 -0.018  0.002 0.042 0.099    0.160
2657_5888  TiII 4053.821 1.893 -1.070  30.9  2.2  3.704  0.021  0.020 -0.049  0.009 0.063 0.099   50.344
2657_5888  TiII 4320.950 1.165 -1.880  31.4  1.9  3.533  0.035  0.021 -0.049  0.011 0.060 0.099   56.034
2657_5888  TiII 4394.059 1.221 -1.770  48.7  2.6  3.866  0.044  0.016 -0.106  0.012 0.072 0.099   23.109
2657_5888  TiII 4443.801 1.080 -0.710  92.4  4.4  3.571  0.080  0.002 -0.127  0.016 0.120 0.099   12.687
2657_5888  TiII 4450.482 1.084 -1.520  57.4  2.9  3.673  0.054  0.013 -0.134  0.012 0.091 0.099    9.690
2657_5888  TiII 4468.507 1.131 -0.630  96.4  4.6  3.593  0.080  0.001 -0.120  0.016 0.117 0.099   15.258
2657_5888  TiII 5129.156 1.892 -1.340  32.6  1.8  3.842  0.021  0.019 -0.049  0.011 0.051 0.099   54.459
2657_5888  TiII 5336.789 1.582 -1.600  27.2  1.4  3.616  0.026  0.020 -0.039  0.011 0.047 0.099   65.220
2657_5888   CrI 5206.037 0.941  0.019 176.1  8.2  4.424  0.213 -0.024 -0.035  0.014 0.087 0.047    1.552
2657_5888   CrI 5296.700 0.980 -1.360  43.5  2.1  4.285  0.187 -0.004 -0.074  0.004 0.050 0.047   50.597
2657_5888   CrI 5300.750 0.980 -2.000  16.8  1.0  4.419  0.173  0.001 -0.021  0.004 0.041 0.047    3.382
2657_5888   MnI 4783.415 2.298 -1.560  60.2  3.0  3.774  0.159 -0.004 -0.046  0.005 0.054 0.000   31.257
2657_5888   MnI 4823.515 2.319 -2.980  59.3  2.9  3.736  0.166 -0.007 -0.060  0.005 0.056 0.000   46.193
2657_5888   FeI 4118.545 3.573  0.270  77.9  4.0  6.043  0.138 -0.016 -0.124  0.009 0.090 0.114   25.003
2657_5888   FeI 4134.678 2.831 -0.649  72.5  3.8  5.903  0.159 -0.015 -0.134  0.009 0.091 0.114   18.732
2657_5888   FeI 4143.868 1.557 -0.511 277.6 13.0  5.876  0.203 -0.024 -0.014  0.018 0.090 0.114  -14.069
2657_5888   FeI 4154.806 3.368 -0.400  78.2  4.0  5.997  0.145 -0.015 -0.064  0.011 0.066 0.114   14.486
2657_5888   FeI 4156.799 2.831 -0.809  67.4  3.4  5.862  0.157 -0.012 -0.141  0.009 0.087 0.114   20.805
2657_5888   FeI 4175.636 2.845 -0.827  67.0  3.5  5.898  0.154 -0.012 -0.141  0.009 0.086 0.114   21.846
2657_5888   FeI 4181.755 2.831 -0.371 111.3  5.4  6.162  0.166 -0.020 -0.078  0.012 0.093 0.114    8.564
2657_5888   FeI 4187.795 2.425 -0.554 194.4  9.2  6.089  0.180 -0.024 -0.021  0.016 0.085 0.114   -4.824
2657_5888   FeI 4233.603 2.482 -0.600 131.8  6.3  5.878  0.178 -0.021 -0.039  0.014 0.085 0.114   -1.730
2657_5888   FeI 4238.810 3.396 -0.233  84.4  4.2  6.050  0.145 -0.016 -0.064  0.011 0.067 0.114   14.816
2657_5888   FeI 4250.787 1.557 -0.714 209.0  9.8  5.929  0.203 -0.022 -0.025  0.016 0.102 0.114  -11.648
2657_5888   FeI 4375.930 0.000 -3.031 130.0  6.2  5.998  0.248 -0.020 -0.078  0.016 0.103 0.114  -18.277
2657_5888   FeI 4427.310 0.052 -3.044 139.1  6.6  5.934  0.248 -0.022 -0.064  0.016 0.103 0.114  -19.943
2657_5888   FeI 4442.339 2.198 -1.255 118.2  5.6  6.072  0.182 -0.019 -0.064  0.012 0.082 0.114   -0.009
2657_5888   FeI 4494.563 2.198 -1.140 109.0  5.2  5.983  0.182 -0.018 -0.071  0.012 0.084 0.114    0.903
2657_5888   FeI 4788.757 3.236 -1.763  18.7  1.2  6.003  0.119  0.003 -0.028  0.002 0.048 0.114   11.327
2657_5888   FeI 4800.649 4.143 -1.029  14.8  1.2  6.232  0.091  0.002 -0.011  0.002 0.049 0.114   21.492
2657_5888   FeI 4871.318 2.865 -0.340 175.4  8.1  6.301  0.171 -0.024 -0.025  0.014 0.073 0.114   -0.960
2657_5888   FeI 4872.138 2.882 -0.567 124.7  5.8  6.126  0.168 -0.022 -0.046  0.014 0.070 0.114    3.932
2657_5888   FeI 4890.755 2.875 -0.380 160.9  7.5  6.177  0.171 -0.024 -0.032  0.014 0.076 0.114    0.446
2657_5888   FeI 4891.492 2.851 -0.112 209.7  9.7  6.147  0.171 -0.024 -0.021  0.014 0.083 0.114   -1.538
2657_5888   FeI 4918.994 2.865 -0.342 151.5  7.1  6.044  0.171 -0.024 -0.035  0.014 0.079 0.114    1.110
2657_5888   FeI 4920.503 2.832  0.068 285.5 13.2  6.227  0.173 -0.024 -0.011  0.014 0.082 0.114   -4.439
2657_5888   FeI 4924.769 2.279 -2.114  47.6  2.3  6.147  0.161 -0.004 -0.088  0.005 0.053 0.114    8.447
2657_5888   FeI 4939.686 0.859 -3.340  66.4  3.2  6.205  0.217 -0.010 -0.166  0.007 0.074 0.114    1.670
2657_5888   FeI 4950.106 3.417 -1.500  24.5  1.4  6.158  0.117  0.000 -0.018  0.004 0.046 0.114   11.896
2657_5888   FeI 4957.299 2.851 -0.408 125.1  5.9  5.968  0.171 -0.021 -0.046  0.014 0.076 0.114    2.387
2657_5888   FeI 4962.572 4.178 -1.182  15.9  1.2  6.285  0.091  0.002 -0.011  0.002 0.047 0.114   21.718
2657_5888   FeI 4973.102 3.960 -0.690  36.8  1.9  6.189  0.108 -0.002 -0.032  0.004 0.042 0.114   21.567
2657_5888   FeI 5044.211 2.851 -2.017  26.1  1.5  6.063  0.133  0.001 -0.025  0.004 0.040 0.114    4.961
2657_5888   FeI 5049.819 2.279 -1.355  94.8  4.4  6.121  0.185 -0.018 -0.095  0.012 0.075 0.114    4.894
2657_5888   FeI 5074.750 4.220 -0.230  53.2  2.6  5.983  0.110 -0.008 -0.039  0.005 0.050 0.114   23.856
2657_5888   FeI 5090.780 4.260 -0.490  35.4  1.9  6.180  0.098 -0.002 -0.025  0.004 0.044 0.114   24.384
2657_5888   FeI 5127.359 0.915 -3.307  54.4  2.7  5.923  0.208 -0.006 -0.138  0.005 0.069 0.114   -2.048
2657_5888   FeI 5131.468 2.222 -2.515  35.0  1.8  6.070  0.157  0.000 -0.053  0.004 0.047 0.114    0.280
2657_5888   FeI 5133.689 4.178  0.360  64.7  3.1  5.871  0.117 -0.011 -0.049  0.009 0.057 0.114   23.752
2657_5888   FeI 5141.739 2.424 -2.238  35.7  1.8  6.082  0.152 -0.001 -0.057  0.005 0.046 0.114    4.328
2657_5888   FeI 5187.914 4.143 -1.371   7.6  0.8  6.082  0.091  0.003 -0.004  0.002 0.063 0.114   17.480
2657_5888   FeI 5191.455 3.038 -0.551 111.4  5.2  6.157  0.166 -0.020 -0.049  0.012 0.065 0.114    4.713
2657_5888   FeI 5194.942 1.557 -2.090  85.8  4.0  5.972  0.206 -0.017 -0.127  0.011 0.080 0.114    1.731
2657_5888   FeI 5198.711 2.222 -2.135  67.5  3.3  6.373  0.178 -0.012 -0.117  0.009 0.065 0.114   10.102
2657_5888   FeI 5216.274 1.608 -2.150  83.2  3.9  6.015  0.203 -0.016 -0.131  0.011 0.077 0.114    2.992
2657_5888   FeI 5225.526 0.110 -4.789  34.0  1.7  6.088  0.222  0.001 -0.067  0.004 0.048 0.114  -29.623
2657_5888   FeI 5227.189 1.557 -1.228 176.6  8.2  5.808  0.210 -0.024 -0.039  0.016 0.102 0.114  -11.404
2657_5888   FeI 5232.940 2.940 -0.057 235.1 10.9  6.239  0.171 -0.024 -0.018  0.014 0.080 0.114   -2.232
2657_5888   FeI 5242.491 3.634 -0.830  34.8  1.8  6.087  0.117 -0.001 -0.053  0.004 0.046 0.114   20.956
2657_5888   FeI 5247.060 0.087 -4.946  28.1  1.5  6.023  0.220  0.003 -0.049  0.004 0.049 0.114  -33.512
2657_5888   FeI 5250.209 0.121 -4.938  29.4  1.6  6.115  0.217  0.002 -0.053  0.004 0.046 0.114  -31.576
2657_5888   FeI 5250.646 2.198 -2.181  62.0  3.0  6.167  0.175 -0.010 -0.113  0.007 0.064 0.114    9.329
2657_5888   FeI 5253.461 3.283 -1.580  24.3  1.4  6.115  0.122  0.001 -0.018  0.004 0.040 0.114    9.349
2657_5888   FeI 5263.306 3.266 -0.870  68.7  3.3  6.161  0.145 -0.012 -0.057  0.009 0.054 0.114   12.880
2657_5888   FeI 5266.555 2.998 -0.385 102.0  4.8  5.824  0.166 -0.020 -0.057  0.012 0.074 0.114    5.815
2657_5888   FeI 5281.790 3.038 -0.834  79.9  3.8  6.041  0.159 -0.015 -0.064  0.011 0.061 0.114    8.615
2657_5888   FeI 5288.524 3.695 -1.490  11.4  0.9  6.114  0.105  0.003 -0.014  0.002 0.050 0.114   14.761
2657_5888   FeI 5307.361 1.608 -2.987  41.8  2.1  6.055  0.180 -0.002 -0.081  0.005 0.051 0.114   -3.307
2657_5888   FeI 5322.040 2.279 -2.803  16.2  1.0  6.096  0.147  0.003 -0.018  0.004 0.044 0.114   -5.123
2657_5888   FeI 5328.038 0.915 -1.466 275.6 12.7  5.965  0.227 -0.024 -0.021  0.018 0.097 0.114  -20.132
2657_5888   FeI 5328.531 1.557 -1.850 105.3  4.9  5.950  0.208 -0.020 -0.095  0.012 0.087 0.114   -3.558
2657_5888   FeI 5339.929 3.266 -0.630  86.3  4.1  6.102  0.154 -0.016 -0.057  0.011 0.060 0.114    9.728
2657_5888   FeI 5473.900 4.154 -0.720  24.0  1.3  6.103  0.096  0.000 -0.018  0.004 0.039 0.114   23.482
2657_5888   FeI 5497.516 1.011 -2.849  90.7  4.3  6.166  0.224 -0.017 -0.134  0.011 0.077 0.114   -4.459
2657_5888   FeI 5501.465 0.958 -3.047  83.9  4.0  6.252  0.224 -0.016 -0.145  0.011 0.074 0.114   -2.858
2657_5888   FeI 5506.779 0.990 -2.797  90.8  4.3  6.146  0.227 -0.017 -0.131  0.011 0.077 0.114   -6.056
2657_5888   FeI 5567.391 2.609 -2.671  14.6  0.9  6.171  0.138  0.003 -0.018  0.004 0.047 0.114   -0.312
2657_5888   FeI 5569.618 3.417 -0.520  99.6  4.7  6.231  0.152 -0.019 -0.049  0.012 0.060 0.114   10.919
2657_5888   FeI 5572.842 3.396 -0.280 140.2  6.6  6.358  0.157 -0.022 -0.035  0.014 0.064 0.114    7.111
2657_5888   FeI 5586.756 3.368 -0.110 154.0  7.2  6.249  0.159 -0.024 -0.032  0.014 0.069 0.114    5.502
2657_5888   FeI 5686.530 4.549 -0.446  17.1  1.0  6.098  0.082  0.001 -0.011  0.002 0.039 0.114   28.253
2657_5888   FeI 5701.544 2.560 -2.216  33.7  1.7  6.035  0.147 -0.001 -0.049  0.004 0.044 0.114    4.735
2657_5888   FeI 5717.833 4.284 -0.960  13.5  1.0  6.197  0.089  0.002 -0.011  0.002 0.046 0.114   23.126
2657_5888   FeI 6003.020 3.880 -1.100  24.5  1.3  6.165  0.105  0.000 -0.014  0.004 0.037 0.114   17.840
2657_5888   FeI 6027.050 4.076 -1.089  15.5  1.0  5.990  0.096  0.002 -0.011  0.002 0.042 0.114   20.047
2657_5888   FeI 6151.615 2.223 -3.573  12.7  0.8  6.189  0.152  0.003 -0.014  0.004 0.057 0.114   -7.736
2657_5888   FeI 6165.360 4.143 -1.474   6.2  0.6  6.231  0.091  0.002 -0.004  0.002 0.082 0.114   15.527
2657_5888   FeI 6173.335 2.222 -2.880  29.2  1.5  6.258  0.157  0.001 -0.042  0.004 0.045 0.114   -2.806
2657_5888   FeI 6180.204 2.728 -2.649  15.7  0.9  6.204  0.136  0.002 -0.018  0.004 0.045 0.114    1.387
2657_5888   FeI 6200.313 2.609 -2.437  26.6  1.3  6.164  0.145  0.000 -0.035  0.004 0.046 0.114    1.933
2657_5888   FeI 6213.430 2.223 -2.482  39.8  2.0  6.180  0.161 -0.002 -0.067  0.004 0.049 0.114    2.301
2657_5888   FeI 6219.281 2.198 -2.433  51.0  2.4  6.270  0.173 -0.004 -0.095  0.005 0.055 0.114    4.340
2657_5888   FeI 6230.723 2.559 -1.281 112.0  5.2  6.334  0.182 -0.020 -0.074  0.012 0.068 0.114    2.637
2657_5888   FeI 6246.318 3.603 -0.770  71.2  3.3  6.340  0.138 -0.013 -0.049  0.009 0.049 0.114   15.669
2657_5888   FeI 6265.134 2.176 -2.550  49.7  2.4  6.403  0.173 -0.004 -0.095  0.005 0.054 0.114    4.378
2657_5888   FeI 6335.330 2.200 -2.177  58.3  2.7  6.196  0.178 -0.008 -0.110  0.005 0.059 0.114    6.558
2657_5888   FeI 6336.824 3.686 -0.850  48.2  2.3  6.207  0.124 -0.007 -0.035  0.007 0.044 0.114   16.527
2657_5888   FeI 6355.029 2.845 -2.291  19.8  1.1  6.094  0.133  0.001 -0.021  0.004 0.043 0.114    3.999
2657_5888   FeI 6358.690 0.859 -4.468  26.9  1.4  6.206  0.199  0.001 -0.042  0.004 0.044 0.114  -24.432
2657_5888   FeI 6393.601 2.433 -1.576  87.1  4.0  6.244  0.182 -0.017 -0.099  0.011 0.065 0.114    6.344
2657_5888   FeI 6411.649 3.654 -0.590  72.7  3.4  6.248  0.138 -0.013 -0.049  0.011 0.051 0.114   15.729
2657_5888   FeI 6421.350 2.279 -2.027  78.4  3.7  6.378  0.187 -0.016 -0.110  0.011 0.065 0.114    6.059
2657_5888   FeI 6430.846 2.176 -2.006  77.8  3.6  6.277  0.187 -0.013 -0.117  0.009 0.065 0.114    6.396
2657_5888  FeII 4923.927 2.891 -1.260  75.3  3.6  5.819  0.012  0.008 -0.141  0.012 0.111 0.054  -33.202
2657_5888  FeII 5018.440 2.891 -1.100  99.4  4.7  6.038  0.021  0.003 -0.106  0.014 0.106 0.054   -4.673
2657_5888  FeII 5197.577 3.230 -2.220  25.1  1.4  5.959 -0.030  0.022 -0.039  0.009 0.051 0.054   48.368
2657_5888  FeII 5234.630 3.220 -2.180  33.1  1.7  6.066 -0.028  0.020 -0.064  0.011 0.057 0.054   -1.021
2657_5888  FeII 5284.110 2.890 -3.110   9.8  0.8  5.989 -0.023  0.024 -0.014  0.009 0.048 0.054  117.392
2657_5888  FeII 5325.560 3.220 -3.160   5.8  0.7  6.123 -0.030  0.024 -0.007  0.007 0.062 0.054   94.253
2657_5888  FeII 5534.850 3.240 -2.750   8.7  0.7  5.887 -0.033  0.024 -0.011  0.009 0.048 0.054  106.390
2657_5888  FeII 6416.930 3.890 -2.640   3.1  0.5  6.008 -0.047  0.024 -0.004  0.007 0.079 0.054   54.382
2657_5888  FeII 6432.680 2.890 -3.570   6.0  0.5  5.908 -0.028  0.024 -0.007  0.009 0.049 0.054  120.728
2657_5888   NiI 4806.990 3.680 -0.600  11.0  1.0  4.869  0.080  0.006 -0.011  0.004 0.054 0.078   21.091
2657_5888   NiI 4829.030 3.540 -0.330  22.5  1.3  4.744  0.089  0.003 -0.018  0.004 0.043 0.078   21.870
2657_5888   NiI 4831.180 3.610 -0.380  15.7  1.1  4.702  0.082  0.004 -0.011  0.004 0.048 0.078   20.972
2657_5888   NiI 4904.420 3.540 -0.190  32.4  1.7  4.797  0.091  0.001 -0.028  0.005 0.044 0.078   35.219
2657_5888   NiI 4913.980 3.740 -0.620   8.7  0.9  4.775  0.077  0.004 -0.007  0.004 0.058 0.078   20.558
2657_5888   NiI 4935.830 3.940 -0.310  13.0  1.1  4.825  0.075  0.004 -0.011  0.004 0.054 0.078   28.046
2657_5888   NiI 4937.350 3.610 -0.380  16.7  1.1  4.759  0.084  0.004 -0.011  0.004 0.042 0.078   18.927
2657_5888   NiI 4953.210 3.740 -0.610   8.5  1.0  4.734  0.077  0.006 -0.007  0.004 0.063 0.078   18.195
2657_5888   NiI 4998.230 3.610 -0.760   8.4  0.9  4.728  0.082  0.006 -0.007  0.004 0.059 0.078   13.685
2657_5888   NiI 5010.940 3.630 -0.850   6.7  0.9  4.825  0.080  0.006 -0.004  0.004 0.078 0.078   10.233
2657_5888   NiI 5035.370 3.630  0.120  40.9  2.0  4.743  0.096 -0.002 -0.035  0.005 0.043 0.078   41.249
2657_5888   NiI 5081.120 3.850  0.220  36.9  1.9  4.795  0.089  0.000 -0.032  0.005 0.043 0.078   44.137
2657_5888   NiI 5084.100 3.680 -0.040  32.7  1.7  4.771  0.089  0.001 -0.025  0.005 0.040 0.078   35.631
2657_5888   NiI 5099.940 3.680 -0.180  17.5  1.1  4.619  0.082  0.004 -0.014  0.004 0.041 0.078   26.786
2657_5888   NiI 5102.970 1.680 -2.830   6.2  0.7  4.698  0.136  0.007 -0.007  0.004 0.083 0.078  -36.747
2657_5888   NiI 5115.400 3.830 -0.140  17.9  1.1  4.716  0.080  0.004 -0.014  0.004 0.038 0.078   31.078
2657_5888   NiI 5155.770 3.900 -0.110  23.5  1.3  4.926  0.080  0.003 -0.018  0.004 0.043 0.078   34.973
2657_5888   NiI 5578.730 1.680 -2.740  12.2  0.9  4.806  0.138  0.006 -0.014  0.004 0.054 0.078  -47.139
2657_5888   NiI 5587.870 1.930 -2.410  14.1  0.9  4.957  0.131  0.006 -0.018  0.004 0.041 0.078  -40.784
2657_5888   NiI 6108.130 1.680 -2.610  17.8  1.0  4.918  0.140  0.004 -0.025  0.005 0.045 0.078  -40.665
2657_5888   NiI 6175.370 4.090 -0.510   5.8  0.7  4.827  0.070  0.004 -0.004  0.004 0.074 0.078   20.771
2657_5888   NiI 6176.820 4.090 -0.310  13.3  0.9  4.953  0.072  0.004 -0.011  0.004 0.053 0.078   31.278
2657_5888   ZnI 4722.160 4.030 -0.390  16.2  1.3  3.158  0.005  0.015 -0.018  0.005 0.050 0.000  336.893
2657_5888   ZnI 4810.540 4.080 -0.170  24.6  1.5  3.254  0.007  0.013 -0.032  0.005 0.047 0.000  334.431
2657_5888   YII 4883.690 1.080  0.070  13.3  1.1  0.515  0.040  0.021 -0.025  0.011 0.052 0.000  256.648
2657_5888  BaII 4934.100 0.000 -1.151 113.0  5.3  0.336  0.112  0.004 -0.131  0.014 0.129 0.000   19.148
2657_5888  BaII 5853.700 0.604 -2.463  20.3  1.1  0.458  0.056  0.018 -0.049  0.014 0.043 0.000  328.558
2657_5888  BaII 6141.700 0.704 -2.855  68.8  3.2  0.600  0.089  0.002 -0.145  0.018 0.079 0.000   50.515
2813_6032   NaI 5682.633 2.102 -0.706   3.0  0.4  4.477  0.023  0.000  0.000  0.001 0.067 0.089   69.924
2813_6032   NaI 5688.227 2.100 -1.453   3.8  0.3  4.296  0.023  0.001 -0.001  0.001 0.043 0.089   88.690
2813_6032   NaI 5889.959 0.000 -0.193 136.8  6.3  4.214  0.039 -0.006 -0.026  0.001 0.096 0.089   46.666
2813_6032   NaI 5895.910 0.000 -0.575 116.3  5.4  4.150  0.036 -0.004 -0.026  0.001 0.099 0.089   45.862
2813_6032   MgI 4167.271 4.346 -0.746  55.7  2.6  6.098  0.025 -0.003 -0.003  0.001 0.054 0.000  193.498
2813_6032   MgI 5167.321 2.709 -0.854 141.7  6.6  6.221  0.057 -0.014 -0.023  0.001 0.094 0.000   20.999
2813_6032   MgI 5172.684 2.712 -0.363 194.8  9.0  6.179  0.064 -0.018 -0.013  0.002 0.076 0.000    5.203
2813_6032   MgI 5183.604 2.717 -0.168 233.2 10.7  6.166  0.066 -0.020 -0.009  0.002 0.070 0.000   -2.609
2813_6032   MgI 5528.405 4.346 -0.547  70.7  3.3  6.154  0.030 -0.005 -0.012  0.001 0.067 0.000  121.741
2813_6032   MgI 5711.100 4.340 -1.842  10.0  0.6  6.150  0.025  0.000 -0.001  0.001 0.037 0.000  395.325
2813_6032   SiI 6237.330 5.610 -1.150   4.4  0.5  6.268  0.016  0.001  0.000  0.000 0.059 0.000  268.544
2813_6032   CaI 4226.728 0.000  0.244 212.1  9.8  5.110  0.075 -0.017 -0.012  0.002 0.070 0.039  -86.410
2813_6032   CaI 4283.011 1.886 -0.224  55.8  2.6  5.008  0.038 -0.002 -0.017  0.001 0.076 0.039   25.626
2813_6032   CaI 4318.652 1.899 -0.210  56.8  2.6  5.112  0.038 -0.002 -0.018  0.002 0.074 0.039   26.270
2813_6032   CaI 4425.437 1.879 -0.358  43.0  2.0  4.930  0.036 -0.002 -0.011  0.001 0.065 0.039   35.751
2813_6032   CaI 4454.779 1.899  0.258  85.6  4.0  5.047  0.045 -0.008 -0.029  0.002 0.095 0.039   13.648
2813_6032   CaI 4455.887 1.899 -0.530  34.9  1.7  4.994  0.036 -0.001 -0.008  0.001 0.054 0.039   39.253
2813_6032   CaI 5265.556 2.523 -0.260  27.1  1.3  5.029  0.030 -0.001 -0.006  0.001 0.047 0.039   82.048
2813_6032   CaI 5512.990 2.930 -0.300   7.5  0.5  4.962  0.026  0.000 -0.001  0.001 0.040 0.039  116.878
2813_6032   CaI 5581.980 2.520 -0.710  14.3  0.7  5.000  0.030  0.000 -0.003  0.001 0.038 0.039   95.505
2813_6032   CaI 5588.749 2.526  0.210  51.5  2.4  4.959  0.030 -0.001 -0.017  0.001 0.075 0.039   50.022
2813_6032   CaI 5590.130 2.520 -0.710  13.7  0.7  5.011  0.029 -0.001 -0.003  0.001 0.038 0.039  104.455
2813_6032   CaI 5594.462 2.523 -0.050  37.7  1.8  5.013  0.030 -0.001 -0.010  0.001 0.058 0.039   65.940
2813_6032   CaI 5857.451 2.933  0.230  29.9  1.4  5.019  0.028 -0.001 -0.005  0.001 0.046 0.039   94.296
2813_6032   CaI 6102.723 1.879 -0.793  28.2  1.3  5.002  0.036 -0.001 -0.005  0.001 0.047 0.039   42.191
2813_6032   CaI 6122.217 1.886 -0.315  54.2  2.5  4.968  0.039 -0.003 -0.015  0.001 0.069 0.039   25.878
2813_6032   CaI 6162.173 1.899 -0.089  62.5  2.9  4.866  0.040 -0.004 -0.018  0.001 0.078 0.039   22.506
2813_6032   CaI 6169.040 2.520 -0.540  11.3  0.6  5.065  0.030  0.000 -0.002  0.001 0.037 0.039   94.487
2813_6032   CaI 6169.560 2.520 -0.270  13.4  0.7  4.850  0.031 -0.001 -0.003  0.001 0.042 0.039   80.867
2813_6032   CaI 6439.075 2.526  0.470  58.5  2.7  4.959  0.032 -0.002 -0.022  0.001 0.082 0.039   42.729
2813_6032   TiI 4981.731 0.848  0.570  34.3  1.6  3.743  0.050  0.000 -0.009  0.002 0.053 0.000   56.808
2813_6032   TiI 4991.065 0.836  0.450  28.1  1.3  3.699  0.050 -0.001 -0.007  0.001 0.047 0.000   69.640
2813_6032   TiI 4999.510 0.830  0.320  22.7  1.1  3.666  0.050 -0.001 -0.005  0.001 0.045 0.000   70.777
2813_6032   TiI 5016.170 0.850 -0.480   4.3  0.4  3.718  0.050  0.000 -0.001  0.002 0.049 0.000   44.585
2813_6032   TiI 5022.870 0.830 -0.330   5.0  0.4  3.624  0.050 -0.001 -0.001  0.001 0.044 0.000   61.252
2813_6032   TiI 5024.850 0.820 -0.530   4.3  0.4  3.623  0.050 -0.001 -0.001  0.001 0.049 0.000   47.646
2813_6032   TiI 5039.960 0.020 -1.080   5.9  0.4  3.638  0.056  0.001 -0.001  0.002 0.039 0.000   -0.936
2813_6032   TiI 5147.480 0.000 -1.940   1.0  0.2  3.836  0.058  0.000  0.001  0.002 0.104 0.000   -3.577
2813_6032   TiI 5192.980 0.020 -0.950   9.0  0.6  3.722  0.057 -0.001 -0.003  0.001 0.041 0.000    5.612
2813_6032   TiI 5210.390 0.050 -0.820  10.2  0.5  3.692  0.056  0.000 -0.002  0.002 0.037 0.000    9.244
2813_6032  TiII 4053.821 1.893 -1.070  21.4  1.1  3.585  0.017  0.012 -0.006  0.001 0.045 0.031  164.838
2813_6032  TiII 4300.042 1.180 -0.460  85.3  4.0  3.650  0.026  0.010 -0.059  0.000 0.136 0.031   18.087
2813_6032  TiII 4301.922 1.161 -1.210  59.8  2.8  3.405  0.023  0.011 -0.029  0.001 0.107 0.031   30.909
2813_6032  TiII 4320.950 1.165 -1.880  21.3  1.1  3.515  0.022  0.012 -0.004  0.001 0.048 0.031  124.065
2813_6032  TiII 4399.765 1.237 -1.200  49.9  2.4  3.373  0.023  0.012 -0.018  0.001 0.094 0.031   38.145
2813_6032  TiII 4443.801 1.080 -0.710  79.1  3.7  3.481  0.025  0.011 -0.052  0.001 0.130 0.031   18.765
2813_6032  TiII 4450.482 1.084 -1.520  40.8  1.9  3.494  0.023  0.011 -0.012  0.001 0.071 0.031   64.976
2813_6032  TiII 4468.507 1.131 -0.630  82.9  3.9  3.523  0.025  0.010 -0.055  0.000 0.132 0.031   20.237
2813_6032  TiII 5129.156 1.892 -1.340  18.9  0.9  3.627  0.016  0.012 -0.004  0.000 0.040 0.031  203.043
2813_6032  TiII 5336.789 1.582 -1.600  16.9  0.9  3.521  0.019  0.012 -0.003  0.001 0.043 0.031  164.449
2813_6032   CrI 4254.336 0.000 -0.090  79.8  3.7  3.934  0.062 -0.003 -0.056  0.001 0.130 0.000   24.006
2813_6032   CrI 5206.037 0.941  0.019  54.6  2.5  3.946  0.052 -0.001 -0.024  0.001 0.088 0.000   53.493
2813_6032   CrI 5296.700 0.980 -1.360   5.2  0.4  4.024  0.050  0.000  0.000  0.002 0.043 0.000  188.390
2813_6032   MnI 4783.415 2.298 -1.560  11.3  0.7  3.544  0.042 -0.001 -0.001  0.001 0.039 0.000  177.377
2813_6032   MnI 4823.515 2.319 -2.980  11.6  0.6  3.486  0.042  0.000 -0.002  0.002 0.036 0.000  207.834
2813_6032   MnI 6021.804 3.075 -2.760   2.2  0.4  3.559  0.036  0.000 -0.001  0.001 0.086 0.000   49.286
2813_6032   FeI 4063.594 1.557  0.062 137.4  6.4  5.942  0.074 -0.016 -0.034  0.002 0.094 0.045  -26.628
2813_6032   FeI 4071.738 1.608 -0.022 131.0  6.0  6.013  0.072 -0.014 -0.037  0.003 0.098 0.045  -23.070
2813_6032   FeI 4118.545 3.573  0.270  49.6  2.4  5.970  0.034  0.000 -0.023  0.001 0.077 0.045   44.852
2813_6032   FeI 4134.678 2.831 -0.649  47.3  2.2  6.009  0.041  0.000 -0.021  0.001 0.070 0.045   28.586
2813_6032   FeI 4143.415 3.047 -0.210  59.0  2.8  5.972  0.043 -0.003 -0.028  0.001 0.086 0.045   22.921
2813_6032   FeI 4143.868 1.557 -0.511 108.3  5.0  6.030  0.067 -0.010 -0.053  0.002 0.121 0.045   -8.386
2813_6032   FeI 4147.669 1.485 -2.104  29.3  1.4  5.823  0.053 -0.001 -0.008  0.001 0.055 0.045  -23.321
2813_6032   FeI 4154.499 2.831 -0.688  35.0  1.7  5.710  0.042  0.000 -0.011  0.001 0.065 0.045   22.016
2813_6032   FeI 4154.806 3.368 -0.400  31.5  1.6  5.877  0.037 -0.001 -0.008  0.001 0.051 0.045   52.086
2813_6032   FeI 4156.799 2.831 -0.809  35.8  1.8  5.832  0.041  0.000 -0.012  0.001 0.063 0.045   27.447
2813_6032   FeI 4175.636 2.845 -0.827  35.5  1.8  5.872  0.042  0.000 -0.011  0.002 0.061 0.045   22.602
2813_6032   FeI 4181.755 2.831 -0.371  60.7  2.8  5.992  0.042 -0.002 -0.034  0.002 0.095 0.045   22.063
2813_6032   FeI 4187.039 2.449 -0.560  57.2  2.7  5.826  0.048 -0.002 -0.024  0.002 0.086 0.045    6.087
2813_6032   FeI 4187.795 2.425 -0.554  66.5  3.1  5.829  0.051 -0.004 -0.033  0.001 0.094 0.045    5.817
2813_6032   FeI 4191.431 2.469 -0.666  57.3  2.7  5.867  0.047 -0.003 -0.025  0.001 0.085 0.045   13.042
2813_6032   FeI 4199.095 3.047  0.170  67.3  3.1  5.817  0.042 -0.002 -0.043  0.001 0.112 0.045   19.575
2813_6032   FeI 4202.029 1.485 -0.708  90.7  4.2  5.834  0.062 -0.006 -0.061  0.002 0.128 0.045   -2.252
2813_6032   FeI 4216.184 0.000 -3.356  41.1  1.9  5.887  0.066 -0.001 -0.015  0.002 0.076 0.045  -47.317
2813_6032   FeI 4222.213 2.449 -0.967  46.9  2.2  5.941  0.046 -0.001 -0.017  0.001 0.068 0.045   13.045
2813_6032   FeI 4233.603 2.482 -0.600  62.1  2.9  5.909  0.049 -0.003 -0.028  0.001 0.089 0.045    6.895
2813_6032   FeI 4238.810 3.396 -0.233  42.2  2.0  6.054  0.038 -0.001 -0.014  0.001 0.057 0.045   46.629
2813_6032   FeI 4250.119 2.469 -0.405  74.9  3.5  5.959  0.052 -0.006 -0.037  0.001 0.100 0.045    6.644
2813_6032   FeI 4250.787 1.557 -0.714  90.4  4.2  5.977  0.060 -0.006 -0.059  0.001 0.132 0.045    0.001
2813_6032   FeI 4260.474 2.399  0.077 112.1  5.2  6.087  0.065 -0.014 -0.034  0.002 0.098 0.045  -10.634
2813_6032   FeI 4271.154 2.449 -0.349  78.0  3.6  5.859  0.053 -0.007 -0.038  0.001 0.102 0.045    5.796
2813_6032   FeI 4271.761 1.485 -0.164 132.8  6.1  6.002  0.073 -0.014 -0.038  0.002 0.099 0.045  -23.443
2813_6032   FeI 4282.403 2.176 -0.779  59.4  2.8  5.747  0.046 -0.001 -0.036  0.001 0.111 0.045   11.236
2813_6032   FeI 4375.930 0.000 -3.031  59.8  2.8  5.944  0.067 -0.001 -0.035  0.001 0.106 0.045  -22.939
2813_6032   FeI 4383.545 1.485  0.200 150.6  7.0  5.850  0.076 -0.016 -0.029  0.002 0.087 0.045  -36.482
2813_6032   FeI 4404.750 1.557 -0.142 127.0  5.9  5.908  0.072 -0.013 -0.042  0.002 0.102 0.045  -19.915
2813_6032   FeI 4427.310 0.052 -3.044  59.7  2.8  5.869  0.066 -0.001 -0.035  0.001 0.107 0.045  -21.089
2813_6032   FeI 4442.339 2.198 -1.255  45.8  2.2  5.793  0.047 -0.001 -0.017  0.001 0.076 0.045    8.290
2813_6032   FeI 4461.653 0.087 -3.210  48.0  2.3  5.942  0.066 -0.001 -0.020  0.002 0.084 0.045  -38.645
2813_6032   FeI 4466.552 2.831 -0.600  47.4  2.2  5.881  0.042  0.000 -0.023  0.002 0.076 0.045   22.846
2813_6032   FeI 4494.563 2.198 -1.140  54.2  2.6  5.958  0.049 -0.001 -0.024  0.001 0.081 0.045    3.348
2813_6032   FeI 4788.757 3.236 -1.763   2.9  0.5  5.782  0.038  0.000 -0.002  0.002 0.082 0.045   20.613
2813_6032   FeI 4871.318 2.865 -0.340  50.5  2.4  5.833  0.044 -0.002 -0.019  0.002 0.073 0.045   19.667
2813_6032   FeI 4872.138 2.882 -0.567  46.9  2.2  5.932  0.044 -0.002 -0.015  0.002 0.066 0.045   20.246
2813_6032   FeI 4890.755 2.875 -0.380  57.2  2.7  5.917  0.045 -0.003 -0.023  0.001 0.077 0.045   19.269
2813_6032   FeI 4891.492 2.851 -0.112  74.9  3.4  5.961  0.050 -0.006 -0.034  0.001 0.094 0.045   10.174
2813_6032   FeI 4918.994 2.865 -0.342  60.5  2.8  5.905  0.046 -0.003 -0.025  0.001 0.082 0.045   16.284
2813_6032   FeI 4920.503 2.832  0.068  76.0  3.5  5.778  0.050 -0.006 -0.035  0.002 0.096 0.045    9.486
2813_6032   FeI 4924.769 2.279 -2.114   9.0  0.6  5.953  0.046  0.000 -0.002  0.002 0.039 0.045    3.311
2813_6032   FeI 4939.686 0.859 -3.340  11.7  0.6  5.922  0.058  0.000 -0.002  0.002 0.037 0.045  -77.818
2813_6032   FeI 4950.106 3.417 -1.500   3.5  0.4  5.881  0.036  0.000 -0.001  0.001 0.061 0.045   38.968
2813_6032   FeI 4957.299 2.851 -0.408  51.8  2.4  5.861  0.044 -0.002 -0.019  0.002 0.074 0.045   19.356
2813_6032   FeI 4973.102 3.960 -0.690   6.7  0.5  5.849  0.032  0.000 -0.001  0.001 0.041 0.045   82.854
2813_6032   FeI 5044.211 2.851 -2.017   2.5  0.3  5.690  0.042  0.000 -0.001  0.001 0.058 0.045   18.236
2813_6032   FeI 5049.819 2.279 -1.355  36.7  1.7  5.901  0.046  0.000 -0.012  0.002 0.059 0.045    9.442
2813_6032   FeI 5074.750 4.220 -0.230  19.6  1.0  5.885  0.030  0.000 -0.004  0.001 0.041 0.045   98.412
2813_6032   FeI 5090.780 4.260 -0.490   8.1  0.5  5.928  0.029  0.000 -0.001  0.001 0.040 0.045  103.701
2813_6032   FeI 5127.359 0.915 -3.307  11.3  0.6  5.896  0.058 -0.001 -0.002  0.001 0.040 0.045  -68.677
2813_6032   FeI 5133.689 4.178  0.360  32.4  1.5  5.902  0.031 -0.001 -0.009  0.001 0.048 0.045   84.975
2813_6032   FeI 5139.252 2.998 -0.730  33.0  1.5  5.984  0.041 -0.001 -0.009  0.001 0.047 0.045   37.881
2813_6032   FeI 5139.463 2.940 -0.509  45.8  2.1  5.756  0.042 -0.002 -0.015  0.002 0.070 0.045   24.610
2813_6032   FeI 5141.739 2.424 -2.238   6.0  0.5  5.934  0.045  0.000 -0.001  0.002 0.046 0.045    6.565
2813_6032   FeI 5171.596 1.485 -1.793  53.7  2.6  5.799  0.054  0.000 -0.026  0.002 0.093 0.045   -7.766
2813_6032   FeI 5187.914 4.143 -1.371   1.4  0.2  5.871  0.030  0.001  0.000  0.001 0.074 0.045   45.130
2813_6032   FeI 5191.455 3.038 -0.551  39.5  1.8  5.940  0.041 -0.001 -0.012  0.001 0.056 0.045   33.286
2813_6032   FeI 5194.942 1.557 -2.090  38.1  1.8  5.958  0.052  0.000 -0.012  0.001 0.063 0.045  -14.669
2813_6032   FeI 5198.711 2.222 -2.135  10.4  0.6  5.875  0.047  0.000 -0.002  0.002 0.038 0.045   -2.699
2813_6032   FeI 5216.274 1.608 -2.150  34.3  1.6  5.973  0.052 -0.001 -0.011  0.001 0.057 0.045  -16.269
2813_6032   FeI 5227.189 1.557 -1.228  83.6  3.9  5.903  0.059 -0.004 -0.054  0.001 0.124 0.045   -1.368
2813_6032   FeI 5232.940 2.940 -0.057  70.6  3.2  5.865  0.048 -0.005 -0.031  0.002 0.090 0.045   11.709
2813_6032   FeI 5242.491 3.634 -0.830  11.9  0.6  6.069  0.035  0.000 -0.002  0.001 0.035 0.045   77.983
2813_6032   FeI 5250.646 2.198 -2.181  12.8  0.7  5.886  0.047  0.000 -0.004  0.001 0.040 0.045    1.761
2813_6032   FeI 5263.306 3.266 -0.870  17.8  0.9  5.939  0.039 -0.001 -0.004  0.001 0.040 0.045   50.951
2813_6032   FeI 5266.555 2.998 -0.385  49.1  2.3  5.880  0.043 -0.002 -0.017  0.001 0.069 0.045   24.189
2813_6032   FeI 5281.790 3.038 -0.834  25.0  1.2  5.876  0.040 -0.001 -0.006  0.001 0.046 0.045   40.815
2813_6032   FeI 5288.524 3.695 -1.490   1.3  0.3  5.743  0.034  0.000  0.000  0.001 0.103 0.045   20.632
2813_6032   FeI 5307.361 1.608 -2.987   6.9  0.5  5.968  0.052  0.000 -0.002  0.002 0.040 0.045  -37.547
2813_6032   FeI 5328.038 0.915 -1.466  93.7  4.4  5.913  0.067 -0.006 -0.061  0.000 0.129 0.045   -7.020
2813_6032   FeI 5328.531 1.557 -1.850  45.8  2.1  5.839  0.053  0.000 -0.018  0.002 0.077 0.045  -11.948
2813_6032   FeI 5339.929 3.266 -0.630  27.0  1.2  5.892  0.039 -0.001 -0.006  0.001 0.045 0.045   47.159
2813_6032   FeI 5473.900 4.154 -0.720   5.6  0.4  5.927  0.030  0.001 -0.001  0.001 0.041 0.045   93.136
2813_6032   FeI 5497.516 1.011 -2.849  26.0  1.2  5.895  0.058  0.000 -0.008  0.002 0.050 0.045  -52.018
2813_6032   FeI 5501.465 0.958 -3.047  17.6  0.9  5.872  0.058 -0.001 -0.003  0.001 0.043 0.045  -63.669
2813_6032   FeI 5506.779 0.990 -2.797  28.2  1.3  5.926  0.058 -0.001 -0.008  0.001 0.051 0.045  -47.987
2813_6032   FeI 5569.618 3.417 -0.520  25.3  1.2  5.842  0.038  0.000 -0.006  0.001 0.046 0.045   49.723
2813_6032   FeI 5572.842 3.396 -0.280  40.2  1.9  5.935  0.039 -0.002 -0.011  0.001 0.056 0.045   43.550
2813_6032   FeI 5586.756 3.368 -0.110  48.7  2.3  5.888  0.040 -0.003 -0.016  0.001 0.066 0.045   36.367
2813_6032   FeI 5701.544 2.560 -2.216   4.3  0.4  5.767  0.044  0.000 -0.001  0.002 0.049 0.045   10.882
2813_6032   FeI 6027.050 4.076 -1.089   3.9  0.5  5.909  0.031  0.000 -0.001  0.001 0.064 0.045   54.116
2813_6032   FeI 6173.335 2.222 -2.880   1.9  0.3  5.784  0.047  0.000 -0.001  0.001 0.078 0.045   -0.864
2813_6032   FeI 6213.430 2.223 -2.482   5.4  0.4  5.943  0.047  0.000 -0.002  0.002 0.043 0.045   -2.436
2813_6032   FeI 6219.281 2.198 -2.433   6.0  0.4  5.854  0.047  0.000 -0.001  0.001 0.040 0.045   -1.938
2813_6032   FeI 6230.723 2.559 -1.281  29.8  1.4  5.808  0.044  0.000 -0.008  0.001 0.052 0.045   18.025
2813_6032   FeI 6252.555 2.404 -1.687  20.7  1.0  5.925  0.046  0.000 -0.005  0.001 0.043 0.045    7.745
2813_6032   FeI 6265.134 2.176 -2.550   5.0  0.5  5.928  0.046  0.001 -0.001  0.001 0.050 0.045    1.356
2813_6032   FeI 6335.330 2.200 -2.177  11.7  0.6  5.953  0.047 -0.001 -0.003  0.001 0.037 0.045    2.664
2813_6032   FeI 6336.824 3.686 -0.850  10.9  0.6  6.005  0.035  0.000 -0.002  0.001 0.037 0.045   73.384
2813_6032   FeI 6355.029 2.845 -2.291   3.3  0.4  6.004  0.042  0.000  0.000  0.002 0.061 0.045   15.164
2813_6032   FeI 6358.690 0.859 -4.468   2.1  0.3  6.076  0.059  0.000  0.000  0.001 0.070 0.045  -40.478
2813_6032   FeI 6393.601 2.433 -1.576  25.5  1.2  5.933  0.046  0.000 -0.007  0.002 0.044 0.045    7.704
2813_6032   FeI 6411.649 3.654 -0.590  18.0  0.9  5.968  0.036  0.000 -0.004  0.001 0.039 0.045   67.432
2813_6032   FeI 6421.350 2.279 -2.027  17.4  0.9  5.999  0.047  0.000 -0.004  0.002 0.040 0.045   -0.368
2813_6032   FeI 6430.846 2.176 -2.006  18.6  0.9  5.930  0.047  0.001 -0.004  0.000 0.041 0.045    1.689
2813_6032  FeII 4178.862 2.583 -2.510  32.7  1.6  5.837  0.010  0.012 -0.010  0.001 0.053 0.056   97.227
2813_6032  FeII 4233.172 2.583 -1.970  66.0  3.1  5.806  0.010  0.012 -0.040  0.001 0.107 0.056   30.993
2813_6032  FeII 4923.927 2.891 -1.260  78.3  3.6  5.697  0.010  0.011 -0.050  0.001 0.119 0.056   24.483
2813_6032  FeII 5018.440 2.891 -1.100  94.7  4.4  5.895  0.012  0.009 -0.056  0.000 0.124 0.056   23.397
2813_6032  FeII 5132.670 2.810 -4.080   1.3  0.3  5.827  0.009  0.011  0.001  0.001 0.106 0.056   45.539
2813_6032  FeII 5197.577 3.230 -2.220  28.1  1.3  5.902  0.005  0.012 -0.007  0.001 0.045 0.056  126.484
2813_6032  FeII 5234.630 3.220 -2.180  33.0  1.6  5.906  0.004  0.012 -0.009  0.001 0.051 0.056  113.536
2813_6032  FeII 5264.810 3.230 -3.130   4.6  0.4  5.834  0.004  0.012 -0.001  0.000 0.048 0.056  127.964
2813_6032  FeII 5284.110 2.890 -3.110   7.2  0.5  5.795  0.007  0.013 -0.001  0.001 0.041 0.056  128.903
2813_6032  FeII 5325.560 3.220 -3.160   4.4  0.4  5.911  0.005  0.012 -0.002  0.000 0.048 0.056  126.615
2813_6032  FeII 5534.850 3.240 -2.750  11.3  0.7  5.922  0.004  0.013 -0.004  0.001 0.040 0.056  134.479
2813_6032  FeII 6084.100 3.200 -3.790   2.0  0.3  6.000  0.005  0.012  0.000  0.000 0.080 0.056   72.379
2813_6032  FeII 6238.390 3.890 -2.600   5.6  0.5  5.980 -0.002  0.014 -0.001  0.001 0.053 0.056  119.141
2813_6032  FeII 6247.560 3.890 -2.300   8.7  0.6  5.931 -0.002  0.013 -0.003  0.001 0.041 0.056  146.584
2813_6032  FeII 6416.930 3.890 -2.640   2.1  0.4  5.651 -0.001  0.012 -0.001  0.000 0.090 0.056   66.585
2813_6032  FeII 6432.680 2.890 -3.570   4.5  0.4  5.737  0.008  0.012 -0.001  0.001 0.050 0.056  115.090
2813_6032   NiI 4806.990 3.680 -0.600   2.0  0.4  4.631  0.031  0.001 -0.001  0.001 0.094 0.071   27.781
2813_6032   NiI 4829.030 3.540 -0.330   4.7  0.5  4.542  0.033  0.000 -0.001  0.001 0.056 0.071   42.912
2813_6032   NiI 4831.180 3.610 -0.380   4.0  0.5  4.607  0.032  0.000 -0.001  0.001 0.064 0.071   40.989
2813_6032   NiI 4904.420 3.540 -0.190   6.5  0.5  4.522  0.033  0.000 -0.001  0.001 0.044 0.071   50.319
2813_6032   NiI 4937.350 3.610 -0.380   3.9  0.4  4.626  0.033  0.001 -0.001  0.001 0.053 0.071   44.313
2813_6032   NiI 4998.230 3.610 -0.760   1.4  0.4  4.478  0.032  0.000  0.000  0.001 0.130 0.071   16.633
2813_6032   NiI 5035.370 3.630  0.120  11.7  0.6  4.582  0.032  0.001 -0.003  0.001 0.035 0.071   61.126
2813_6032   NiI 5081.120 3.850  0.220   9.1  0.5  4.547  0.031  0.000 -0.002  0.001 0.036 0.071   63.252
2813_6032   NiI 5084.100 3.680 -0.040   6.6  0.5  4.482  0.032  0.001 -0.001  0.001 0.043 0.071   53.260
2813_6032   NiI 5099.940 3.680 -0.180   5.7  0.5  4.625  0.032  0.001 -0.001  0.001 0.048 0.071   49.869
2813_6032   NiI 5115.400 3.830 -0.140   3.2  0.3  4.419  0.031  0.001 -0.001  0.001 0.046 0.071   53.685
2813_6032   NiI 5155.770 3.900 -0.110   3.0  0.4  4.440  0.029  0.001 -0.001  0.001 0.067 0.071   44.600
2813_6032   NiI 5176.560 3.900 -0.460   2.0  0.3  4.637  0.030  0.000  0.000  0.001 0.072 0.071   39.582
2813_6032   NiI 6108.130 1.680 -2.610   2.0  0.3  4.778  0.049  0.001 -0.001  0.001 0.075 0.071    2.242
2813_6032   NiI 6175.370 4.090 -0.510   1.8  0.3  4.796  0.028  0.000  0.000  0.001 0.090 0.071   33.511
2813_6032   ZnI 4722.160 4.030 -0.390   8.0  0.5  3.070  0.029  0.003 -0.002  0.001 0.038 0.024  263.503
2813_6032   ZnI 4810.540 4.080 -0.170   9.2  0.6  2.977  0.029  0.004 -0.002  0.001 0.040 0.024  239.459
2813_6032   YII 4883.690 1.080  0.070   6.6  0.5  0.465  0.024  0.012 -0.002  0.001 0.044 0.000  343.886
2813_6032  BaII 4934.100 0.000 -1.151  66.4  3.1  0.119  0.040  0.010 -0.010  0.002 0.108 0.058   33.673
2813_6032  BaII 5853.700 0.604 -2.463   6.2  0.4  0.259  0.034  0.010 -0.002  0.001 0.040 0.058  110.807
2813_6032  BaII 6141.700 0.704 -2.855  27.5  1.3  0.091  0.033  0.010 -0.010  0.001 0.065 0.058   76.913
2813_6032  BaII 6496.896 0.604 -1.623  19.7  1.0  0.107  0.034  0.010 -0.006  0.001 0.056 0.058   86.196
2870_9072   NaI 5688.227 2.100 -1.453   6.6  0.7  4.334  0.025  0.001 -0.001  0.001 0.054 0.000  252.593
2870_9072   NaI 5889.959 0.000 -0.193 172.2  7.9  4.318  0.072 -0.018 -0.009  0.003 0.098 0.000   37.493
2870_9072   NaI 5895.910 0.000 -0.575 148.1  6.8  4.228  0.068 -0.016 -0.011  0.002 0.108 0.000   34.912
2870_9072   MgI 4167.271 4.346 -0.746  73.8  3.5  6.129  0.034 -0.009 -0.006  0.000 0.062 0.000  136.905
2870_9072   MgI 4730.040 4.340 -2.379   3.2  0.6  6.055  0.024  0.001  0.000  0.000 0.087 0.000   78.039
2870_9072   MgI 5167.321 2.709 -0.854 172.3  8.0  6.148  0.066 -0.020 -0.008  0.003 0.084 0.000    7.660
2870_9072   MgI 5172.684 2.712 -0.363 261.8 12.1  6.142  0.068 -0.022 -0.003  0.004 0.069 0.000   -8.960
2870_9072   MgI 5183.604 2.717 -0.168 336.2 15.5  6.164  0.068 -0.023 -0.002  0.004 0.064 0.000  -11.767
2870_9072   MgI 5528.405 4.346 -0.547  88.5  4.1  6.176  0.041 -0.011 -0.007  0.001 0.072 0.000   83.689
2870_9072   MgI 5711.100 4.340 -1.842  16.5  1.0  6.163  0.027  0.000 -0.001  0.001 0.039 0.000  368.471
2870_9072   SiI 5690.430 4.930 -1.880   3.9  0.5  6.157  0.021  0.002  0.000  0.000 0.064 0.037  142.805
2870_9072   SiI 6145.020 5.610 -1.460   2.9  0.6  6.316  0.015  0.002  0.000  0.000 0.103 0.037   70.613
2870_9072   SiI 6237.330 5.610 -1.150   5.0  0.6  6.167  0.015  0.002 -0.001  0.001 0.062 0.037  163.326
2870_9072   SiI 6244.480 5.610 -1.360   4.3  0.7  6.372  0.016  0.002  0.000  0.000 0.081 0.037  106.275
2870_9072   SiI 6414.990 5.870 -1.080   3.2  0.6  6.195  0.013  0.002  0.000  0.001 0.090 0.037   91.631
2870_9072   CaI 4283.011 1.886 -0.224  67.8  3.2  4.962  0.046 -0.008 -0.014  0.001 0.086 0.035   17.817
2870_9072   CaI 4318.652 1.899 -0.210  64.2  3.1  4.979  0.045 -0.007 -0.013  0.001 0.083 0.035   19.450
2870_9072   CaI 4425.437 1.879 -0.358  61.5  2.9  4.977  0.044 -0.006 -0.012  0.001 0.077 0.035   21.374
2870_9072   CaI 4454.779 1.899  0.258  92.9  4.4  4.912  0.054 -0.014 -0.015  0.002 0.096 0.035   -0.039
2870_9072   CaI 4455.887 1.899 -0.530  53.9  2.6  5.050  0.042 -0.004 -0.010  0.001 0.064 0.035   32.272
2870_9072   CaI 5265.556 2.523 -0.260  39.6  1.9  5.040  0.034 -0.001 -0.007  0.001 0.053 0.035   70.778
2870_9072   CaI 5512.990 2.930 -0.300  17.6  1.0  5.142  0.028  0.000 -0.002  0.000 0.039 0.035  134.676
2870_9072   CaI 5581.980 2.520 -0.710  23.5  1.2  5.004  0.033 -0.001 -0.003  0.001 0.042 0.035   84.660
2870_9072   CaI 5588.749 2.526  0.210  69.3  3.3  5.091  0.043 -0.006 -0.018  0.000 0.091 0.035   28.107
2870_9072   CaI 5590.130 2.520 -0.710  22.6  1.2  5.014  0.032 -0.001 -0.003  0.001 0.042 0.035   92.157
2870_9072   CaI 5594.462 2.523 -0.050  48.7  2.3  4.986  0.037 -0.003 -0.010  0.000 0.066 0.035   50.892
2870_9072   CaI 5857.451 2.933  0.230  46.2  2.2  5.102  0.034 -0.004 -0.006  0.000 0.054 0.035   72.591
2870_9072   CaI 6102.723 1.879 -0.793  42.2  2.0  4.959  0.042 -0.004 -0.006  0.000 0.054 0.035   29.504
2870_9072   CaI 6169.560 2.520 -0.270  29.2  1.4  5.009  0.034 -0.002 -0.003  0.000 0.045 0.035   75.062
2870_9072   CaI 6439.075 2.526  0.470  70.2  3.3  4.969  0.045 -0.007 -0.018  0.000 0.093 0.035   23.618
2870_9072   CaI 6493.781 2.521  0.140  51.3  2.4  5.147  0.038 -0.003 -0.011  0.000 0.064 0.035   51.442
2870_9072   TiI 4913.620 1.870  0.220   4.5  0.6  3.521  0.043  0.001  0.000  0.001 0.068 0.074   33.385
2870_9072   TiI 4981.731 0.848  0.570  48.8  2.3  3.592  0.058 -0.001 -0.013  0.001 0.065 0.074   26.323
2870_9072   TiI 4991.065 0.836  0.450  45.9  2.2  3.618  0.057 -0.001 -0.012  0.000 0.060 0.074   28.555
2870_9072   TiI 4999.510 0.830  0.320  38.7  1.9  3.560  0.055  0.000 -0.008  0.001 0.052 0.074   28.916
2870_9072   TiI 5016.170 0.850 -0.480  13.2  0.9  3.778  0.053  0.000 -0.002  0.001 0.043 0.074   30.363
2870_9072   TiI 5022.870 0.830 -0.330  12.1  0.8  3.568  0.053  0.000 -0.001  0.001 0.041 0.074   29.214
2870_9072   TiI 5039.960 0.020 -1.080  16.3  1.0  3.583  0.061  0.000 -0.003  0.000 0.039 0.074   15.445
2870_9072   TiI 5192.980 0.020 -0.950  20.3  1.1  3.594  0.062  0.000 -0.003  0.001 0.040 0.074   12.806
2870_9072   TiI 5210.390 0.050 -0.820  22.2  1.1  3.557  0.062  0.000 -0.004  0.000 0.040 0.074   14.558
2870_9072   TiI 6258.110 1.440 -0.390   3.8  0.5  3.431  0.048  0.000 -0.001  0.001 0.068 0.074   27.801
2870_9072   TiI 6258.710 1.460 -0.280   5.8  0.7  3.522  0.049  0.001 -0.001  0.001 0.062 0.074   27.948
2870_9072   TiI 6261.110 1.430 -0.530   5.3  0.7  3.787  0.049  0.000 -0.001  0.001 0.069 0.074   25.934
2870_9072  TiII 4053.821 1.893 -1.070  29.1  1.5  3.507  0.015  0.016 -0.005  0.003 0.049 0.046  119.470
2870_9072  TiII 4300.042 1.180 -0.460  84.5  3.9  3.459  0.033  0.010 -0.034  0.002 0.137 0.046   23.493
2870_9072  TiII 4320.950 1.165 -1.880  36.7  1.8  3.544  0.022  0.016 -0.007  0.002 0.054 0.046   91.038
2870_9072  TiII 4394.059 1.221 -1.770  40.0  2.0  3.547  0.022  0.016 -0.010  0.003 0.059 0.046   82.054
2870_9072  TiII 4395.031 1.084 -0.540  92.4  4.3  3.460  0.035  0.007 -0.034  0.003 0.139 0.046   23.464
2870_9072  TiII 4399.765 1.237 -1.200  61.4  2.9  3.359  0.025  0.014 -0.022  0.003 0.109 0.046   35.332
2870_9072  TiII 4443.801 1.080 -0.710  94.2  4.4  3.647  0.036  0.006 -0.034  0.002 0.139 0.046   23.818
2870_9072  TiII 4450.482 1.084 -1.520  57.8  2.7  3.553  0.026  0.015 -0.019  0.003 0.088 0.046   45.649
2870_9072  TiII 4468.507 1.131 -0.630  93.5  4.4  3.588  0.035  0.007 -0.034  0.003 0.138 0.046   23.676
2870_9072  TiII 5129.156 1.892 -1.340  30.1  1.5  3.634  0.017  0.015 -0.005  0.003 0.046 0.046  124.525
2870_9072  TiII 5336.789 1.582 -1.600  35.7  1.8  3.682  0.020  0.015 -0.007  0.003 0.049 0.046  107.610
2870_9072   CrI 4254.336 0.000 -0.090 111.1  5.2  4.190  0.081 -0.017 -0.025  0.002 0.126 0.000    5.479
2870_9072   CrI 5206.037 0.941  0.019  85.2  4.0  4.219  0.071 -0.010 -0.028  0.000 0.111 0.000   19.976
2870_9072   CrI 5296.700 0.980 -1.360  17.6  1.0  4.149  0.053  0.000 -0.003  0.001 0.040 0.000  140.110
2870_9072   CrI 5300.750 0.980 -2.000   3.1  0.5  4.091  0.053  0.001  0.000  0.001 0.076 0.000   32.796
2870_9072   CrI 5345.810 1.000 -0.950  35.1  1.7  4.194  0.056  0.000 -0.007  0.000 0.046 0.000  100.154
2870_9072   MnI 4783.415 2.298 -1.560  24.4  1.2  3.543  0.045  0.000 -0.002  0.001 0.038 0.000  177.677
2870_9072   MnI 4823.515 2.319 -2.980  28.7  1.5  3.583  0.045  0.000 -0.004  0.001 0.043 0.000  152.986
2870_9072   MnI 6021.804 3.075 -2.760   4.0  0.6  3.479  0.038  0.001 -0.001  0.001 0.074 0.000   65.893
2870_9072   FeI 4071.738 1.608 -0.022 195.2  9.1  6.082  0.078 -0.021 -0.006  0.004 0.080 0.026  -44.728
2870_9072   FeI 4143.415 3.047 -0.210  79.2  3.7  6.131  0.056 -0.012 -0.024  0.002 0.099 0.026   18.470
2870_9072   FeI 4143.868 1.557 -0.511 134.3  6.2  5.994  0.077 -0.019 -0.015  0.003 0.102 0.026  -20.785
2870_9072   FeI 4147.669 1.485 -2.104  58.5  2.8  6.025  0.061 -0.002 -0.024  0.000 0.085 0.026    2.138
2870_9072   FeI 4154.806 3.368 -0.400  56.6  2.7  6.080  0.045 -0.005 -0.015  0.001 0.069 0.026   50.136
2870_9072   FeI 4156.799 2.831 -0.809  56.7  2.7  5.964  0.048 -0.002 -0.022  0.000 0.085 0.026   32.505
2870_9072   FeI 4175.636 2.845 -0.827  56.6  2.7  6.016  0.048 -0.002 -0.022  0.000 0.082 0.026   34.386
2870_9072   FeI 4181.755 2.831 -0.371  76.3  3.6  6.119  0.054 -0.007 -0.031  0.001 0.115 0.026   18.565
2870_9072   FeI 4187.795 2.425 -0.554 101.8  4.7  6.139  0.067 -0.017 -0.017  0.003 0.099 0.026   -5.097
2870_9072   FeI 4191.431 2.469 -0.666  93.7  4.3  6.231  0.065 -0.015 -0.019  0.002 0.098 0.026    0.611
2870_9072   FeI 4199.095 3.047  0.170  86.1  4.0  6.041  0.056 -0.011 -0.031  0.001 0.126 0.026   15.673
2870_9072   FeI 4202.029 1.485 -0.708 123.8  5.7  6.028  0.077 -0.018 -0.019  0.003 0.112 0.026  -15.571
2870_9072   FeI 4222.213 2.449 -0.967  69.9  3.3  6.055  0.058 -0.008 -0.022  0.002 0.088 0.026   11.818
2870_9072   FeI 4233.603 2.482 -0.600  81.4  3.8  5.966  0.062 -0.012 -0.022  0.002 0.100 0.026    5.794
2870_9072   FeI 4238.810 3.396 -0.233  54.7  2.6  6.007  0.045 -0.004 -0.015  0.001 0.069 0.026   48.263
2870_9072   FeI 4250.119 2.469 -0.405  91.5  4.3  5.945  0.065 -0.015 -0.020  0.002 0.103 0.026    1.288
2870_9072   FeI 4250.787 1.557 -0.714 120.6  5.6  6.143  0.076 -0.017 -0.020  0.003 0.117 0.026  -13.737
2870_9072   FeI 4260.474 2.399  0.077 143.9  6.7  6.053  0.071 -0.021 -0.010  0.004 0.087 0.026  -18.375
2870_9072   FeI 4271.154 2.449 -0.349 116.5  5.4  6.136  0.069 -0.019 -0.014  0.004 0.096 0.026   -9.761
2870_9072   FeI 4271.761 1.485 -0.164 179.4  8.3  5.950  0.079 -0.020 -0.008  0.004 0.082 0.026  -46.933
2870_9072   FeI 4282.403 2.176 -0.779  88.2  4.2  6.185  0.063 -0.009 -0.037  0.000 0.137 0.026    8.967
2870_9072   FeI 4375.930 0.000 -3.031  79.5  3.7  5.955  0.082 -0.006 -0.039  0.000 0.133 0.026  -12.180
2870_9072   FeI 4383.545 1.485  0.200 265.2 12.3  6.011  0.080 -0.021 -0.003  0.004 0.070 0.026  -72.150
2870_9072   FeI 4404.750 1.557 -0.142 180.0  8.3  5.941  0.079 -0.020 -0.008  0.003 0.082 0.026  -46.080
2870_9072   FeI 4442.339 2.198 -1.255  78.9  3.7  6.138  0.061 -0.008 -0.025  0.001 0.101 0.026    7.775
2870_9072   FeI 4461.653 0.087 -3.210  68.7  3.3  5.892  0.078 -0.004 -0.033  0.000 0.115 0.026  -17.068
2870_9072   FeI 4466.552 2.831 -0.600  70.1  3.3  6.119  0.052 -0.004 -0.031  0.001 0.106 0.026   23.217
2870_9072   FeI 4494.563 2.198 -1.140  79.5  3.7  6.147  0.063 -0.008 -0.026  0.001 0.101 0.026    5.109
2870_9072   FeI 4788.757 3.236 -1.763  10.1  0.7  6.002  0.039  0.001 -0.002  0.001 0.046 0.026   80.118
2870_9072   FeI 4800.649 4.143 -1.029   7.2  0.7  6.145  0.031  0.001 -0.001  0.001 0.053 0.026  102.521
2870_9072   FeI 4871.318 2.865 -0.340  73.5  3.4  5.949  0.058 -0.010 -0.020  0.002 0.088 0.026   11.612
2870_9072   FeI 4872.138 2.882 -0.567  76.1  3.6  6.164  0.059 -0.011 -0.019  0.001 0.086 0.026   11.601
2870_9072   FeI 4890.755 2.875 -0.380  84.8  3.9  6.115  0.062 -0.013 -0.019  0.001 0.091 0.026    6.281
2870_9072   FeI 4891.492 2.851 -0.112 105.1  4.9  6.144  0.066 -0.017 -0.016  0.002 0.096 0.026   -2.230
2870_9072   FeI 4918.994 2.865 -0.342  81.6  3.8  5.987  0.061 -0.012 -0.020  0.002 0.093 0.026    6.436
2870_9072   FeI 4920.503 2.832  0.068 114.6  5.4  6.059  0.067 -0.019 -0.015  0.003 0.095 0.026   -4.717
2870_9072   FeI 4924.769 2.279 -2.114  23.0  1.2  6.010  0.049  0.001 -0.004  0.001 0.039 0.026   16.455
2870_9072   FeI 4939.686 0.859 -3.340  36.2  1.8  6.038  0.064  0.000 -0.008  0.000 0.047 0.026  -72.888
2870_9072   FeI 4950.106 3.417 -1.500  10.4  0.8  6.041  0.038  0.001 -0.001  0.001 0.050 0.026   73.377
2870_9072   FeI 4957.299 2.851 -0.408  82.4  3.8  6.117  0.062 -0.012 -0.020  0.002 0.090 0.026    4.776
2870_9072   FeI 4962.572 4.178 -1.182   4.4  0.6  5.931  0.030  0.001 -0.001  0.000 0.069 0.026   71.781
2870_9072   FeI 4973.102 3.960 -0.690  17.0  1.0  6.013  0.033  0.001 -0.003  0.001 0.039 0.026  157.759
2870_9072   FeI 5044.211 2.851 -2.017  11.3  0.7  5.994  0.043  0.001 -0.001  0.001 0.037 0.026   57.305
2870_9072   FeI 5049.819 2.279 -1.355  63.1  3.0  6.070  0.059 -0.004 -0.023  0.000 0.084 0.026    7.833
2870_9072   FeI 5074.750 4.220 -0.230  35.0  1.7  5.982  0.034 -0.002 -0.006  0.000 0.047 0.026  135.466
2870_9072   FeI 5090.780 4.260 -0.490  17.5  1.0  6.041  0.031  0.000 -0.002  0.001 0.042 0.026  157.664
2870_9072   FeI 5127.359 0.915 -3.307  38.0  1.8  6.071  0.065 -0.001 -0.009  0.001 0.048 0.026  -73.204
2870_9072   FeI 5131.468 2.222 -2.515  18.3  1.0  6.080  0.050  0.000 -0.002  0.000 0.040 0.026    7.393
2870_9072   FeI 5133.689 4.178  0.360  54.8  2.6  6.092  0.041 -0.005 -0.013  0.001 0.063 0.026   74.452
2870_9072   FeI 5139.252 2.998 -0.730  57.5  2.7  6.117  0.052 -0.006 -0.014  0.001 0.064 0.026   31.060
2870_9072   FeI 5139.463 2.940 -0.509  78.0  3.6  6.040  0.059 -0.011 -0.019  0.001 0.089 0.026   10.887
2870_9072   FeI 5141.739 2.424 -2.238  21.9  1.1  6.164  0.048  0.001 -0.003  0.001 0.040 0.026   20.501
2870_9072   FeI 5145.093 2.198 -2.876   3.5  0.5  5.910  0.050  0.001 -0.001  0.001 0.074 0.026   -1.851
2870_9072   FeI 5171.596 1.485 -1.793  76.3  3.5  5.899  0.071 -0.008 -0.032  0.000 0.114 0.026   -3.524
2870_9072   FeI 5187.914 4.143 -1.371   4.7  0.6  6.122  0.031  0.001 -0.001  0.001 0.071 0.026   63.536
2870_9072   FeI 5191.455 3.038 -0.551  66.6  3.1  6.127  0.055 -0.008 -0.017  0.001 0.075 0.026   19.367
2870_9072   FeI 5194.942 1.557 -2.090  65.0  3.0  6.091  0.066 -0.004 -0.026  0.000 0.087 0.026   -4.982
2870_9072   FeI 5198.711 2.222 -2.135  30.7  1.5  6.043  0.051  0.001 -0.007  0.001 0.044 0.026   10.610
2870_9072   FeI 5216.274 1.608 -2.150  59.0  2.8  6.048  0.064 -0.003 -0.021  0.001 0.080 0.026   -9.195
2870_9072   FeI 5225.526 0.110 -4.789  11.5  0.8  6.049  0.071  0.001 -0.002  0.001 0.044 0.026 -162.557
2870_9072   FeI 5227.189 1.557 -1.228 102.7  4.8  5.914  0.077 -0.014 -0.027  0.002 0.123 0.026  -10.821
2870_9072   FeI 5232.940 2.940 -0.057  96.7  4.5  6.003  0.065 -0.015 -0.017  0.002 0.095 0.026   -1.035
2870_9072   FeI 5242.491 3.634 -0.830  21.8  1.1  6.075  0.037  0.000 -0.004  0.000 0.039 0.026  135.744
2870_9072   FeI 5247.060 0.087 -4.946  11.1  0.8  6.117  0.070  0.000 -0.001  0.000 0.048 0.026 -138.183
2870_9072   FeI 5250.209 0.121 -4.938   9.9  0.8  6.116  0.070  0.001 -0.001  0.001 0.046 0.026 -150.135
2870_9072   FeI 5250.646 2.198 -2.181  40.0  2.0  6.153  0.053 -0.001 -0.009  0.001 0.052 0.026    7.527
2870_9072   FeI 5263.306 3.266 -0.870  40.0  1.9  6.107  0.044 -0.002 -0.008  0.000 0.048 0.026   67.735
2870_9072   FeI 5266.555 2.998 -0.385  71.6  3.4  5.981  0.057 -0.010 -0.018  0.002 0.085 0.026   12.583
2870_9072   FeI 5281.790 3.038 -0.834  51.4  2.4  6.065  0.050 -0.004 -0.012  0.001 0.060 0.026   32.298
2870_9072   FeI 5288.524 3.695 -1.490   6.3  0.6  6.127  0.036  0.000 -0.001  0.000 0.054 0.026   78.778
2870_9072   FeI 5307.361 1.608 -2.987  20.9  1.1  6.034  0.057  0.001 -0.004  0.001 0.037 0.026  -63.426
2870_9072   FeI 5322.040 2.279 -2.803   6.3  0.6  6.054  0.049  0.001 -0.001  0.001 0.053 0.026    2.079
2870_9072   FeI 5328.038 0.915 -1.466 115.8  5.4  5.876  0.085 -0.016 -0.025  0.002 0.118 0.026  -22.956
2870_9072   FeI 5328.531 1.557 -1.850  73.0  3.4  6.011  0.069 -0.006 -0.030  0.000 0.104 0.026   -4.383
2870_9072   FeI 5339.929 3.266 -0.630  48.8  2.3  5.996  0.047 -0.004 -0.011  0.001 0.058 0.026   46.478
2870_9072   FeI 5473.900 4.154 -0.720  13.1  0.8  6.051  0.033  0.001 -0.001  0.001 0.040 0.026  142.365
2870_9072   FeI 5497.516 1.011 -2.849  60.0  2.9  6.114  0.070 -0.003 -0.022  0.000 0.080 0.026  -25.510
2870_9072   FeI 5501.465 0.958 -3.047  54.0  2.5  6.171  0.069 -0.002 -0.018  0.000 0.065 0.026  -42.011
2870_9072   FeI 5567.391 2.609 -2.671   5.2  0.6  6.068  0.046  0.002  0.000  0.000 0.064 0.026   10.914
2870_9072   FeI 5569.618 3.417 -0.520  53.7  2.5  6.090  0.048 -0.006 -0.012  0.000 0.060 0.026   49.108
2870_9072   FeI 5572.842 3.396 -0.280  68.8  3.2  6.159  0.053 -0.010 -0.016  0.001 0.073 0.026   30.811
2870_9072   FeI 5586.756 3.368 -0.110  74.0  3.5  6.049  0.055 -0.011 -0.017  0.001 0.082 0.026   20.535
2870_9072   FeI 5686.530 4.549 -0.446   9.8  0.7  6.062  0.028  0.000 -0.002  0.000 0.043 0.026  182.028
2870_9072   FeI 5701.544 2.560 -2.216  18.0  1.0  6.046  0.048  0.000 -0.002  0.000 0.039 0.026   24.398
2870_9072   FeI 5717.833 4.284 -0.960   5.6  0.6  6.032  0.030  0.000  0.000  0.000 0.057 0.026   99.141
2870_9072   FeI 6027.050 4.076 -1.089   8.5  0.7  5.974  0.033  0.001 -0.001  0.001 0.047 0.026  113.556
2870_9072   FeI 6151.615 2.223 -3.573   4.0  0.5  6.076  0.050  0.000  0.000  0.000 0.073 0.026   -0.623
2870_9072   FeI 6173.335 2.222 -2.880  11.2  0.8  6.147  0.050  0.001 -0.001  0.001 0.047 0.026   -3.942
2870_9072   FeI 6180.204 2.728 -2.649   3.8  0.5  5.910  0.045  0.001 -0.001  0.000 0.068 0.026   16.409
2870_9072   FeI 6200.313 2.609 -2.437  10.8  0.8  6.069  0.047  0.001 -0.002  0.001 0.050 0.026   18.115
2870_9072   FeI 6213.430 2.223 -2.482  16.1  1.0  6.025  0.051  0.000 -0.003  0.000 0.042 0.026    2.574
2870_9072   FeI 6219.281 2.198 -2.433  21.3  1.2  6.043  0.052  0.000 -0.003  0.001 0.041 0.026   -7.832
2870_9072   FeI 6230.723 2.559 -1.281  59.0  2.7  6.036  0.057 -0.003 -0.019  0.001 0.072 0.026    7.796
2870_9072   FeI 6246.318 3.603 -0.770  29.9  1.4  6.054  0.041 -0.002 -0.005  0.000 0.040 0.026  108.988
2870_9072   FeI 6252.555 2.404 -1.687  50.4  2.4  6.168  0.056 -0.003 -0.015  0.001 0.061 0.026    6.193
2870_9072   FeI 6265.134 2.176 -2.550  19.6  1.1  6.155  0.051  0.001 -0.003  0.000 0.039 0.026   -1.446
2870_9072   FeI 6335.330 2.200 -2.177  29.6  1.5  6.032  0.053 -0.001 -0.005  0.001 0.044 0.026   -4.380
2870_9072   FeI 6336.824 3.686 -0.850  22.8  1.2  6.072  0.039 -0.001 -0.003  0.000 0.041 0.026  108.559
2870_9072   FeI 6355.029 2.845 -2.291   9.7  0.8  6.104  0.045  0.000 -0.001  0.000 0.050 0.026   30.497
2870_9072   FeI 6358.690 0.859 -4.468   8.3  0.7  6.127  0.064  0.000 -0.001  0.001 0.049 0.026  -91.143
2870_9072   FeI 6393.601 2.433 -1.576  56.1  2.7  6.182  0.058 -0.004 -0.018  0.000 0.068 0.026    6.529
2870_9072   FeI 6411.649 3.654 -0.590  38.6  1.9  6.128  0.043 -0.003 -0.007  0.000 0.047 0.026   75.909
2870_9072   FeI 6421.350 2.279 -2.027  40.4  1.9  6.117  0.055 -0.002 -0.010  0.000 0.050 0.026   -0.767
2870_9072   FeI 6430.846 2.176 -2.006  41.8  2.0  6.033  0.056 -0.001 -0.011  0.000 0.052 0.026   -6.511
2870_9072  FeII 4178.862 2.583 -2.510  50.3  2.4  6.049  0.010  0.016 -0.017  0.002 0.072 0.016   56.962
2870_9072  FeII 4233.172 2.583 -1.970  77.0  3.6  5.996  0.016  0.012 -0.032  0.002 0.121 0.016   23.951
2870_9072  FeII 4923.927 2.891 -1.260  98.0  4.6  6.058  0.020  0.008 -0.029  0.003 0.123 0.016   26.287
2870_9072  FeII 4993.350 2.810 -3.620   8.5  0.8  6.110  0.007  0.017  0.000  0.003 0.054 0.016   91.884
2870_9072  FeII 5018.440 2.891 -1.100 108.2  5.1  6.069  0.021  0.006 -0.026  0.002 0.120 0.016   32.718
2870_9072  FeII 5132.670 2.810 -4.080   3.8  0.6  6.095  0.007  0.017  0.000  0.003 0.083 0.016   41.392
2870_9072  FeII 5197.577 3.230 -2.220  44.5  2.1  6.106  0.006  0.015 -0.011  0.003 0.056 0.016  107.941
2870_9072  FeII 5234.630 3.220 -2.180  46.1  2.2  6.053  0.006  0.016 -0.014  0.002 0.062 0.016   85.441
2870_9072  FeII 5264.810 3.230 -3.130   9.7  0.7  6.012  0.004  0.016 -0.001  0.002 0.045 0.016  170.187
2870_9072  FeII 5284.110 2.890 -3.110  18.5  1.1  6.077  0.006  0.018 -0.003  0.003 0.043 0.016  116.240
2870_9072  FeII 5325.560 3.220 -3.160   8.3  0.7  6.033  0.003  0.017 -0.001  0.002 0.048 0.016  146.659
2870_9072  FeII 5534.850 3.240 -2.750  20.2  1.1  6.065  0.005  0.016 -0.004  0.002 0.041 0.016  192.538
2870_9072  FeII 6084.100 3.200 -3.790   2.3  0.5  5.880  0.004  0.016  0.000  0.002 0.107 0.016   32.994
2870_9072  FeII 6149.250 3.890 -2.690   7.5  0.6  6.063 -0.001  0.016 -0.002  0.002 0.047 0.016  175.758
2870_9072  FeII 6238.390 3.890 -2.600   8.1  0.7  6.031 -0.002  0.016 -0.001  0.002 0.053 0.016  148.252
2870_9072  FeII 6247.560 3.890 -2.300  17.2  1.0  6.164 -0.001  0.016 -0.003  0.002 0.041 0.016  231.290
2870_9072  FeII 6416.930 3.890 -2.640   5.7  0.6  5.980 -0.002  0.017 -0.001  0.001 0.059 0.016  124.284
2870_9072   NiI 4806.990 3.680 -0.600   3.5  0.5  4.572  0.032  0.002  0.000  0.000 0.072 0.047   30.569
2870_9072   NiI 4829.030 3.540 -0.330  11.2  0.8  4.635  0.033  0.001 -0.001  0.001 0.046 0.047   52.239
2870_9072   NiI 4831.180 3.610 -0.380   9.9  0.8  4.719  0.033  0.001 -0.001  0.000 0.050 0.047   48.748
2870_9072   NiI 4904.420 3.540 -0.190  16.6  1.0  4.671  0.035  0.001 -0.003  0.001 0.042 0.047   54.250
2870_9072   NiI 4913.980 3.740 -0.620   6.0  0.8  4.838  0.032  0.002 -0.001  0.000 0.069 0.047   34.528
2870_9072   NiI 4935.830 3.940 -0.310   5.6  0.7  4.643  0.030  0.002  0.000  0.000 0.068 0.047   40.075
2870_9072   NiI 4937.350 3.610 -0.380   8.0  0.7  4.645  0.033  0.002 -0.001  0.000 0.048 0.047   48.587
2870_9072   NiI 4953.210 3.740 -0.610   4.6  0.7  4.684  0.032  0.002  0.000  0.000 0.076 0.047   28.697
2870_9072   NiI 4998.230 3.610 -0.760   2.7  0.5  4.453  0.033  0.001 -0.001  0.001 0.090 0.047   21.590
2870_9072   NiI 5035.370 3.630  0.120  22.8  1.2  4.636  0.035  0.000 -0.004  0.001 0.040 0.047   62.546
2870_9072   NiI 5081.120 3.850  0.220  23.8  1.2  4.770  0.033  0.001 -0.003  0.001 0.039 0.047   69.202
2870_9072   NiI 5082.350 3.660 -0.550   5.2  0.6  4.549  0.033  0.001 -0.001  0.001 0.062 0.047   37.110
2870_9072   NiI 5084.100 3.680 -0.040  16.7  1.0  4.638  0.034  0.001 -0.002  0.001 0.040 0.047   58.386
2870_9072   NiI 5099.940 3.680 -0.180  11.9  0.8  4.671  0.032  0.002 -0.002  0.000 0.041 0.047   67.795
2870_9072   NiI 5102.970 1.680 -2.830   2.1  0.5  4.621  0.051  0.001  0.000  0.001 0.122 0.047  -11.887
2870_9072   NiI 5115.400 3.830 -0.140   9.8  0.7  4.644  0.031  0.001 -0.001  0.000 0.040 0.047   72.056
2870_9072   NiI 5155.770 3.900 -0.110   8.3  0.7  4.619  0.031  0.001 -0.001  0.000 0.050 0.047   57.707
2870_9072   NiI 5176.560 3.900 -0.460   4.0  0.6  4.655  0.030  0.002  0.000  0.000 0.076 0.047   36.964
2870_9072   NiI 5578.730 1.680 -2.740   2.4  0.5  4.461  0.051  0.001 -0.001  0.000 0.104 0.047  -14.104
2870_9072   NiI 5587.870 1.930 -2.410   4.7  0.6  4.814  0.049  0.001 -0.001  0.001 0.063 0.047  -23.702
2870_9072   NiI 6108.130 1.680 -2.610   5.4  0.6  4.743  0.052  0.002 -0.002  0.001 0.061 0.047  -33.371
2870_9072   NiI 6176.820 4.090 -0.310   5.0  0.7  4.705  0.030  0.001  0.000  0.000 0.077 0.047   37.178
2870_9072   ZnI 4722.160 4.030 -0.390  13.3  0.8  3.026  0.024  0.007 -0.002  0.001 0.040 0.000  338.909
2870_9072   ZnI 4810.540 4.080 -0.170  17.9  1.0  3.033  0.023  0.007 -0.003  0.001 0.041 0.000  333.077
2870_9072   YII 4883.690 1.080  0.070   9.9  0.7  0.298  0.024  0.016 -0.002  0.003 0.045 0.000  255.310
2870_9072   YII 5087.430 1.080 -0.170   5.8  0.6  0.295  0.024  0.016 -0.002  0.003 0.055 0.000  173.491
2870_9072  BaII 4934.100 0.000 -1.151 102.4  4.8  0.248  0.052  0.016 -0.022 -0.002 0.139 0.000   15.063
2870_9072  BaII 5853.700 0.604 -2.463  15.8  0.9  0.301  0.032  0.015 -0.004  0.003 0.041 0.000  236.518
2870_9072  BaII 6141.700 0.704 -2.855  55.2  2.7  0.348  0.043  0.015 -0.031 -0.001 0.088 0.000   58.612
2870_9072  BaII 6496.896 0.604 -1.623  44.1  2.1  0.278  0.037  0.012 -0.017  0.004 0.068 0.000   96.144
3336_0672   NaI 5688.227 2.100 -1.453  10.8  0.7  4.464  0.066  0.002 -0.000  0.000 0.038 0.206   17.054
3336_0672   NaI 5889.959 0.000 -0.193 204.0  9.4  4.122  0.180 -0.021 -0.026  0.006 0.086 0.206    9.833
3336_0672   NaI 5895.910 0.000 -0.575 157.6  7.3  3.954  0.178 -0.019 -0.043  0.006 0.092 0.206   10.852
3336_0672   MgI 4167.271 4.346 -0.746  66.4  3.2  5.819  0.075 -0.001 -0.009  0.001 0.054 0.060   68.845
3336_0672   MgI 4730.040 4.340 -2.379   3.5  0.4  6.010  0.064  0.005  0.000  0.000 0.055 0.060   64.266
3336_0672   MgI 5167.321 2.709 -0.854 253.3 11.7  5.954  0.168 -0.019 -0.014  0.006 0.075 0.060  -14.469
3336_0672   MgI 5172.684 2.712 -0.363 460.9 21.2  6.029  0.168 -0.020 -0.006  0.006 0.064 0.060  -25.035
3336_0672   MgI 5183.604 2.717 -0.168 542.0 25.0  5.946  0.168 -0.019 -0.003  0.006 0.062 0.060  -29.649
3336_0672   MgI 5528.405 4.346 -0.547 107.2  4.9  6.013  0.105 -0.011 -0.017  0.003 0.065 0.060   44.979
3336_0672   MgI 5711.100 4.340 -1.842  16.9  0.9  6.063  0.071  0.002 -0.003  0.000 0.035 0.060   85.077
3336_0672   SiI 5690.430 4.930 -1.880   5.0  0.5  6.246  0.039  0.007 -0.000  0.001 0.052 0.000  214.925
3336_0672   CaI 4283.011 1.886 -0.224  72.0  3.4  4.711  0.125 -0.008 -0.046  0.003 0.076 0.047    6.587
3336_0672   CaI 4318.652 1.899 -0.210  67.8  3.1  4.741  0.123 -0.006 -0.043  0.003 0.072 0.047    4.057
3336_0672   CaI 4425.437 1.879 -0.358  65.6  3.0  4.753  0.121 -0.006 -0.037  0.002 0.067 0.047   -1.314
3336_0672   CaI 4454.779 1.899  0.258 108.0  5.0  4.632  0.141 -0.014 -0.043  0.006 0.083 0.047  -10.764
3336_0672   CaI 4455.887 1.899 -0.530  51.2  2.4  4.765  0.112 -0.002 -0.028  0.002 0.055 0.047   -5.636
3336_0672   CaI 5265.556 2.523 -0.260  43.3  2.0  4.950  0.096 -0.002 -0.037  0.001 0.051 0.047   52.275
3336_0672   CaI 5512.990 2.930 -0.300  13.8  0.7  4.892  0.073  0.002 -0.006  0.001 0.035 0.047   45.654
3336_0672   CaI 5581.980 2.520 -0.710  22.7  1.1  4.847  0.087  0.001 -0.017  0.000 0.040 0.047   30.020
3336_0672   CaI 5588.749 2.526  0.210  67.9  3.2  4.805  0.116 -0.010 -0.065  0.002 0.079 0.047   46.420
3336_0672   CaI 5590.130 2.520 -0.710  21.3  1.0  4.844  0.087  0.001 -0.014  0.000 0.038 0.047   22.634
3336_0672   CaI 5594.462 2.523 -0.050  51.8  2.4  4.855  0.102 -0.005 -0.048  0.001 0.062 0.047   53.182
3336_0672   CaI 5857.451 2.933  0.230  41.7  2.0  4.821  0.087 -0.003 -0.014  0.001 0.047 0.047   29.713
3336_0672   CaI 6102.723 1.879 -0.793  41.0  1.9  4.707  0.114 -0.003 -0.017  0.002 0.048 0.047  -37.029
3336_0672   CaI 6122.217 1.886 -0.315  86.1  4.0  4.777  0.139 -0.013 -0.037  0.004 0.070 0.047  -20.512
3336_0672   CaI 6162.173 1.899 -0.089  96.9  4.5  4.650  0.146 -0.015 -0.037  0.004 0.076 0.047  -26.084
3336_0672   CaI 6166.440 2.520 -0.900   7.0  0.5  4.780  0.084  0.002 -0.003  0.000 0.043 0.047   -5.179
3336_0672   CaI 6169.040 2.520 -0.540  15.4  0.7  4.794  0.087  0.001 -0.006  0.001 0.035 0.047   -0.581
3336_0672   CaI 6169.560 2.520 -0.270  32.2  1.5  4.887  0.093 -0.001 -0.011  0.001 0.042 0.047   -1.101
3336_0672   CaI 6439.075 2.526  0.470  80.6  3.7  4.842  0.128 -0.014 -0.068  0.003 0.083 0.047   36.083
3336_0672   CaI 6493.781 2.521  0.140  45.0  2.2  4.833  0.100 -0.004 -0.040  0.002 0.057 0.047   46.601
3336_0672   TiI 4820.410 1.500 -0.380   3.9  0.4  3.387  0.125  0.005 -0.003  0.001 0.053 0.016   35.721
3336_0672   TiI 4913.620 1.870  0.220   4.2  0.4  3.314  0.116  0.004 -0.003  0.000 0.052 0.016   59.751
3336_0672   TiI 4981.731 0.848  0.570  53.0  2.5  3.419  0.164 -0.003 -0.077  0.002 0.064 0.016   72.966
3336_0672   TiI 4991.065 0.836  0.450  43.9  2.0  3.330  0.157 -0.001 -0.057  0.001 0.054 0.016   72.467
3336_0672   TiI 4999.510 0.830  0.320  36.6  1.7  3.279  0.155  0.001 -0.043  0.001 0.049 0.016   57.323
3336_0672   TiI 5016.170 0.850 -0.480   9.7  0.6  3.400  0.143  0.004 -0.009  0.000 0.039 0.016    9.467
3336_0672   TiI 5022.870 0.830 -0.330  12.4  0.7  3.356  0.146  0.004 -0.011  0.001 0.037 0.016   12.455
3336_0672   TiI 5024.850 0.820 -0.530  10.1  0.6  3.321  0.146  0.004 -0.009  0.001 0.039 0.016    2.171
3336_0672   TiI 5039.960 0.020 -1.080  15.8  0.8  3.307  0.168  0.004 -0.014  0.001 0.035 0.016  -81.459
3336_0672   TiI 5147.480 0.000 -1.940   3.0  0.4  3.503  0.166  0.004 -0.003  0.000 0.082 0.016  -25.159
3336_0672   TiI 5192.980 0.020 -0.950  18.8  0.9  3.288  0.171  0.003 -0.017  0.001 0.037 0.016  -70.306
3336_0672   TiI 5210.390 0.050 -0.820  25.7  1.2  3.384  0.171  0.002 -0.026  0.002 0.040 0.016  -31.067
3336_0672   TiI 5866.420 1.070 -0.790   5.0  0.4  3.334  0.141  0.003 -0.003  0.001 0.047 0.016    3.746
3336_0672   TiI 6258.110 1.440 -0.390   5.0  0.4  3.349  0.132  0.003 -0.003  0.001 0.046 0.016   30.579
3336_0672  TiII 4053.821 1.893 -1.070  21.1  1.3  3.504  0.027  0.020 -0.023  0.004 0.050 0.000  172.802
3336_0672  TiII 4320.950 1.165 -1.880  24.9  1.3  3.448  0.046  0.019 -0.026  0.006 0.050 0.000  105.071
3336_0672  TiII 4395.031 1.084 -0.540  86.8  4.1  3.353  0.091  0.005 -0.137  0.006 0.122 0.000   38.905
3336_0672  TiII 4399.765 1.237 -1.200  57.4  2.7  3.421  0.059  0.013 -0.111  0.006 0.101 0.000   64.472
3336_0672  TiII 4443.801 1.080 -0.710  81.8  3.8  3.410  0.087  0.006 -0.145  0.006 0.123 0.000   43.553
3336_0672  TiII 4450.482 1.084 -1.520  44.9  2.2  3.433  0.055  0.017 -0.071  0.006 0.077 0.000   73.616
3336_0672  TiII 4468.507 1.131 -0.630  78.9  3.6  3.314  0.082  0.007 -0.142  0.006 0.119 0.000   47.973
3336_0672  TiII 5129.156 1.892 -1.340  16.3  0.8  3.457  0.030  0.019 -0.014  0.006 0.041 0.000  223.328
3336_0672  TiII 5336.789 1.582 -1.600  18.9  0.9  3.452  0.036  0.018 -0.017  0.004 0.042 0.000  194.009
3336_0672   CrI 4254.336 0.000 -0.090 127.2  6.0  3.784  0.216 -0.015 -0.071  0.006 0.111 0.064    4.799
3336_0672   CrI 5206.037 0.941  0.019  92.1  4.3  3.894  0.189 -0.015 -0.097  0.006 0.095 0.064   31.607
3336_0672   CrI 5296.700 0.980 -1.360  17.2  0.8  3.914  0.146  0.003 -0.014  0.001 0.035 0.064   17.717
3336_0672   CrI 5300.750 0.980 -2.000   4.5  0.4  4.042  0.141  0.004 -0.003  0.001 0.048 0.064    7.945
3336_0672   MnI 4783.415 2.298 -1.560  23.9  1.1  3.345  0.118  0.003 -0.011  0.001 0.036 0.042   13.526
3336_0672   MnI 4823.515 2.319 -2.980  25.8  1.2  3.328  0.123  0.003 -0.017  0.002 0.038 0.042   16.668
3336_0672   MnI 6013.478 3.072 -0.870   3.5  0.3  3.196  0.100  0.004  0.000  0.000 0.046 0.042   24.226
3336_0672   MnI 6021.804 3.075 -2.760   3.7  0.3  3.290  0.100  0.004 -0.003  0.000 0.048 0.042   29.351
3336_0672   FeI 4134.678 2.831 -0.649  61.6  2.9  5.818  0.137 -0.005 -0.120  0.002 0.081 0.064   36.633
3336_0672   FeI 4147.669 1.485 -2.104  55.3  2.6  5.695  0.164 -0.001 -0.111  0.003 0.073 0.064   10.739
3336_0672   FeI 4154.499 2.831 -0.688  59.9  2.9  5.616  0.137 -0.004 -0.074  0.002 0.074 0.064   21.217
3336_0672   FeI 4154.806 3.368 -0.400  55.0  2.6  5.792  0.118 -0.003 -0.048  0.003 0.056 0.064   33.666
3336_0672   FeI 4156.799 2.831 -0.809  56.5  2.7  5.758  0.132 -0.002 -0.111  0.002 0.076 0.064   37.331
3336_0672   FeI 4175.636 2.845 -0.827  51.6  2.4  5.708  0.128 -0.001 -0.097  0.001 0.070 0.064   38.247
3336_0672   FeI 4181.755 2.831 -0.371  71.3  3.3  5.718  0.146 -0.007 -0.125  0.004 0.097 0.064   26.401
3336_0672   FeI 4187.039 2.449 -0.560  96.4  4.5  5.731  0.166 -0.013 -0.063  0.006 0.087 0.064   -0.797
3336_0672   FeI 4187.795 2.425 -0.554 113.1  5.3  5.730  0.171 -0.014 -0.054  0.006 0.088 0.064   -6.066
3336_0672   FeI 4191.431 2.469 -0.666  94.3  4.4  5.746  0.164 -0.012 -0.063  0.006 0.086 0.064    0.082
3336_0672   FeI 4199.095 3.047  0.170  94.7  4.4  5.811  0.153 -0.013 -0.105  0.004 0.107 0.064   17.442
3336_0672   FeI 4202.029 1.485 -0.708 150.6  7.0  5.669  0.198 -0.015 -0.048  0.007 0.100 0.064  -22.070
3336_0672   FeI 4216.184 0.000 -3.356  69.1  3.2  5.691  0.214 -0.005 -0.174  0.003 0.099 0.064   -2.045
3336_0672   FeI 4222.213 2.449 -0.967  70.2  3.3  5.693  0.153 -0.008 -0.068  0.004 0.073 0.064    8.888
3336_0672   FeI 4233.603 2.482 -0.600  98.5  4.6  5.746  0.164 -0.012 -0.060  0.004 0.087 0.064   -0.845
3336_0672   FeI 4238.810 3.396 -0.233  53.6  2.5  5.739  0.116 -0.003 -0.048  0.002 0.057 0.064   35.555
3336_0672   FeI 4250.787 1.557 -0.714 120.1  5.6  5.572  0.196 -0.014 -0.074  0.006 0.108 0.064  -12.626
3336_0672   FeI 4271.761 1.485 -0.164 275.0 12.7  5.706  0.200 -0.016 -0.014  0.006 0.076 0.064  -46.009
3336_0672   FeI 4282.403 2.176 -0.779  82.9  3.9  5.727  0.168 -0.011 -0.151  0.003 0.117 0.064   17.139
3336_0672   FeI 4404.750 1.557 -0.142 282.2 13.0  5.732  0.198 -0.016 -0.014  0.006 0.076 0.064  -44.124
3336_0672   FeI 4442.339 2.198 -1.255  77.2  3.6  5.746  0.164 -0.008 -0.097  0.004 0.086 0.064    8.920
3336_0672   FeI 4461.653 0.087 -3.210  72.9  3.4  5.664  0.216 -0.007 -0.168  0.003 0.103 0.064   -3.614
3336_0672   FeI 4466.552 2.831 -0.600  68.0  3.2  5.835  0.141 -0.007 -0.142  0.002 0.092 0.064   36.856
3336_0672   FeI 4494.563 2.198 -1.140  79.1  3.6  5.774  0.166 -0.009 -0.097  0.003 0.086 0.064    8.160
3336_0672   FeI 4788.757 3.236 -1.763   6.3  0.5  5.632  0.100  0.005 -0.006  0.000 0.048 0.064   24.397
3336_0672   FeI 4800.649 4.143 -1.029   4.6  0.4  5.829  0.077  0.005 -0.003  0.001 0.048 0.064   51.706
3336_0672   FeI 4871.318 2.865 -0.340  85.1  4.0  5.724  0.155 -0.011 -0.060  0.006 0.077 0.064    5.618
3336_0672   FeI 4872.138 2.882 -0.567  78.0  3.7  5.797  0.150 -0.010 -0.060  0.004 0.071 0.064    9.277
3336_0672   FeI 4890.755 2.875 -0.380  94.6  4.4  5.797  0.157 -0.013 -0.057  0.006 0.078 0.064    4.208
3336_0672   FeI 4891.492 2.851 -0.112 119.5  5.5  5.764  0.164 -0.015 -0.048  0.006 0.085 0.064   -2.641
3336_0672   FeI 4918.994 2.865 -0.342  93.9  4.3  5.715  0.157 -0.013 -0.060  0.006 0.080 0.064    5.178
3336_0672   FeI 4920.503 2.832  0.068 154.3  7.2  5.824  0.171 -0.017 -0.034  0.006 0.085 0.064  -11.121
3336_0672   FeI 4924.769 2.279 -2.114  23.3  1.1  5.824  0.132  0.004 -0.023  0.001 0.036 0.064   -5.376
3336_0672   FeI 4939.686 0.859 -3.340  41.0  1.9  5.888  0.175  0.002 -0.065  0.002 0.048 0.064  -31.111
3336_0672   FeI 4950.106 3.417 -1.500   8.7  0.6  5.809  0.098  0.004 -0.006  0.001 0.046 0.064   29.597
3336_0672   FeI 4957.299 2.851 -0.408  93.1  4.3  5.823  0.159 -0.013 -0.060  0.004 0.077 0.064    3.607
3336_0672   FeI 4962.572 4.178 -1.182   5.1  0.5  5.891  0.077  0.005 -0.003  0.000 0.052 0.064   48.573
3336_0672   FeI 4973.102 3.960 -0.690  19.3  1.0  5.950  0.087  0.003 -0.011  0.001 0.036 0.064   57.454
3336_0672   FeI 5044.211 2.851 -2.017   8.6  0.5  5.691  0.112  0.004 -0.006  0.001 0.035 0.064   13.463
3336_0672   FeI 5049.819 2.279 -1.355  63.8  3.0  5.799  0.157 -0.007 -0.097  0.003 0.073 0.064   16.030
3336_0672   FeI 5074.750 4.220 -0.230  38.6  1.8  5.879  0.091  0.000 -0.023  0.002 0.043 0.064   57.221
3336_0672   FeI 5090.780 4.260 -0.490  14.3  0.7  5.814  0.077  0.004 -0.006  0.000 0.036 0.064   65.246
3336_0672   FeI 5127.359 0.915 -3.307  37.5  1.8  5.807  0.173  0.002 -0.057  0.002 0.048 0.064  -33.443
3336_0672   FeI 5131.468 2.222 -2.515  15.7  0.8  5.801  0.130  0.004 -0.014  0.001 0.037 0.064   -8.073
3336_0672   FeI 5133.689 4.178  0.360  57.1  2.6  5.883  0.105 -0.006 -0.040  0.002 0.053 0.064   50.263
3336_0672   FeI 5139.252 2.998 -0.730  57.9  2.7  5.831  0.134 -0.005 -0.048  0.003 0.053 0.064   18.668
3336_0672   FeI 5139.463 2.940 -0.509  81.9  3.8  5.689  0.153 -0.011 -0.060  0.004 0.075 0.064    7.695
3336_0672   FeI 5141.739 2.424 -2.238  16.5  0.8  5.816  0.125  0.004 -0.014  0.001 0.036 0.064   -1.228
3336_0672   FeI 5145.093 2.198 -2.876   3.8  0.3  5.755  0.128  0.005 -0.003  0.001 0.052 0.064  -11.671
3336_0672   FeI 5191.455 3.038 -0.551  71.4  3.4  5.859  0.143 -0.009 -0.054  0.004 0.064 0.064   13.548
3336_0672   FeI 5194.942 1.557 -2.090  64.7  3.0  5.789  0.178 -0.007 -0.117  0.003 0.077 0.064    6.137
3336_0672   FeI 5198.711 2.222 -2.135  31.3  1.5  5.853  0.137  0.002 -0.037  0.002 0.041 0.064    1.143
3336_0672   FeI 5216.274 1.608 -2.150  65.0  3.0  5.881  0.178 -0.007 -0.117  0.003 0.075 0.064    6.380
3336_0672   FeI 5225.526 0.110 -4.789  16.5  0.8  5.957  0.187  0.005 -0.017  0.002 0.038 0.064  -91.608
3336_0672   FeI 5232.940 2.940 -0.057 122.5  5.6  5.771  0.164 -0.017 -0.046  0.006 0.083 0.064   -2.217
3336_0672   FeI 5242.491 3.634 -0.830  18.4  1.0  5.840  0.096  0.003 -0.017  0.001 0.039 0.064   45.832
3336_0672   FeI 5250.209 0.121 -4.938  13.2  0.7  5.976  0.187  0.005 -0.014  0.001 0.036 0.064  -96.055
3336_0672   FeI 5250.646 2.198 -2.181  29.3  1.4  5.707  0.137  0.002 -0.031  0.002 0.043 0.064   -2.674
3336_0672   FeI 5253.461 3.283 -1.580   8.6  0.5  5.772  0.102  0.005 -0.006  0.001 0.035 0.064   25.976
3336_0672   FeI 5263.306 3.266 -0.870  36.0  1.7  5.821  0.114  0.000 -0.023  0.002 0.042 0.064   26.384
3336_0672   FeI 5266.555 2.998 -0.385  85.9  3.9  5.804  0.153 -0.012 -0.057  0.004 0.073 0.064    7.673
3336_0672   FeI 5281.790 3.038 -0.834  56.1  2.6  5.869  0.132 -0.005 -0.046  0.002 0.054 0.064   19.609
3336_0672   FeI 5288.524 3.695 -1.490   5.3  0.4  5.915  0.091  0.005 -0.006  0.001 0.046 0.064   37.191
3336_0672   FeI 5307.361 1.608 -2.987  18.9  0.9  5.757  0.148  0.004 -0.020  0.001 0.034 0.064  -32.454
3336_0672   FeI 5328.038 0.915 -1.466 149.1  6.9  5.612  0.221 -0.017 -0.060  0.006 0.101 0.064  -30.303
3336_0672   FeI 5328.531 1.557 -1.850  75.7  3.5  5.711  0.189 -0.010 -0.125  0.003 0.091 0.064    2.249
3336_0672   FeI 5339.929 3.266 -0.630  54.0  2.5  5.826  0.125 -0.005 -0.040  0.002 0.052 0.064   25.233
3336_0672   FeI 5473.900 4.154 -0.720  10.5  0.6  5.819  0.082  0.004 -0.006  0.001 0.036 0.064   58.236
3336_0672   FeI 5497.516 1.011 -2.849  60.0  2.8  5.820  0.189 -0.005 -0.117  0.002 0.071 0.064   -5.276
3336_0672   FeI 5501.465 0.958 -3.047  53.5  2.5  5.882  0.184 -0.003 -0.100  0.002 0.060 0.064  -12.343
3336_0672   FeI 5506.779 0.990 -2.797  62.7  2.9  5.854  0.191 -0.006 -0.122  0.004 0.072 0.064   -3.979
3336_0672   FeI 5567.391 2.609 -2.671   5.1  0.4  5.880  0.118  0.005 -0.003  0.001 0.050 0.064   -0.635
3336_0672   FeI 5569.618 3.417 -0.520  55.2  2.5  5.836  0.123 -0.005 -0.037  0.003 0.051 0.064   26.542
3336_0672   FeI 5572.842 3.396 -0.280  75.5  3.5  5.891  0.139 -0.010 -0.048  0.004 0.062 0.064   16.961
3336_0672   FeI 5586.756 3.368 -0.110  87.2  4.0  5.828  0.146 -0.013 -0.051  0.004 0.069 0.064   12.818
3336_0672   FeI 5686.530 4.549 -0.446   6.8  0.4  5.783  0.071  0.003 -0.003  0.001 0.036 0.064   75.011
3336_0672   FeI 5701.544 2.560 -2.216  14.9  0.7  5.756  0.123  0.004 -0.014  0.002 0.035 0.064    2.183
3336_0672   FeI 5717.833 4.284 -0.960   3.3  0.3  5.680  0.077  0.004 -0.000  0.001 0.050 0.064   49.993
3336_0672   FeI 6003.020 3.880 -1.100  10.2  0.6  5.876  0.091  0.003 -0.003  0.000 0.036 0.064   44.271
3336_0672   FeI 6173.335 2.222 -2.880   7.5  0.5  5.753  0.132  0.004 -0.006  0.001 0.043 0.064  -16.193
3336_0672   FeI 6200.313 2.609 -2.437   9.4  0.5  5.812  0.123  0.004 -0.009  0.002 0.041 0.064   -1.893
3336_0672   FeI 6213.430 2.223 -2.482  16.7  0.8  5.842  0.134  0.003 -0.017  0.002 0.037 0.064  -11.402
3336_0672   FeI 6219.281 2.198 -2.433  20.3  1.0  5.809  0.137  0.002 -0.020  0.002 0.038 0.064  -11.091
3336_0672   FeI 6230.723 2.559 -1.281  63.5  2.9  5.829  0.155 -0.009 -0.085  0.003 0.065 0.064   17.136
3336_0672   FeI 6246.318 3.603 -0.770  29.3  1.4  5.852  0.105  0.000 -0.017  0.002 0.038 0.064   37.452
3336_0672   FeI 6252.555 2.404 -1.687  52.5  2.4  5.958  0.150 -0.005 -0.071  0.002 0.055 0.064   12.518
3336_0672   FeI 6265.134 2.176 -2.550  18.6  0.9  5.915  0.137  0.003 -0.017  0.001 0.035 0.064  -15.126
3336_0672   FeI 6335.330 2.200 -2.177  27.9  1.4  5.779  0.139  0.002 -0.031  0.002 0.042 0.064   -5.920
3336_0672   FeI 6336.824 3.686 -0.850  24.0  1.2  5.927  0.100  0.001 -0.014  0.001 0.037 0.064   40.773
3336_0672   FeI 6358.690 0.859 -4.468  10.6  0.6  5.988  0.168  0.004 -0.011  0.002 0.039 0.064  -66.574
3336_0672   FeI 6393.601 2.433 -1.576  56.4  2.6  5.915  0.155 -0.006 -0.077  0.003 0.057 0.064   11.131
3336_0672   FeI 6411.649 3.654 -0.590  37.5  1.8  5.891  0.109 -0.002 -0.020  0.002 0.041 0.064   34.086
3336_0672   FeI 6421.350 2.279 -2.027  37.9  1.8  5.834  0.143 -0.001 -0.043  0.002 0.047 0.064   -0.235
3336_0672   FeI 6430.846 2.176 -2.006  47.0  2.2  5.901  0.153 -0.003 -0.065  0.002 0.052 0.064    4.579
3336_0672  FeII 4178.862 2.583 -2.510  27.2  1.4  5.761  0.009  0.020 -0.040  0.003 0.055 0.068   76.811
3336_0672  FeII 4233.172 2.583 -1.970  57.2  2.7  5.731  0.023  0.013 -0.128  0.004 0.102 0.068    0.892
3336_0672  FeII 4923.927 2.891 -1.260  80.3  3.7  5.839  0.036  0.006 -0.137  0.006 0.112 0.068    2.576
3336_0672  FeII 4993.350 2.810 -3.620   2.2  0.3  5.729  0.000  0.021 -0.003  0.003 0.068 0.068   87.328
3336_0672  FeII 5018.440 2.891 -1.100  83.5  3.8  5.732  0.039  0.005 -0.134  0.006 0.109 0.068    5.019
3336_0672  FeII 5132.670 2.810 -4.080   1.7  0.3  5.976  0.000  0.020 -0.003  0.004 0.086 0.068   66.643
3336_0672  FeII 5197.577 3.230 -2.220  21.4  1.0  5.835 -0.007  0.019 -0.023  0.003 0.044 0.068   97.247
3336_0672  FeII 5234.630 3.220 -2.180  28.0  1.3  5.904 -0.005  0.018 -0.037  0.004 0.050 0.068   75.327
3336_0672  FeII 5264.810 3.230 -3.130   3.6  0.3  5.803 -0.009  0.020 -0.003  0.004 0.047 0.068  110.207
3336_0672  FeII 5284.110 2.890 -3.110   9.7  0.6  5.984 -0.000  0.020 -0.011  0.004 0.040 0.068  118.988
3336_0672  FeII 5325.560 3.220 -3.160   3.6  0.4  5.899 -0.009  0.020 -0.003  0.003 0.055 0.068  100.258
3336_0672  FeII 5534.850 3.240 -2.750   7.4  0.4  5.799 -0.009  0.019 -0.006  0.003 0.036 0.068  127.492
3336_0672  FeII 6238.390 3.890 -2.600   3.4  0.4  5.903 -0.023  0.018 -0.003  0.003 0.063 0.068   83.423
3336_0672  FeII 6247.560 3.890 -2.300   4.5  0.3  5.773 -0.023  0.018 -0.003  0.003 0.039 0.068  116.039
3336_0672  FeII 6416.930 3.890 -2.640   2.4  0.2  5.860 -0.023  0.019 -0.003  0.003 0.049 0.068  100.755
3336_0672  FeII 6432.680 2.890 -3.570   3.4  0.4  5.643 -0.000  0.018 -0.003  0.004 0.061 0.068   97.997
3336_0672   NiI 4829.030 3.540 -0.330   7.1  0.5  4.313  0.080  0.006 -0.003  0.001 0.043 0.106   12.810
3336_0672   NiI 4831.180 3.610 -0.380   8.3  0.5  4.535  0.077  0.006 -0.003  0.001 0.041 0.106   14.776
3336_0672   NiI 4904.420 3.540 -0.190  13.0  0.7  4.430  0.082  0.005 -0.006  0.001 0.037 0.106   14.284
3336_0672   NiI 4935.830 3.940 -0.310   6.9  0.6  4.653  0.071  0.006 -0.003  0.001 0.053 0.106   18.567
3336_0672   NiI 4937.350 3.610 -0.380   5.1  0.5  4.333  0.077  0.006 -0.003  0.001 0.050 0.106   13.892
3336_0672   NiI 4998.230 3.610 -0.760   5.8  0.5  4.702  0.077  0.006 -0.003  0.001 0.050 0.106   13.904
3336_0672   NiI 5010.940 3.630 -0.850   3.0  0.3  4.607  0.077  0.007 -0.003  0.001 0.066 0.106   11.717
3336_0672   NiI 5035.370 3.630  0.120  23.1  1.1  4.517  0.084  0.003 -0.014  0.001 0.035 0.106   20.483
3336_0672   NiI 5081.120 3.850  0.220  19.0  0.9  4.526  0.077  0.005 -0.011  0.001 0.035 0.106   22.538
3336_0672   NiI 5082.350 3.660 -0.550   3.8  0.3  4.307  0.075  0.006 -0.003  0.001 0.047 0.106   15.930
3336_0672   NiI 5084.100 3.680 -0.040  11.7  0.6  4.344  0.080  0.005 -0.006  0.001 0.034 0.106   16.427
3336_0672   NiI 5099.940 3.680 -0.180   8.2  0.5  4.385  0.077  0.006 -0.006  0.001 0.037 0.106   17.275
3336_0672   NiI 5102.970 1.680 -2.830   1.6  0.3  4.320  0.125  0.007 -0.000  0.001 0.103 0.106  -15.102
3336_0672   NiI 5115.400 3.830 -0.140   8.5  0.6  4.478  0.073  0.005 -0.006  0.001 0.039 0.106   21.373
3336_0672   NiI 5155.770 3.900 -0.110   7.8  0.5  4.496  0.073  0.006 -0.003  0.000 0.042 0.106   17.829
3336_0672   NiI 5578.730 1.680 -2.740   3.6  0.3  4.459  0.130  0.006 -0.003  0.002 0.054 0.106  -23.433
3336_0672   NiI 5587.870 1.930 -2.410   3.3  0.4  4.479  0.123  0.007 -0.003  0.001 0.059 0.106  -18.919
3336_0672   ZnI 4722.160 4.030 -0.390   9.2  0.6  2.905  0.025  0.014 -0.009  0.002 0.040 0.038  211.276
3336_0672   ZnI 4810.540 4.080 -0.170  10.1  0.6  2.796  0.025  0.013 -0.009  0.002 0.039 0.038  221.393
3336_0672   YII 4883.690 1.080  0.070   5.7  0.4  0.184  0.050  0.020 -0.009  0.004 0.043 0.081   70.153
3336_0672   YII 5087.430 1.080 -0.170   2.1  0.3 -0.018  0.050  0.020 -0.003  0.006 0.070 0.081   48.358
3336_0672  BaII 4934.100 0.000 -1.151  87.3  4.0  0.026  0.105  0.017 -0.071  0.002 0.116 0.000   14.061
3336_0672  BaII 5853.700 0.604 -2.463  10.3  0.5  0.188  0.066  0.019 -0.014  0.006 0.036 0.000  116.810
3336_0672  BaII 6141.700 0.704 -2.855  46.5  2.1  0.213  0.084  0.004 -0.097  0.008 0.071 0.000  153.940
3336_0672  BaII 6496.896 0.604 -1.623  33.3  1.5  0.127  0.077  0.014 -0.054  0.006 0.059 0.000  115.939
3341_2720   NaI 5889.959 0.000 -0.193 115.5  5.3  4.084  0.064 -0.004 -0.040  0.000 0.106 0.000   55.043
3341_2720   NaI 5895.910 0.000 -0.575 101.8  4.7  4.073  0.060 -0.003 -0.037 -0.002 0.108 0.000   54.877
3341_2720   MgI 4167.271 4.346 -0.746  38.9  1.9  5.924  0.028 -0.003 -0.004  0.001 0.053 0.000  199.298
3341_2720   MgI 5167.321 2.709 -0.854 109.8  5.1  5.982  0.062 -0.010 -0.034  0.001 0.100 0.000   13.850
3341_2720   MgI 5172.684 2.712 -0.363 154.6  7.1  6.062  0.073 -0.019 -0.024  0.001 0.085 0.000    0.033
3341_2720   MgI 5183.604 2.717 -0.168 176.2  8.1  6.022  0.076 -0.022 -0.019  0.001 0.079 0.000   -5.033
3341_2720   MgI 5528.405 4.346 -0.547  54.2  2.6  5.996  0.034 -0.002 -0.010  0.000 0.065 0.000  115.429
3341_2720   MgI 5711.100 4.340 -1.842   6.6  0.5  6.000  0.028  0.000 -0.001  0.001 0.042 0.000  300.608
3341_2720   SiI 6414.990 5.870 -1.080   3.2  0.5  6.358  0.018  0.001 -0.001  0.001 0.078 0.000  156.006
3341_2720   CaI 4226.728 0.000  0.244 169.7  7.9  5.054  0.082 -0.021 -0.022  0.001 0.077 0.031  -77.243
3341_2720   CaI 4283.011 1.886 -0.224  45.8  2.2  4.923  0.042 -0.002 -0.017  0.001 0.074 0.031   17.612
3341_2720   CaI 4289.367 1.879 -0.300  37.4  1.8  4.913  0.040 -0.002 -0.012  0.001 0.064 0.031   29.063
3341_2720   CaI 4318.652 1.899 -0.210  43.7  2.1  4.969  0.041 -0.002 -0.015  0.002 0.070 0.031   20.018
3341_2720   CaI 4425.437 1.879 -0.358  39.3  1.9  4.947  0.041 -0.002 -0.012  0.001 0.065 0.031   23.012
3341_2720   CaI 4454.779 1.899  0.258  61.7  2.9  4.751  0.046 -0.004 -0.027  0.001 0.087 0.031   11.195
3341_2720   CaI 4455.887 1.899 -0.530  24.5  1.2  4.848  0.038 -0.002 -0.005  0.001 0.051 0.031   39.358
3341_2720   CaI 5265.556 2.523 -0.260  23.1  1.2  4.995  0.034 -0.001 -0.007  0.001 0.047 0.031   76.466
3341_2720   CaI 5512.990 2.930 -0.300   6.2  0.5  4.923  0.030 -0.001 -0.001  0.001 0.045 0.031   98.866
3341_2720   CaI 5581.980 2.520 -0.710  12.7  0.8  4.997  0.034 -0.001 -0.003  0.001 0.043 0.031   81.738
3341_2720   CaI 5588.749 2.526  0.210  45.2  2.1  4.920  0.037 -0.001 -0.018  0.001 0.073 0.031   32.927
3341_2720   CaI 5590.130 2.520 -0.710   8.3  0.5  4.821  0.034 -0.001 -0.002  0.001 0.040 0.031   84.609
3341_2720   CaI 5594.462 2.523 -0.050  31.0  1.4  4.943  0.036 -0.001 -0.009  0.001 0.055 0.031   48.594
3341_2720   CaI 5857.451 2.933  0.230  23.8  1.2  4.941  0.032 -0.002 -0.006  0.001 0.047 0.031   90.708
3341_2720   CaI 6102.723 1.879 -0.793  21.9  1.1  4.928  0.042 -0.001 -0.005  0.001 0.048 0.031   11.187
3341_2720   CaI 6122.217 1.886 -0.315  46.3  2.2  4.928  0.046 -0.002 -0.016  0.001 0.068 0.031    3.837
3341_2720   CaI 6162.173 1.899 -0.089  61.6  2.9  4.967  0.052 -0.004 -0.025  0.001 0.081 0.031   -7.652
3341_2720   CaI 6169.040 2.520 -0.540   7.4  0.6  4.919  0.034 -0.001 -0.002  0.001 0.047 0.031   68.098
3341_2720   CaI 6169.560 2.520 -0.270  15.7  0.9  4.991  0.035 -0.001 -0.003  0.001 0.044 0.031   68.659
3341_2720   CaI 6439.075 2.526  0.470  48.6  2.3  4.859  0.040  0.000 -0.021  0.001 0.080 0.031   20.856
3341_2720   CaI 6493.781 2.521  0.140  26.4  1.3  4.951  0.035  0.001 -0.008  0.001 0.051 0.031   55.554
3341_2720   TiI 4981.731 0.848  0.570  23.1  1.2  3.593  0.056 -0.001 -0.007  0.001 0.052 0.105   26.621
3341_2720   TiI 4999.510 0.830  0.320  18.7  1.0  3.654  0.056 -0.001 -0.005  0.001 0.045 0.105   27.515
3341_2720   TiI 5016.170 0.850 -0.480   3.1  0.4  3.662  0.055 -0.001 -0.001  0.001 0.063 0.105   23.919
3341_2720   TiI 5022.870 0.830 -0.330   2.3  0.4  3.365  0.055 -0.002 -0.001  0.001 0.080 0.105   21.067
3341_2720   TiI 5024.850 0.820 -0.530   4.1  0.4  3.694  0.055 -0.002 -0.001  0.002 0.052 0.105   26.524
3341_2720   TiI 5039.960 0.020 -1.080   5.3  0.5  3.694  0.064 -0.002 -0.002  0.002 0.049 0.105   20.005
3341_2720   TiI 5192.980 0.020 -0.950   5.0  0.4  3.554  0.064  0.000 -0.002  0.002 0.045 0.105   19.426
3341_2720   TiI 5210.390 0.050 -0.820   5.6  0.5  3.515  0.064 -0.001 -0.002  0.001 0.050 0.105   19.524
3341_2720   TiI 5866.420 1.070 -0.790   3.1  0.5  3.894  0.054 -0.001 -0.001  0.001 0.080 0.105   21.432
3341_2720  TiII 4300.042 1.180 -0.460  80.4  3.8  3.629  0.037  0.012 -0.073  0.000 0.139 0.087   12.099
3341_2720  TiII 4301.922 1.161 -1.210  49.1  2.4  3.222  0.030  0.013 -0.025  0.001 0.103 0.087   26.260
3341_2720  TiII 4320.950 1.165 -1.880  21.5  1.2  3.526  0.029  0.013 -0.007  0.001 0.049 0.087   52.917
3341_2720  TiII 4394.059 1.221 -1.770  23.5  1.2  3.505  0.029  0.013 -0.007  0.001 0.051 0.087   52.100
3341_2720  TiII 4395.031 1.084 -0.540  91.7  4.3  3.743  0.041  0.010 -0.081  0.000 0.146 0.087   10.055
3341_2720  TiII 4399.765 1.237 -1.200  41.5  2.0  3.229  0.029  0.014 -0.018  0.001 0.092 0.087   31.167
3341_2720  TiII 4443.801 1.080 -0.710  73.2  3.4  3.424  0.036  0.013 -0.062  0.000 0.130 0.087   14.351
3341_2720  TiII 4450.482 1.084 -1.520  33.2  1.6  3.356  0.030  0.013 -0.012  0.001 0.070 0.087   40.240
3341_2720  TiII 4468.507 1.131 -0.630  74.9  3.4  3.420  0.036  0.013 -0.063  0.001 0.128 0.087   14.227
3341_2720  TiII 5129.156 1.892 -1.340  16.8  0.8  3.554  0.022  0.013 -0.004  0.001 0.040 0.087   66.674
3341_2720  TiII 5336.789 1.582 -1.600  15.7  0.9  3.478  0.026  0.013 -0.004  0.001 0.045 0.087   58.575
3341_2720   CrI 4254.336 0.000 -0.090  71.2  3.3  3.923  0.072 -0.002 -0.066  0.002 0.128 0.000   29.538
3341_2720   CrI 5206.037 0.941  0.019  46.6  2.2  3.913  0.061 -0.001 -0.024  0.001 0.086 0.000   82.819
3341_2720   MnI 4783.415 2.298 -1.560   7.9  0.6  3.451  0.046 -0.001 -0.001  0.001 0.043 0.000  167.686
3341_2720   MnI 4823.515 2.319 -2.980   8.4  0.6  3.408  0.047 -0.002 -0.002  0.001 0.043 0.000  168.140
3341_2720   FeI 4063.594 1.557  0.062 117.5  5.5  5.923  0.082 -0.018 -0.054  0.002 0.104 0.034  -19.249
3341_2720   FeI 4071.738 1.608 -0.022 110.7  5.2  5.957  0.079 -0.017 -0.062  0.001 0.112 0.034  -12.148
3341_2720   FeI 4118.545 3.573  0.270  41.1  2.0  5.883  0.038 -0.001 -0.022  0.001 0.072 0.034   51.941
3341_2720   FeI 4134.678 2.831 -0.649  31.3  1.6  5.769  0.046 -0.001 -0.013  0.001 0.065 0.034   30.886
3341_2720   FeI 4143.415 3.047 -0.210  36.6  1.8  5.628  0.044 -0.001 -0.015  0.002 0.075 0.034   26.883
3341_2720   FeI 4143.868 1.557 -0.511  89.5  4.2  5.871  0.072 -0.008 -0.078  0.001 0.130 0.034   -3.871
3341_2720   FeI 4147.669 1.485 -2.104  21.8  1.2  5.748  0.058 -0.002 -0.007  0.002 0.055 0.034  -18.643
3341_2720   FeI 4154.806 3.368 -0.400  22.7  1.2  5.751  0.041 -0.001 -0.007  0.001 0.050 0.034   65.979
3341_2720   FeI 4156.799 2.831 -0.809  30.2  1.5  5.801  0.044 -0.002 -0.012  0.002 0.061 0.034   39.214
3341_2720   FeI 4175.636 2.845 -0.827  27.4  1.4  5.782  0.044 -0.002 -0.011  0.002 0.058 0.034   41.295
3341_2720   FeI 4181.755 2.831 -0.371  44.6  2.2  5.761  0.047 -0.002 -0.025  0.002 0.088 0.034   20.562
3341_2720   FeI 4187.039 2.449 -0.560  53.0  2.5  5.873  0.054 -0.003 -0.031  0.000 0.086 0.034   10.708
3341_2720   FeI 4187.795 2.425 -0.554  60.0  2.8  5.844  0.058 -0.004 -0.040  0.002 0.094 0.034    3.540
3341_2720   FeI 4191.431 2.469 -0.666  40.9  1.9  5.664  0.052 -0.002 -0.018  0.002 0.078 0.034    9.748
3341_2720   FeI 4199.095 3.047  0.170  56.5  2.7  5.699  0.047 -0.001 -0.043  0.001 0.108 0.034   17.941
3341_2720   FeI 4202.029 1.485 -0.708  81.9  3.8  5.842  0.070 -0.006 -0.078  0.001 0.131 0.034   -2.614
3341_2720   FeI 4216.184 0.000 -3.356  28.2  1.4  5.751  0.073 -0.001 -0.010  0.002 0.073 0.034  -58.787
3341_2720   FeI 4222.213 2.449 -0.967  33.5  1.7  5.780  0.052 -0.002 -0.013  0.001 0.065 0.034   12.501
3341_2720   FeI 4233.603 2.482 -0.600  48.5  2.3  5.769  0.052 -0.003 -0.025  0.002 0.083 0.034   12.153
3341_2720   FeI 4238.810 3.396 -0.233  24.4  1.3  5.758  0.041 -0.002 -0.009  0.001 0.052 0.034   68.011
3341_2720   FeI 4250.119 2.469 -0.405  50.7  2.4  5.614  0.054 -0.003 -0.028  0.001 0.088 0.034    8.068
3341_2720   FeI 4260.474 2.399  0.077  87.2  4.1  5.883  0.068 -0.012 -0.055  0.001 0.107 0.034   -2.084
3341_2720   FeI 4271.154 2.449 -0.349  61.3  2.9  5.675  0.058 -0.004 -0.040  0.001 0.096 0.034    4.367
3341_2720   FeI 4282.403 2.176 -0.779  52.3  2.4  5.720  0.055  0.000 -0.038  0.002 0.106 0.034    2.938
3341_2720   FeI 4375.930 0.000 -3.031  54.0  2.5  5.986  0.077 -0.001 -0.038  0.002 0.103 0.034  -31.165
3341_2720   FeI 4383.545 1.485  0.200 125.0  5.8  5.798  0.083 -0.018 -0.051  0.002 0.097 0.034  -24.678
3341_2720   FeI 4404.750 1.557 -0.142 110.0  5.0  5.886  0.082 -0.015 -0.064  0.001 0.111 0.034  -16.587
3341_2720   FeI 4427.310 0.052 -3.044  41.8  2.0  5.653  0.072 -0.001 -0.023  0.002 0.097 0.034  -30.629
3341_2720   FeI 4442.339 2.198 -1.255  29.0  1.5  5.553  0.053 -0.002 -0.011  0.002 0.072 0.034    4.169
3341_2720   FeI 4461.653 0.087 -3.210  28.9  1.4  5.685  0.074 -0.001 -0.011  0.001 0.077 0.034  -55.131
3341_2720   FeI 4466.552 2.831 -0.600  32.1  1.6  5.655  0.046 -0.001 -0.013  0.001 0.072 0.034   26.313
3341_2720   FeI 4494.563 2.198 -1.140  37.3  1.8  5.735  0.054  0.000 -0.016  0.002 0.074 0.034   -0.992
3341_2720   FeI 4871.318 2.865 -0.340  38.4  1.8  5.705  0.049 -0.002 -0.016  0.001 0.069 0.034   20.392
3341_2720   FeI 4872.138 2.882 -0.567  33.5  1.6  5.768  0.048 -0.002 -0.013  0.002 0.062 0.034   25.090
3341_2720   FeI 4890.755 2.875 -0.380  41.5  2.0  5.728  0.049 -0.002 -0.018  0.001 0.072 0.034   20.040
3341_2720   FeI 4918.994 2.865 -0.342  44.2  2.1  5.709  0.050 -0.002 -0.021  0.001 0.076 0.034   16.202
3341_2720   FeI 4920.503 2.832  0.068  67.9  3.1  5.778  0.058 -0.006 -0.044  0.001 0.096 0.034    7.987
3341_2720   FeI 4924.769 2.279 -2.114   5.6  0.5  5.814  0.052 -0.002 -0.002  0.002 0.047 0.034    6.597
3341_2720   FeI 4939.686 0.859 -3.340   7.1  0.5  5.790  0.064  0.001  0.000  0.001 0.042 0.034  -80.986
3341_2720   FeI 4950.106 3.417 -1.500   1.8  0.4  5.649  0.040 -0.001 -0.001  0.001 0.104 0.034   20.346
3341_2720   FeI 4973.102 3.960 -0.690   4.8  0.4  5.752  0.035  0.000 -0.001  0.001 0.045 0.034  104.341
3341_2720   FeI 5049.819 2.279 -1.355  28.0  1.3  5.813  0.053 -0.001 -0.011  0.002 0.057 0.034    2.294
3341_2720   FeI 5074.750 4.220 -0.230  15.3  0.8  5.807  0.032 -0.001 -0.005  0.001 0.041 0.034  139.762
3341_2720   FeI 5090.780 4.260 -0.490   5.0  0.5  5.758  0.032  0.000 -0.001  0.001 0.053 0.034   93.833
3341_2720   FeI 5127.359 0.915 -3.307   6.2  0.5  5.716  0.065 -0.001 -0.001  0.001 0.048 0.034  -69.932
3341_2720   FeI 5133.689 4.178  0.360  20.5  1.0  5.685  0.034 -0.001 -0.006  0.001 0.046 0.034  113.533
3341_2720   FeI 5139.252 2.998 -0.730  22.6  1.1  5.832  0.046 -0.001 -0.008  0.001 0.045 0.034   47.069
3341_2720   FeI 5139.463 2.940 -0.509  36.6  1.8  5.677  0.048 -0.002 -0.015  0.001 0.069 0.034   23.892
3341_2720   FeI 5171.596 1.485 -1.793  46.9  2.3  5.793  0.064 -0.001 -0.026  0.001 0.091 0.034  -15.255
3341_2720   FeI 5191.455 3.038 -0.551  32.3  1.6  5.888  0.046 -0.001 -0.012  0.001 0.056 0.034   37.887
3341_2720   FeI 5194.942 1.557 -2.090  25.0  1.2  5.782  0.060 -0.001 -0.007  0.001 0.058 0.034  -29.062
3341_2720   FeI 5198.711 2.222 -2.135   5.2  0.5  5.632  0.052 -0.001 -0.002  0.002 0.052 0.034    1.603
3341_2720   FeI 5216.274 1.608 -2.150  20.3  1.0  5.749  0.059  0.001 -0.008  0.001 0.054 0.034  -29.345
3341_2720   FeI 5227.189 1.557 -1.228  70.5  3.2  5.792  0.070 -0.002 -0.062  0.000 0.119 0.034   -8.125
3341_2720   FeI 5232.940 2.940 -0.057  52.9  2.5  5.657  0.053 -0.003 -0.028  0.001 0.085 0.034   11.399
3341_2720   FeI 5250.646 2.198 -2.181   8.6  0.6  5.778  0.052 -0.001 -0.003  0.001 0.044 0.034    6.874
3341_2720   FeI 5263.306 3.266 -0.870  13.3  0.8  5.861  0.042 -0.001 -0.003  0.001 0.042 0.034   69.824
3341_2720   FeI 5266.555 2.998 -0.385  36.9  1.7  5.745  0.048 -0.001 -0.015  0.001 0.065 0.034   23.038
3341_2720   FeI 5281.790 3.038 -0.834  18.2  1.0  5.775  0.044 -0.001 -0.006  0.001 0.047 0.034   49.937
3341_2720   FeI 5328.531 1.557 -1.850  32.3  1.6  5.679  0.061 -0.001 -0.013  0.001 0.074 0.034  -20.276
3341_2720   FeI 5473.900 4.154 -0.720   3.5  0.4  5.767  0.034 -0.001 -0.001  0.001 0.056 0.034   83.141
3341_2720   FeI 5497.516 1.011 -2.849  15.9  0.8  5.728  0.065 -0.001 -0.005  0.002 0.050 0.034  -65.325
3341_2720   FeI 5501.465 0.958 -3.047  11.4  0.6  5.757  0.065 -0.001 -0.003  0.002 0.041 0.034  -85.360
3341_2720   FeI 5506.779 0.990 -2.797  20.4  1.0  5.845  0.066 -0.001 -0.007  0.001 0.050 0.034  -66.541
3341_2720   FeI 5569.618 3.417 -0.520  17.2  0.9  5.698  0.042 -0.002 -0.005  0.002 0.046 0.034   66.022
3341_2720   FeI 5586.756 3.368 -0.110  36.1  1.7  5.742  0.044 -0.001 -0.014  0.001 0.063 0.034   37.632
3341_2720   FeI 6003.020 3.880 -1.100   2.7  0.3  5.772  0.037  0.000  0.000  0.001 0.055 0.034   67.749
3341_2720   FeI 6213.430 2.223 -2.482   2.7  0.4  5.714  0.054 -0.001  0.000  0.001 0.072 0.034   -5.498
3341_2720   FeI 6219.281 2.198 -2.433   5.5  0.6  5.900  0.054 -0.001 -0.001  0.002 0.057 0.034   -9.689
3341_2720   FeI 6230.723 2.559 -1.281  22.1  1.1  5.713  0.052  0.000 -0.007  0.001 0.052 0.034    5.981
3341_2720   FeI 6246.318 3.603 -0.770   7.8  0.6  5.729  0.041 -0.001 -0.002  0.001 0.045 0.034   71.323
3341_2720   FeI 6252.555 2.404 -1.687  14.9  0.8  5.834  0.052 -0.001 -0.004  0.001 0.044 0.034    7.669
3341_2720   FeI 6335.330 2.200 -2.177   7.4  0.5  5.819  0.054 -0.001 -0.002  0.001 0.042 0.034  -10.320
3341_2720   FeI 6336.824 3.686 -0.850   7.2  0.6  5.870  0.040 -0.001 -0.002  0.001 0.048 0.034   72.155
3341_2720   FeI 6355.029 2.845 -2.291   1.3  0.3  5.665  0.048 -0.001  0.000  0.001 0.111 0.034    5.972
3341_2720   FeI 6393.601 2.433 -1.576  17.3  1.0  5.800  0.052 -0.001 -0.006  0.002 0.046 0.034    5.645
3341_2720   FeI 6411.649 3.654 -0.590  10.7  0.6  5.768  0.040  0.000 -0.003  0.001 0.040 0.034   89.914
3341_2720   FeI 6421.350 2.279 -2.027   8.7  0.6  5.736  0.054 -0.001 -0.003  0.001 0.045 0.034   -7.979
3341_2720   FeI 6430.846 2.176 -2.006   9.4  0.6  5.669  0.055 -0.001 -0.002  0.001 0.043 0.034  -17.624
3341_2720  FeII 4178.862 2.583 -2.510  28.9  1.5  5.739  0.016  0.013 -0.012  0.001 0.055 0.032  104.266
3341_2720  FeII 4233.172 2.583 -1.970  56.8  2.7  5.627  0.017  0.014 -0.041  0.000 0.102 0.032   30.806
3341_2720  FeII 4923.927 2.891 -1.260  73.2  3.5  5.630  0.019  0.014 -0.061  0.000 0.122 0.032   17.569
3341_2720  FeII 5018.440 2.891 -1.100  85.5  4.0  5.768  0.023  0.013 -0.070  0.000 0.127 0.032   12.911
3341_2720  FeII 5197.577 3.230 -2.220  24.2  1.2  5.781  0.010  0.015 -0.009  0.001 0.045 0.032  156.406
3341_2720  FeII 5234.630 3.220 -2.180  23.0  1.2  5.648  0.010  0.014 -0.008  0.001 0.049 0.032  150.207
3341_2720  FeII 5264.810 3.230 -3.130   3.1  0.3  5.618  0.008  0.014  0.000  0.001 0.051 0.032  152.299
3341_2720  FeII 5284.110 2.890 -3.110   5.2  0.4  5.613  0.012  0.014  0.000  0.000 0.043 0.032  174.988
3341_2720  FeII 5534.850 3.240 -2.750   7.6  0.6  5.693  0.010  0.014 -0.003  0.000 0.046 0.032  171.787
3341_2720  FeII 6247.560 3.890 -2.300   5.7  0.5  5.685  0.005  0.014 -0.002  0.000 0.048 0.032  188.397
3341_2720   NiI 4904.420 3.540 -0.190   5.2  0.5  4.479  0.037 -0.001 -0.001  0.001 0.052 0.000  111.642
3341_2720   NiI 5035.370 3.630  0.120   6.8  0.5  4.379  0.037  0.000 -0.002  0.001 0.042 0.000  172.408
3341_2720   NiI 5081.120 3.850  0.220   6.8  0.6  4.464  0.034  0.000 -0.001  0.001 0.048 0.000  154.615
3341_2720   NiI 5099.940 3.680 -0.180   3.3  0.4  4.432  0.036  0.000 -0.001  0.001 0.060 0.000   89.031
3341_2720   ZnI 4722.160 4.030 -0.390   6.2  0.5  2.998  0.036  0.002 -0.002  0.001 0.045 0.043  150.387
3341_2720   ZnI 4810.540 4.080 -0.170   6.7  0.5  2.874  0.036  0.002 -0.002  0.002 0.044 0.043  150.954
3341_2720   YII 4883.690 1.080  0.070   5.7  0.5  0.401  0.031  0.013 -0.001  0.001 0.050 0.000  212.798
3341_2720   YII 5087.430 1.080 -0.170   2.9  0.5  0.346  0.030  0.015  0.000  0.001 0.080 0.000   80.685
3341_2720  BaII 4934.100 0.000 -1.151  57.7  2.7  0.047  0.052  0.012 -0.011  0.001 0.107 0.000   20.937
3341_2720  BaII 5853.700 0.604 -2.463   3.4  0.5  0.007  0.043  0.011 -0.001  0.001 0.073 0.000   63.378
3341_2720  BaII 6141.700 0.704 -2.855  27.9  1.3  0.140  0.044  0.011 -0.015  0.001 0.066 0.000   82.848
3341_2720  BaII 6496.896 0.604 -1.623  16.6  0.9  0.046  0.044  0.011 -0.007  0.001 0.057 0.000  102.389
4587_5616   NaI 5682.633 2.102 -0.706   4.9  0.8  4.366  0.037  0.001  0.000 -0.002 0.079 0.000   83.416
4587_5616   NaI 5688.227 2.100 -1.453   7.3  0.8  4.253  0.037  0.001  0.000  0.000 0.054 0.000  180.986
4587_5616   NaI 5889.959 0.000 -0.193 263.5 12.2  4.287  0.094 -0.016 -0.011  0.010 0.084 0.000   13.013
4587_5616   NaI 5895.910 0.000 -0.575 203.4  9.4  4.124  0.091 -0.016 -0.017  0.010 0.089 0.000   22.018
4587_5616   MgI 4167.271 4.346 -0.746  88.5  4.2  5.944  0.047 -0.005 -0.005  0.002 0.054 0.043   99.228
4587_5616   MgI 5167.321 2.709 -0.854 350.6 16.2  6.128  0.091 -0.016 -0.006  0.010 0.074 0.043    3.027
4587_5616   MgI 5172.684 2.712 -0.363 566.6 26.1  6.081  0.090 -0.017 -0.003  0.010 0.064 0.043    3.935
4587_5616   MgI 5183.604 2.717 -0.168 790.9 36.4  6.149  0.091 -0.017 -0.002  0.010 0.062 0.043   -1.041
4587_5616   MgI 5528.405 4.346 -0.547 133.2  6.2  6.108  0.057 -0.011 -0.009  0.003 0.065 0.043   71.930
4587_5616   MgI 5711.100 4.340 -1.842  19.6  1.2  6.090  0.039  0.001 -0.002  0.000 0.039 0.043  146.482
4587_5616   SiI 6155.140 5.620 -0.890   7.6  0.9  6.071  0.009  0.004  0.000  0.000 0.059 0.193   24.383
4587_5616   SiI 6244.480 5.610 -1.360   5.7  1.0  6.485  0.009  0.004  0.000  0.002 0.086 0.193   22.197
4587_5616   CaI 4283.011 1.886 -0.224  99.3  4.7  4.911  0.075 -0.011 -0.027  0.005 0.079 0.081   13.902
4587_5616   CaI 4318.652 1.899 -0.210  81.0  3.9  4.792  0.070 -0.008 -0.027  0.003 0.074 0.081   17.851
4587_5616   CaI 4425.437 1.879 -0.358  81.8  3.9  4.840  0.070 -0.008 -0.023  0.003 0.070 0.081   17.006
4587_5616   CaI 4454.779 1.899  0.258 137.0  6.4  4.748  0.079 -0.014 -0.020  0.006 0.083 0.081    8.443
4587_5616   CaI 4455.887 1.899 -0.530  71.4  3.4  4.933  0.066 -0.006 -0.022  0.002 0.059 0.081   21.582
4587_5616   CaI 5512.990 2.930 -0.300  21.6  1.3  5.064  0.043  0.000 -0.005  0.000 0.040 0.081   48.584
4587_5616   CaI 5581.980 2.520 -0.710  26.2  1.4  4.864  0.049  0.000 -0.009  0.000 0.042 0.081   40.207
4587_5616   CaI 5588.749 2.526  0.210  88.2  4.2  4.966  0.063 -0.010 -0.041  0.005 0.081 0.081   32.856
4587_5616   CaI 5590.130 2.520 -0.710  32.9  1.6  5.035  0.049 -0.001 -0.013  0.000 0.042 0.081   44.073
4587_5616   CaI 5857.451 2.933  0.230  69.5  3.3  5.095  0.052 -0.006 -0.013  0.002 0.050 0.081   41.600
4587_5616   CaI 6102.723 1.879 -0.793  61.3  2.9  4.889  0.066 -0.005 -0.014  0.002 0.052 0.081   17.665
4587_5616   CaI 6439.075 2.526  0.470  96.4  4.5  4.907  0.065 -0.011 -0.041  0.005 0.085 0.081   29.923
4587_5616   CaI 6493.781 2.521  0.140  62.1  2.9  5.005  0.057 -0.006 -0.030  0.002 0.059 0.081   40.782
4587_5616   TiI 4820.410 1.500 -0.380   5.5  0.8  3.464  0.073  0.001 -0.002  0.000 0.072 0.102   13.088
4587_5616   TiI 4913.620 1.870  0.220   8.8  0.9  3.583  0.068  0.002 -0.005  0.000 0.056 0.102   20.039
4587_5616   TiI 4981.731 0.848  0.570  68.2  3.3  3.525  0.094 -0.006 -0.053  0.002 0.070 0.102   21.834
4587_5616   TiI 4991.065 0.836  0.450  61.4  2.9  3.496  0.092 -0.004 -0.045  0.002 0.062 0.102   20.144
4587_5616   TiI 4999.510 0.830  0.320  51.6  2.5  3.422  0.089 -0.002 -0.034  0.002 0.055 0.102   18.453
4587_5616   TiI 5016.170 0.850 -0.480  18.6  1.1  3.632  0.084  0.001 -0.008  0.002 0.041 0.102   10.151
4587_5616   TiI 5022.870 0.830 -0.330  17.9  1.1  3.446  0.085  0.000 -0.008  0.000 0.040 0.102    9.560
4587_5616   TiI 5024.850 0.820 -0.530  19.5  1.2  3.559  0.085  0.000 -0.008  0.000 0.043 0.102    9.391
4587_5616   TiI 5039.960 0.020 -1.080  26.7  1.5  3.482  0.098  0.001 -0.013  0.002 0.041 0.102   -1.085
4587_5616   TiI 5147.480 0.000 -1.940   7.7  0.8  3.827  0.097  0.001 -0.005  0.000 0.074 0.102   -3.083
4587_5616   TiI 5192.980 0.020 -0.950  29.3  1.5  3.425  0.098  0.000 -0.016  0.002 0.041 0.102    1.258
4587_5616   TiI 5210.390 0.050 -0.820  35.9  1.8  3.471  0.098  0.000 -0.020  0.000 0.044 0.102    3.147
4587_5616   TiI 5866.420 1.070 -0.790  10.1  0.9  3.571  0.081  0.001 -0.003  0.002 0.052 0.102    9.272
4587_5616   TiI 6258.710 1.460 -0.280  15.0  1.0  3.684  0.076  0.000 -0.005  0.000 0.042 0.102   15.792
4587_5616   TiI 6261.110 1.430 -0.530   9.4  0.8  3.760  0.076  0.000 -0.003  0.000 0.051 0.102   14.048
4587_5616  TiII 4053.821 1.893 -1.070  24.9  1.5  3.571  0.011  0.013 -0.013  0.006 0.050 0.161   30.770
4587_5616  TiII 4300.042 1.180 -0.460  64.8  3.1  2.969  0.026  0.008 -0.066  0.008 0.115 0.161   16.444
4587_5616  TiII 4320.950 1.165 -1.880  26.2  1.5  3.430  0.018  0.013 -0.016  0.006 0.052 0.161   30.027
4587_5616  TiII 4395.031 1.084 -0.540  80.0  3.9  3.074  0.033  0.006 -0.080  0.010 0.122 0.161   14.138
4587_5616  TiII 4399.765 1.237 -1.200  50.2  2.5  3.180  0.021  0.011 -0.042  0.008 0.095 0.161   21.118
4587_5616  TiII 4443.801 1.080 -0.710  84.6  4.0  3.307  0.034  0.005 -0.081  0.010 0.122 0.161   13.985
4587_5616  TiII 4450.482 1.084 -1.520  39.2  2.0  3.246  0.021  0.012 -0.027  0.008 0.073 0.161   25.848
4587_5616  TiII 4468.507 1.131 -0.630  79.2  3.8  3.170  0.032  0.006 -0.080  0.008 0.119 0.161   14.595
4587_5616  TiII 5129.156 1.892 -1.340  19.4  1.2  3.522  0.009  0.013 -0.009  0.006 0.046 0.161   31.747
4587_5616  TiII 5336.789 1.582 -1.600  17.7  1.1  3.381  0.014  0.013 -0.009  0.006 0.046 0.161   31.680
4587_5616   CrI 5206.037 0.941  0.019 125.6  5.8  4.091  0.105 -0.014 -0.044  0.006 0.093 0.077   19.170
4587_5616   CrI 5296.700 0.980 -1.360  35.1  1.8  4.231  0.084  0.000 -0.020  0.000 0.042 0.077   34.329
4587_5616   CrI 5300.750 0.980 -2.000   6.4  0.7  4.112  0.082  0.001 -0.003  0.000 0.056 0.077   20.250
4587_5616   CrI 5345.810 1.000 -0.950  48.4  2.4  4.076  0.087 -0.003 -0.031  0.002 0.050 0.077   36.532
4587_5616   CrI 5348.330 1.000 -1.210  43.9  2.2  4.309  0.085 -0.001 -0.027  0.002 0.045 0.077   36.982
4587_5616   MnI 4783.415 2.298 -1.560  31.3  1.7  3.414  0.070  0.001 -0.008  0.000 0.041 0.119   31.449
4587_5616   MnI 4823.515 2.319 -2.980  32.8  1.7  3.380  0.071  0.000 -0.011  0.002 0.041 0.119   32.478
4587_5616   MnI 6013.478 3.072 -0.870   5.0  0.9  3.292  0.057  0.001  0.000  0.000 0.086 0.119   26.221
4587_5616   MnI 6021.804 3.075 -2.760   9.5  0.8  3.657  0.057  0.001 -0.002  0.000 0.050 0.119   34.288
4587_5616   FeI 4063.594 1.557  0.062 383.4 17.7  5.741  0.110 -0.016 -0.005  0.010 0.072 0.089  -21.876
4587_5616   FeI 4071.738 1.608 -0.022 406.5 18.8  5.948  0.110 -0.016 -0.005  0.010 0.076 0.089  -20.911
4587_5616   FeI 4118.545 3.573  0.270  65.2  3.2  5.744  0.062 -0.004 -0.063  0.002 0.084 0.089   27.619
4587_5616   FeI 4134.678 2.831 -0.649  79.7  3.8  5.984  0.078 -0.007 -0.070  0.005 0.085 0.089   17.266
4587_5616   FeI 4154.806 3.368 -0.400  60.0  2.9  5.761  0.065 -0.004 -0.027  0.002 0.056 0.089   22.483
4587_5616   FeI 4156.799 2.831 -0.809  59.6  2.9  5.671  0.071 -0.003 -0.056  0.002 0.075 0.089   18.825
4587_5616   FeI 4175.636 2.845 -0.827  62.9  3.0  5.779  0.073 -0.004 -0.060  0.002 0.074 0.089   19.118
4587_5616   FeI 4187.039 2.449 -0.560 114.4  5.4  5.764  0.091 -0.012 -0.033  0.006 0.087 0.089    0.574
4587_5616   FeI 4187.795 2.425 -0.554 134.4  6.3  5.762  0.094 -0.014 -0.027  0.008 0.088 0.089   -1.412
4587_5616   FeI 4191.431 2.469 -0.666 115.8  5.4  5.817  0.091 -0.012 -0.031  0.006 0.086 0.089    0.252
4587_5616   FeI 4202.029 1.485 -0.708 213.6  9.9  5.867  0.110 -0.015 -0.016  0.010 0.098 0.089  -14.757
4587_5616   FeI 4216.184 0.000 -3.356  85.9  4.0  5.775  0.121 -0.008 -0.096  0.003 0.100 0.089  -12.869
4587_5616   FeI 4222.213 2.449 -0.967  90.3  4.3  5.811  0.087 -0.009 -0.038  0.005 0.074 0.089    3.317
4587_5616   FeI 4233.603 2.482 -0.600 106.2  5.0  5.671  0.089 -0.011 -0.034  0.006 0.087 0.089    2.592
4587_5616   FeI 4238.810 3.396 -0.233  67.7  3.3  5.834  0.066 -0.006 -0.030  0.003 0.062 0.089   22.544
4587_5616   FeI 4250.119 2.469 -0.405 149.5  7.0  5.843  0.094 -0.014 -0.023  0.010 0.088 0.089   -1.948
4587_5616   FeI 4250.787 1.557 -0.714 215.8 10.0  6.033  0.110 -0.015 -0.016  0.010 0.102 0.089  -14.047
4587_5616   FeI 4271.761 1.485 -0.164 340.1 15.8  5.749  0.110 -0.015 -0.006  0.010 0.076 0.089  -20.914
4587_5616   FeI 4282.403 2.176 -0.779 102.5  4.8  5.836  0.094 -0.011 -0.075  0.006 0.115 0.089    4.998
4587_5616   FeI 4383.545 1.485  0.200 487.9 22.6  5.726  0.110 -0.015 -0.005  0.010 0.068 0.089  -23.393
4587_5616   FeI 4404.750 1.557 -0.142 369.4 17.1  5.818  0.110 -0.015 -0.006  0.010 0.076 0.089  -21.044
4587_5616   FeI 4427.310 0.052 -3.044 113.1  5.3  5.732  0.128 -0.012 -0.066  0.006 0.111 0.089  -18.923
4587_5616   FeI 4442.339 2.198 -1.255  95.0  4.5  5.823  0.091 -0.010 -0.053  0.005 0.087 0.089    3.381
4587_5616   FeI 4466.552 2.831 -0.600  77.7  3.7  5.844  0.076 -0.006 -0.080  0.002 0.092 0.089   17.837
4587_5616   FeI 4494.563 2.198 -1.140 112.2  5.3  6.025  0.094 -0.011 -0.045  0.006 0.086 0.089    0.615
4587_5616   FeI 4788.757 3.236 -1.763   9.8  0.9  5.778  0.057  0.002 -0.005  0.000 0.054 0.089   21.201
4587_5616   FeI 4871.318 2.865 -0.340 109.0  5.1  5.836  0.085 -0.012 -0.031  0.006 0.077 0.089    6.274
4587_5616   FeI 4872.138 2.882 -0.567  93.5  4.4  5.838  0.082 -0.010 -0.033  0.006 0.071 0.089    7.981
4587_5616   FeI 4890.755 2.875 -0.380 119.2  5.6  5.891  0.085 -0.013 -0.030  0.006 0.078 0.089    6.788
4587_5616   FeI 4891.492 2.851 -0.112 167.8  7.8  5.966  0.090 -0.015 -0.020  0.008 0.084 0.089    1.394
4587_5616   FeI 4918.994 2.865 -0.342 116.8  5.4  5.796  0.086 -0.012 -0.030  0.006 0.080 0.089    4.542
4587_5616   FeI 4920.503 2.832  0.068 188.4  8.7  5.876  0.091 -0.015 -0.016  0.008 0.084 0.089   -0.718
4587_5616   FeI 4924.769 2.279 -2.114  29.9  1.5  5.877  0.074  0.001 -0.016  0.002 0.039 0.089    4.512
4587_5616   FeI 4939.686 0.859 -3.340  55.8  2.7  6.013  0.100 -0.001 -0.052  0.002 0.056 0.089  -14.480
4587_5616   FeI 4950.106 3.417 -1.500  10.3  0.8  5.825  0.055  0.002 -0.003  0.000 0.049 0.089   23.400
4587_5616   FeI 4957.299 2.851 -0.408  99.5  4.6  5.741  0.082 -0.010 -0.034  0.006 0.077 0.089    7.900
4587_5616   FeI 4962.572 4.178 -1.182   4.8  0.7  5.815  0.043  0.003 -0.002  0.000 0.071 0.089   29.838
4587_5616   FeI 4973.102 3.960 -0.690  26.5  1.4  6.060  0.050  0.001 -0.009  0.002 0.037 0.089   36.086
4587_5616   FeI 5044.211 2.851 -2.017  19.5  1.2  6.021  0.064  0.002 -0.006  0.002 0.038 0.089   14.640
4587_5616   FeI 5049.819 2.279 -1.355  85.6  4.0  5.980  0.089 -0.008 -0.060  0.005 0.076 0.089    6.202
4587_5616   FeI 5074.750 4.220 -0.230  44.7  2.2  5.900  0.049 -0.001 -0.013  0.002 0.045 0.089   39.346
4587_5616   FeI 5090.780 4.260 -0.490  17.4  1.0  5.859  0.044  0.001 -0.005  0.000 0.040 0.089   42.314
4587_5616   FeI 5127.359 0.915 -3.307  44.9  2.2  5.803  0.096  0.000 -0.034  0.002 0.050 0.089  -17.266
4587_5616   FeI 5131.468 2.222 -2.515  20.1  1.1  5.841  0.074  0.002 -0.009  0.000 0.039 0.089    1.476
4587_5616   FeI 5139.252 2.998 -0.730  79.7  3.7  5.994  0.078 -0.008 -0.030  0.005 0.057 0.089   12.324
4587_5616   FeI 5141.739 2.424 -2.238  29.5  1.6  6.056  0.073  0.000 -0.016  0.002 0.042 0.089    7.499
4587_5616   FeI 5187.914 4.143 -1.371   6.0  0.7  6.075  0.044  0.002 -0.002  0.000 0.066 0.089   31.441
4587_5616   FeI 5194.942 1.557 -2.090  76.2  3.6  5.798  0.096 -0.007 -0.067  0.003 0.079 0.089    0.186
4587_5616   FeI 5198.711 2.222 -2.135  42.0  2.1  5.947  0.078  0.000 -0.027  0.002 0.045 0.089    4.220
4587_5616   FeI 5216.274 1.608 -2.150  77.9  3.7  5.913  0.097 -0.007 -0.067  0.005 0.077 0.089   -0.887
4587_5616   FeI 5225.526 0.110 -4.789  22.7  1.2  6.002  0.106  0.001 -0.013  0.002 0.041 0.089  -41.253
4587_5616   FeI 5226.862 3.038 -0.550  84.5  3.9  5.890  0.078 -0.009 -0.031  0.005 0.064 0.089   13.070
4587_5616   FeI 5232.940 2.940 -0.057 148.6  6.9  5.820  0.089 -0.015 -0.023  0.008 0.083 0.089    3.205
4587_5616   FeI 5242.491 3.634 -0.830  23.3  1.3  5.901  0.053  0.002 -0.011  0.002 0.039 0.089   31.773
4587_5616   FeI 5247.060 0.087 -4.946  17.0  1.0  5.922  0.106  0.002 -0.009  0.002 0.045 0.089  -41.742
4587_5616   FeI 5250.209 0.121 -4.938  14.3  0.9  5.890  0.106  0.002 -0.008  0.002 0.039 0.089  -44.166
4587_5616   FeI 5250.646 2.198 -2.181  46.5  2.2  5.924  0.078 -0.001 -0.030  0.002 0.048 0.089    6.453
4587_5616   FeI 5253.461 3.283 -1.580  15.1  1.0  5.976  0.058  0.001 -0.003  0.002 0.040 0.089   22.823
4587_5616   FeI 5263.306 3.266 -0.870  45.5  2.3  5.883  0.064 -0.002 -0.016  0.002 0.045 0.089   21.057
4587_5616   FeI 5266.555 2.998 -0.385  95.8  4.5  5.768  0.080 -0.010 -0.033  0.005 0.074 0.089   10.147
4587_5616   FeI 5281.790 3.038 -0.834  66.1  3.1  5.887  0.073 -0.005 -0.027  0.003 0.055 0.089   15.102
4587_5616   FeI 5288.524 3.695 -1.490   8.8  0.9  6.095  0.050  0.002 -0.005  0.000 0.057 0.089   28.093
4587_5616   FeI 5307.361 1.608 -2.987  27.1  1.4  5.857  0.084  0.001 -0.016  0.002 0.037 0.089   -9.591
4587_5616   FeI 5339.929 3.266 -0.630  69.6  3.3  5.921  0.070 -0.006 -0.023  0.005 0.055 0.089   17.981
4587_5616   FeI 5473.900 4.154 -0.720  14.4  1.0  5.919  0.046  0.002 -0.005  0.000 0.042 0.089   38.912
4587_5616   FeI 5497.516 1.011 -2.849  68.1  3.2  5.772  0.102 -0.004 -0.066  0.003 0.071 0.089   -9.229
4587_5616   FeI 5501.465 0.958 -3.047  63.7  3.0  5.887  0.101 -0.003 -0.060  0.002 0.063 0.089  -11.082
4587_5616   FeI 5506.779 0.990 -2.797  80.8  3.8  5.976  0.107 -0.007 -0.077  0.005 0.078 0.089   -8.136
4587_5616   FeI 5567.391 2.609 -2.671   7.8  0.8  6.000  0.066  0.002 -0.005  0.000 0.060 0.089    8.529
4587_5616   FeI 5569.618 3.417 -0.520  68.4  3.2  5.897  0.066 -0.006 -0.022  0.005 0.052 0.089   22.551
4587_5616   FeI 5572.842 3.396 -0.280  98.9  4.6  6.017  0.075 -0.011 -0.027  0.006 0.063 0.089   16.537
4587_5616   FeI 5586.756 3.368 -0.110 124.1  5.8  6.043  0.079 -0.013 -0.025  0.006 0.070 0.089   12.670
4587_5616   FeI 5686.530 4.549 -0.446   8.7  0.7  5.852  0.039  0.002 -0.002  0.000 0.045 0.089   45.345
4587_5616   FeI 5701.544 2.560 -2.216  24.9  1.3  5.948  0.070  0.001 -0.013  0.002 0.038 0.089    8.721
4587_5616   FeI 5717.833 4.284 -0.960   6.9  0.7  5.967  0.042  0.002 -0.002  0.000 0.053 0.089   38.821
4587_5616   FeI 6003.020 3.880 -1.100  13.3  1.0  5.944  0.049  0.001 -0.003  0.000 0.043 0.089   33.827
4587_5616   FeI 6027.050 4.076 -1.089   8.2  0.8  5.773  0.046  0.002 -0.002  0.002 0.052 0.089   34.862
4587_5616   FeI 6151.615 2.223 -3.573   4.9  0.7  5.884  0.073  0.002 -0.002  0.002 0.080 0.089    0.475
4587_5616   FeI 6180.204 2.728 -2.649  10.7  1.1  6.139  0.066  0.002 -0.005  0.002 0.061 0.089    8.569
4587_5616   FeI 6213.430 2.223 -2.482  26.8  1.5  6.011  0.075  0.000 -0.014  0.002 0.043 0.089    3.560
4587_5616   FeI 6219.281 2.198 -2.433  32.4  1.6  5.987  0.078  0.000 -0.017  0.002 0.041 0.089    1.233
4587_5616   FeI 6230.723 2.559 -1.281  83.6  3.9  5.972  0.085 -0.008 -0.052  0.005 0.069 0.089    8.599
4587_5616   FeI 6246.318 3.603 -0.770  35.0  1.8  5.876  0.057 -0.001 -0.009  0.002 0.039 0.089   29.721
4587_5616   FeI 6252.555 2.404 -1.687  59.7  2.9  5.933  0.080 -0.003 -0.041  0.002 0.057 0.089    7.978
4587_5616   FeI 6265.134 2.176 -2.550  32.5  1.6  6.144  0.078  0.001 -0.017  0.002 0.039 0.089   -0.202
4587_5616   FeI 6335.330 2.200 -2.177  43.6  2.1  5.974  0.079 -0.001 -0.028  0.002 0.046 0.089    4.422
4587_5616   FeI 6336.824 3.686 -0.850  39.8  2.0  6.143  0.057 -0.002 -0.011  0.002 0.040 0.089   30.620
4587_5616   FeI 6355.029 2.845 -2.291  12.2  0.9  5.961  0.065  0.001 -0.005  0.000 0.047 0.089   11.963
4587_5616   FeI 6358.690 0.859 -4.468  10.7  0.8  5.878  0.095  0.002 -0.005  0.002 0.046 0.089  -27.959
4587_5616   FeI 6393.601 2.433 -1.576  76.0  3.6  6.071  0.084 -0.007 -0.050  0.005 0.063 0.089    9.548
4587_5616   FeI 6411.649 3.654 -0.590  45.8  2.2  5.932  0.059 -0.003 -0.013  0.002 0.043 0.089   28.620
4587_5616   FeI 6421.350 2.279 -2.027  59.9  2.9  6.084  0.082 -0.004 -0.041  0.003 0.056 0.089    5.819
4587_5616   FeI 6430.846 2.176 -2.006  55.4  2.6  5.905  0.082 -0.003 -0.041  0.002 0.052 0.089    5.223
4587_5616  FeII 4178.862 2.583 -2.510  27.1  1.5  5.735 -0.004  0.014 -0.019  0.006 0.055 0.085   76.985
4587_5616  FeII 4233.172 2.583 -1.970  56.3  2.8  5.622 -0.001  0.011 -0.060  0.006 0.100 0.085   27.850
4587_5616  FeII 5018.440 2.891 -1.100  90.2  4.2  5.733  0.006  0.004 -0.077  0.010 0.110 0.085   18.690
4587_5616  FeII 5197.577 3.230 -2.220  18.1  1.1  5.735 -0.014  0.014 -0.009  0.005 0.047 0.085   86.813
4587_5616  FeII 5534.850 3.240 -2.750  10.1  0.9  5.953 -0.014  0.014 -0.005  0.006 0.051 0.085   86.393
4587_5616  FeII 6247.560 3.890 -2.300   3.6  0.6  5.687 -0.023  0.013 -0.002  0.005 0.080 0.085   60.852
4587_5616   NiI 4806.990 3.680 -0.600   4.2  0.7  4.515  0.041  0.004 -0.002  0.002 0.081 0.118   19.386
4587_5616   NiI 4829.030 3.540 -0.330  12.7  1.0  4.535  0.044  0.003 -0.005  0.000 0.048 0.118   22.982
4587_5616   NiI 4831.180 3.610 -0.380   6.5  0.7  4.368  0.042  0.003 -0.002  0.002 0.058 0.118   22.259
4587_5616   NiI 4904.420 3.540 -0.190  15.9  1.1  4.476  0.044  0.003 -0.005  0.002 0.044 0.118   23.903
4587_5616   NiI 4913.980 3.740 -0.620   8.1  0.9  4.835  0.041  0.003 -0.003  0.002 0.061 0.118   23.721
4587_5616   NiI 4937.350 3.610 -0.380  10.3  1.0  4.611  0.043  0.003 -0.003  0.002 0.052 0.118   22.987
4587_5616   NiI 5010.940 3.630 -0.850   3.5  0.7  4.631  0.042  0.004 -0.002  0.002 0.100 0.118   15.863
4587_5616   NiI 5035.370 3.630  0.120  24.3  1.3  4.480  0.044  0.002 -0.006  0.002 0.038 0.118   26.356
4587_5616   NiI 5081.120 3.850  0.220  29.6  1.6  4.714  0.042  0.001 -0.009  0.002 0.039 0.118   30.782
4587_5616   NiI 5084.100 3.680 -0.040  14.9  1.0  4.411  0.042  0.003 -0.005  0.002 0.040 0.118   26.609
4587_5616   NiI 5099.940 3.680 -0.180   9.3  0.8  4.394  0.042  0.003 -0.002  0.002 0.046 0.118   24.023
4587_5616   NiI 5115.400 3.830 -0.140   8.1  0.7  4.408  0.039  0.003 -0.003  0.002 0.044 0.118   27.377
4587_5616   NiI 5155.130 3.900 -0.630   5.5  0.7  4.790  0.038  0.003 -0.002  0.002 0.070 0.118   23.360
4587_5616   NiI 5155.770 3.900 -0.110  11.1  0.9  4.617  0.039  0.002 -0.003  0.002 0.049 0.118   27.541
4587_5616   NiI 5578.730 1.680 -2.740   4.2  0.6  4.446  0.071  0.004 -0.002  0.002 0.076 0.118   -2.270
4587_5616   NiI 5587.870 1.930 -2.410   4.8  0.7  4.571  0.066  0.003 -0.002  0.002 0.071 0.118    1.724
4587_5616   NiI 6108.130 1.680 -2.610   7.4  0.8  4.614  0.073  0.003 -0.003  0.002 0.060 0.118   -2.366
4587_5616   NiI 6176.820 4.090 -0.310   5.0  0.7  4.570  0.036  0.003 -0.002  0.002 0.075 0.118   24.207
4587_5616   ZnI 4722.160 4.030 -0.390  10.8  0.9  2.968  0.006  0.009 -0.005  0.003 0.048 0.000  387.633
4587_5616   ZnI 4810.540 4.080 -0.170  15.9  1.1  3.009  0.005  0.008 -0.006  0.005 0.045 0.000  432.622
4587_5616   YII 4883.690 1.080  0.070  10.9  0.9  0.459  0.022  0.013 -0.006  0.006 0.050 0.000  270.268
4587_5616   YII 5087.430 1.080 -0.170   5.2  0.8  0.359  0.021  0.014 -0.003  0.008 0.076 0.000  116.118
4587_5616  BaII 4934.100 0.000 -1.151 111.5  5.3  0.240  0.053  0.006 -0.055  0.006 0.124 0.043   25.849
4587_5616  BaII 5853.700 0.604 -2.463  17.4  1.1  0.403  0.030  0.012 -0.011  0.008 0.043 0.043  172.726
4587_5616  BaII 6141.700 0.704 -2.855  61.3  2.9  0.351  0.039  0.006 -0.058  0.011 0.075 0.043   67.088
4587_5616  BaII 6496.896 0.604 -1.623  44.0  2.1  0.241  0.034  0.009 -0.034  0.010 0.061 0.043  101.788
4850_5696   NaI 5688.227 2.100 -1.453   3.2  0.5  4.232  0.024  0.000  0.000  0.001 0.075 0.051  105.605
4850_5696   NaI 5889.959 0.000 -0.193 126.8  5.9  4.164  0.052 -0.007 -0.032  0.003 0.098 0.051   63.557
4850_5696   NaI 5895.910 0.000 -0.575  94.2  4.3  3.978  0.043 -0.004 -0.025  0.002 0.102 0.051   61.963
4850_5696   MgI 5172.684 2.712 -0.363 158.9  7.3  5.974  0.063 -0.016 -0.016  0.001 0.081 0.037   46.766
4850_5696   MgI 5183.604 2.717 -0.168 188.2  8.7  5.968  0.066 -0.017 -0.012  0.002 0.074 0.037   45.024
4850_5696   MgI 5528.405 4.346 -0.547  54.0  2.5  5.951  0.029 -0.003 -0.008  0.001 0.064 0.037  128.905
4850_5696   MgI 5711.100 4.340 -1.842   8.6  0.6  6.092  0.026  0.000 -0.001  0.000 0.040 0.037  225.276
4850_5696   SiI 6155.140 5.620 -0.890   3.7  0.6  5.927  0.017  0.001  0.000  0.000 0.077 0.000  162.097
4850_5696   CaI 4226.728 0.000  0.244 182.8  8.4  5.000  0.078 -0.016 -0.014  0.002 0.072 0.049  -72.134
4850_5696   CaI 4283.011 1.886 -0.224  46.6  2.2  4.888  0.039 -0.002 -0.014  0.001 0.073 0.049   31.574
4850_5696   CaI 4289.367 1.879 -0.300  31.6  1.5  4.748  0.038 -0.001 -0.007  0.001 0.061 0.049   28.401
4850_5696   CaI 4318.652 1.899 -0.210  35.7  1.6  4.766  0.038 -0.001 -0.009  0.001 0.066 0.049   29.697
4850_5696   CaI 4425.437 1.879 -0.358  28.7  1.4  4.683  0.037 -0.001 -0.007  0.001 0.062 0.049   31.792
4850_5696   CaI 4454.779 1.899  0.258  71.3  3.3  4.871  0.044 -0.006 -0.026  0.001 0.090 0.049   29.638
4850_5696   CaI 4455.887 1.899 -0.530  27.2  1.3  4.864  0.038 -0.001 -0.006  0.001 0.052 0.049   30.973
4850_5696   CaI 5265.556 2.523 -0.260  25.1  1.3  5.007  0.031 -0.001 -0.006  0.001 0.048 0.049   69.459
4850_5696   CaI 5512.990 2.930 -0.300   5.4  0.5  4.823  0.028  0.000 -0.001  0.001 0.050 0.049   66.509
4850_5696   CaI 5581.980 2.520 -0.710   9.9  0.6  4.833  0.030  0.000 -0.003  0.001 0.041 0.049   73.900
4850_5696   CaI 5588.749 2.526  0.210  45.6  2.2  4.891  0.031 -0.001 -0.015  0.001 0.075 0.049   55.473
4850_5696   CaI 5590.130 2.520 -0.710  10.2  0.7  4.882  0.031  0.000 -0.002  0.001 0.044 0.049   61.921
4850_5696   CaI 5594.462 2.523 -0.050  31.9  1.6  4.925  0.030 -0.001 -0.009  0.001 0.058 0.049   68.997
4850_5696   CaI 5857.451 2.933  0.230  26.8  1.3  4.975  0.029 -0.001 -0.006  0.001 0.047 0.049   81.913
4850_5696   CaI 6102.723 1.879 -0.793  22.8  1.1  4.903  0.037 -0.001 -0.004  0.001 0.047 0.049   35.523
4850_5696   CaI 6122.217 1.886 -0.315  44.5  2.1  4.842  0.039 -0.002 -0.012  0.001 0.067 0.049   32.025
4850_5696   CaI 6161.290 2.520 -1.030   3.6  0.6  4.971  0.032  0.000  0.000  0.001 0.079 0.049   25.370
4850_5696   CaI 6162.173 1.899 -0.089  56.7  2.6  4.820  0.040 -0.004 -0.018  0.001 0.076 0.049   35.054
4850_5696   CaI 6166.440 2.520 -0.900   3.3  0.5  4.868  0.032  0.000  0.000  0.001 0.074 0.049   27.655
4850_5696   CaI 6169.040 2.520 -0.540   7.2  0.6  4.865  0.032  0.000 -0.001  0.001 0.047 0.049   48.793
4850_5696   CaI 6169.560 2.520 -0.270  12.6  0.7  4.837  0.032  0.000 -0.002  0.000 0.043 0.049   58.752
4850_5696   CaI 6439.075 2.526  0.470  48.6  2.3  4.820  0.031 -0.002 -0.017  0.001 0.080 0.049   54.466
4850_5696   CaI 6493.781 2.521  0.140  27.0  1.3  4.926  0.031 -0.001 -0.007  0.001 0.051 0.049   68.509
4850_5696   TiI 4981.731 0.848  0.570  21.0  1.0  3.472  0.052  0.000 -0.005  0.002 0.050 0.041   47.504
4850_5696   TiI 4991.065 0.836  0.450  21.6  1.0  3.577  0.052 -0.001 -0.006  0.001 0.047 0.041   56.062
4850_5696   TiI 4999.510 0.830  0.320  17.9  0.9  3.565  0.052  0.000 -0.005  0.002 0.044 0.041   54.476
4850_5696   TiI 5016.170 0.850 -0.480   3.2  0.4  3.609  0.052  0.000 -0.001  0.002 0.061 0.041   28.609
4850_5696   TiI 5022.870 0.830 -0.330   4.9  0.4  3.640  0.051  0.001 -0.002  0.001 0.044 0.041   49.349
4850_5696   TiI 5024.850 0.820 -0.530   4.3  0.4  3.649  0.052 -0.001 -0.002  0.001 0.049 0.041   43.785
4850_5696   TiI 5039.960 0.020 -1.080   5.4  0.5  3.626  0.060  0.000 -0.001  0.002 0.049 0.041    6.400
4850_5696   TiI 5192.980 0.020 -0.950   7.5  0.5  3.666  0.059 -0.001 -0.001  0.001 0.040 0.041   15.920
4850_5696   TiI 5210.390 0.050 -0.820   6.6  0.5  3.515  0.060  0.000 -0.002  0.002 0.046 0.041   10.702
4850_5696   TiI 5866.420 1.070 -0.790   1.6  0.4  3.534  0.050  0.000  0.000  0.002 0.115 0.041   12.195
4850_5696  TiII 4025.129 0.607 -2.110  21.0  1.0  3.271  0.029  0.011 -0.004  0.001 0.062 0.077   49.823
4850_5696  TiII 4028.338 1.892 -0.920  18.7  0.9  3.250  0.018  0.012 -0.006  0.000 0.054 0.077   70.847
4850_5696  TiII 4053.821 1.893 -1.070  15.9  0.7  3.429  0.017  0.011 -0.004  0.001 0.041 0.077   84.082
4850_5696  TiII 4300.042 1.180 -0.460  82.0  3.8  3.688  0.024  0.009 -0.060  0.000 0.136 0.077   28.597
4850_5696  TiII 4301.922 1.161 -1.210  48.1  2.2  3.217  0.022  0.011 -0.021  0.001 0.102 0.077   37.619
4850_5696  TiII 4320.950 1.165 -1.880  15.8  0.8  3.366  0.023  0.011 -0.003  0.001 0.047 0.077   69.259
4850_5696  TiII 4394.059 1.221 -1.770  18.1  0.8  3.368  0.023  0.011 -0.004  0.001 0.047 0.077   69.591
4850_5696  TiII 4395.031 1.084 -0.540  87.3  4.0  3.643  0.028  0.008 -0.062  0.000 0.139 0.077   26.548
4850_5696  TiII 4399.765 1.237 -1.200  46.2  2.2  3.339  0.023  0.011 -0.020  0.000 0.094 0.077   40.842
4850_5696  TiII 4443.801 1.080 -0.710  73.8  3.4  3.458  0.024  0.010 -0.053  0.000 0.130 0.077   29.573
4850_5696  TiII 4450.482 1.084 -1.520  34.7  1.6  3.401  0.024  0.011 -0.011  0.001 0.071 0.077   51.669
4850_5696  TiII 4468.507 1.131 -0.630  80.9  3.7  3.587  0.025  0.009 -0.059  0.000 0.132 0.077   29.142
4850_5696  TiII 5129.156 1.892 -1.340  14.9  0.8  3.509  0.018  0.011 -0.003  0.001 0.042 0.077   81.393
4850_5696  TiII 5336.789 1.582 -1.600  14.8  0.8  3.462  0.018  0.011 -0.003  0.001 0.043 0.077   80.142
4850_5696   CrI 4254.336 0.000 -0.090  76.2  3.5  3.982  0.064 -0.004 -0.058  0.001 0.131 0.155   19.189
4850_5696   CrI 5206.037 0.941  0.019  49.5  2.3  3.911  0.053 -0.001 -0.023  0.001 0.087 0.155   23.496
4850_5696   CrI 5296.700 0.980 -1.360   4.2  0.5  3.951  0.053  0.000 -0.001  0.002 0.059 0.155   24.275
4850_5696   CrI 5300.750 0.980 -2.000   1.9  0.4  4.379  0.052  0.000 -0.001  0.002 0.096 0.155   20.282
4850_5696   CrI 5345.810 1.000 -0.950   7.2  0.6  3.806  0.052  0.000 -0.002  0.001 0.048 0.155   25.778
4850_5696   CrI 5348.330 1.000 -1.210   6.2  0.5  4.047  0.052 -0.001 -0.002  0.001 0.045 0.155   26.179
4850_5696   MnI 4030.730 0.000 -1.060  65.9  3.1  3.383  0.065 -0.001 -0.015  0.002 0.110 0.082   17.621
4850_5696   MnI 4033.044 0.000 -1.230  59.0  2.7  3.404  0.064  0.000 -0.015  0.002 0.100 0.082   20.068
4850_5696   MnI 4034.469 0.000 -1.360  51.6  2.4  3.465  0.065 -0.001 -0.015  0.001 0.089 0.082   22.642
4850_5696   MnI 4041.323 2.114  0.280  20.6  1.0  3.564  0.046 -0.001 -0.005  0.001 0.043 0.082   56.656
4850_5696   MnI 4783.415 2.298 -1.560   6.5  0.5  3.303  0.045 -0.001 -0.001  0.001 0.044 0.082   54.155
4850_5696   MnI 4823.515 2.319 -2.980  11.5  0.7  3.505  0.045  0.000 -0.002  0.001 0.040 0.082   56.748
4850_5696   MnI 6013.478 3.072 -0.870   1.1  0.4  3.203  0.037  0.000  0.000  0.001 0.163 0.082   16.661
4850_5696   MnI 6021.804 3.075 -2.760   1.4  0.4  3.376  0.037  0.000  0.000  0.001 0.130 0.082   23.318
4850_5696   FeI 4005.242 1.557 -0.610  97.7  4.5  5.921  0.069 -0.011 -0.055  0.001 0.119 0.033   -1.011
4850_5696   FeI 4045.812 1.485  0.280 154.9  7.1  5.976  0.081 -0.017 -0.021  0.002 0.078 0.033  -62.875
4850_5696   FeI 4063.594 1.557  0.062 124.3  5.7  5.882  0.076 -0.014 -0.036  0.002 0.093 0.033  -28.244
4850_5696   FeI 4118.545 3.573  0.270  33.0  1.5  5.663  0.037  0.000 -0.013  0.001 0.067 0.033   48.685
4850_5696   FeI 4134.678 2.831 -0.649  38.3  1.8  5.873  0.042  0.001 -0.017  0.001 0.067 0.033   32.001
4850_5696   FeI 4143.415 3.047 -0.210  50.0  2.3  5.856  0.044 -0.002 -0.023  0.002 0.081 0.033   27.003
4850_5696   FeI 4143.868 1.557 -0.511  95.2  4.4  5.911  0.065 -0.009 -0.057  0.001 0.121 0.033    4.187
4850_5696   FeI 4147.669 1.485 -2.104  27.9  1.3  5.833  0.055 -0.001 -0.009  0.001 0.054 0.033  -32.042
4850_5696   FeI 4154.499 2.831 -0.688  35.5  1.7  5.762  0.044 -0.001 -0.012  0.001 0.066 0.033   24.030
4850_5696   FeI 4154.806 3.368 -0.400  29.9  1.4  5.876  0.039 -0.001 -0.009  0.001 0.049 0.033   62.595
4850_5696   FeI 4156.799 2.831 -0.809  39.3  1.8  5.953  0.043  0.000 -0.016  0.001 0.064 0.033   31.079
4850_5696   FeI 4175.636 2.845 -0.827  30.3  1.5  5.799  0.043  0.000 -0.012  0.002 0.059 0.033   29.168
4850_5696   FeI 4181.755 2.831 -0.371  55.4  2.5  5.956  0.044 -0.001 -0.034  0.001 0.093 0.033   28.803
4850_5696   FeI 4187.039 2.449 -0.560  56.3  2.6  5.880  0.050 -0.004 -0.027  0.002 0.088 0.033   14.327
4850_5696   FeI 4187.795 2.425 -0.554  63.5  2.9  5.854  0.053 -0.005 -0.034  0.001 0.094 0.033   12.815
4850_5696   FeI 4191.431 2.469 -0.666  56.2  2.6  5.917  0.050 -0.003 -0.027  0.002 0.087 0.033   13.732
4850_5696   FeI 4199.095 3.047  0.170  58.7  2.8  5.710  0.042 -0.002 -0.039  0.001 0.110 0.033   27.625
4850_5696   FeI 4216.184 0.000 -3.356  27.2  1.3  5.643  0.069  0.000 -0.011  0.002 0.073 0.033  -69.151
4850_5696   FeI 4222.213 2.449 -0.967  40.8  1.9  5.873  0.049 -0.001 -0.016  0.001 0.066 0.033    8.413
4850_5696   FeI 4233.603 2.482 -0.600  57.6  2.7  5.896  0.051 -0.003 -0.029  0.001 0.089 0.033   12.927
4850_5696   FeI 4238.810 3.396 -0.233  30.5  1.5  5.854  0.039 -0.001 -0.010  0.001 0.053 0.033   57.976
4850_5696   FeI 4250.119 2.469 -0.405  63.9  2.9  5.827  0.052 -0.004 -0.033  0.001 0.095 0.033   12.419
4850_5696   FeI 4271.154 2.449 -0.349  66.2  3.1  5.717  0.053 -0.005 -0.036  0.001 0.098 0.033   12.796
4850_5696   FeI 4271.761 1.485 -0.164 101.9  4.8  5.650  0.070 -0.011 -0.053  0.001 0.112 0.033   -3.831
4850_5696   FeI 4282.403 2.176 -0.779  53.0  2.5  5.690  0.049 -0.001 -0.034  0.001 0.108 0.033   13.449
4850_5696   FeI 4375.930 0.000 -3.031  49.4  2.3  5.805  0.069 -0.001 -0.027  0.001 0.101 0.033  -27.743
4850_5696   FeI 4383.545 1.485  0.200 137.2  6.3  5.810  0.079 -0.016 -0.030  0.002 0.087 0.033  -41.504
4850_5696   FeI 4404.750 1.557 -0.142 120.8  5.6  5.937  0.075 -0.013 -0.040  0.001 0.101 0.033  -20.138
4850_5696   FeI 4427.310 0.052 -3.044  48.2  2.2  5.709  0.067  0.002 -0.026  0.002 0.101 0.033  -28.130
4850_5696   FeI 4442.339 2.198 -1.255  39.4  1.9  5.718  0.050 -0.001 -0.014  0.002 0.075 0.033    1.396
4850_5696   FeI 4461.653 0.087 -3.210  37.0  1.7  5.780  0.068 -0.001 -0.014  0.002 0.080 0.033  -51.557
4850_5696   FeI 4466.552 2.831 -0.600  42.6  2.0  5.836  0.043  0.000 -0.021  0.001 0.077 0.033   28.215
4850_5696   FeI 4494.563 2.198 -1.140  43.9  2.1  5.814  0.050 -0.001 -0.019  0.001 0.076 0.033    6.987
4850_5696   FeI 4871.318 2.865 -0.340  44.4  2.1  5.770  0.045 -0.002 -0.016  0.002 0.072 0.033   21.713
4850_5696   FeI 4872.138 2.882 -0.567  41.4  2.0  5.876  0.045 -0.001 -0.015  0.001 0.066 0.033   23.687
4850_5696   FeI 4890.755 2.875 -0.380  52.2  2.4  5.885  0.046 -0.003 -0.022  0.001 0.076 0.033   25.538
4850_5696   FeI 4891.492 2.851 -0.112  63.8  3.0  5.832  0.049 -0.005 -0.031  0.001 0.093 0.033   19.655
4850_5696   FeI 4918.994 2.865 -0.342  49.5  2.3  5.758  0.045 -0.003 -0.021  0.001 0.077 0.033   26.571
4850_5696   FeI 4920.503 2.832  0.068  76.7  3.6  5.884  0.053 -0.008 -0.037  0.002 0.099 0.033   15.724
4850_5696   FeI 4924.769 2.279 -2.114   6.1  0.4  5.794  0.048  0.000 -0.001  0.001 0.038 0.033  -19.304
4850_5696   FeI 4939.686 0.859 -3.340  10.8  0.7  5.915  0.061 -0.001 -0.003  0.001 0.042 0.033 -105.795
4850_5696   FeI 4950.106 3.417 -1.500   3.8  0.4  5.937  0.038  0.000 -0.001  0.001 0.058 0.033   38.082
4850_5696   FeI 5049.819 2.279 -1.355  29.7  1.5  5.794  0.048  0.000 -0.010  0.002 0.059 0.033    2.063
4850_5696   FeI 5074.750 4.220 -0.230  14.5  0.8  5.740  0.031 -0.001 -0.003  0.001 0.042 0.033  122.943
4850_5696   FeI 5090.780 4.260 -0.490   6.3  0.4  5.828  0.030  0.000 -0.001  0.001 0.040 0.033  128.143
4850_5696   FeI 5131.468 2.222 -2.515   4.8  0.5  5.893  0.049 -0.001 -0.001  0.001 0.054 0.033  -14.110
4850_5696   FeI 5133.689 4.178  0.360  26.5  1.3  5.801  0.032 -0.001 -0.008  0.001 0.048 0.033  105.534
4850_5696   FeI 5139.252 2.998 -0.730  21.8  1.1  5.759  0.043 -0.001 -0.006  0.001 0.046 0.033   33.455
4850_5696   FeI 5139.463 2.940 -0.509  50.2  2.4  5.895  0.045 -0.002 -0.020  0.001 0.075 0.033   25.028
4850_5696   FeI 5141.739 2.424 -2.238   6.5  0.5  5.996  0.048  0.000 -0.002  0.001 0.044 0.033  -13.051
4850_5696   FeI 5171.596 1.485 -1.793  46.6  2.2  5.722  0.055 -0.001 -0.022  0.001 0.090 0.033   -4.461
4850_5696   FeI 5191.455 3.038 -0.551  34.0  1.6  5.871  0.042 -0.001 -0.011  0.002 0.056 0.033   37.968
4850_5696   FeI 5194.942 1.557 -2.090  29.5  1.4  5.820  0.055  0.000 -0.010  0.002 0.059 0.033  -30.954
4850_5696   FeI 5198.711 2.222 -2.135   9.0  0.5  5.830  0.049 -0.001 -0.002  0.001 0.037 0.033  -18.754
4850_5696   FeI 5216.274 1.608 -2.150  23.6  1.1  5.770  0.055 -0.001 -0.008  0.001 0.054 0.033  -34.682
4850_5696   FeI 5227.189 1.557 -1.228  76.5  3.5  5.871  0.059 -0.004 -0.055  0.001 0.122 0.033    7.766
4850_5696   FeI 5232.940 2.940 -0.057  60.9  2.8  5.758  0.047 -0.004 -0.029  0.002 0.088 0.033   23.239
4850_5696   FeI 5242.491 3.634 -0.830   6.7  0.5  5.809  0.036  0.000 -0.002  0.001 0.042 0.033   77.624
4850_5696   FeI 5250.646 2.198 -2.181  10.9  0.7  5.833  0.049  0.000 -0.002  0.001 0.044 0.033  -20.192
4850_5696   FeI 5253.461 3.283 -1.580   2.4  0.5  5.725  0.040  0.000 -0.001  0.001 0.098 0.033   11.811
4850_5696   FeI 5263.306 3.266 -0.870  15.6  0.8  5.894  0.040  0.000 -0.003  0.001 0.040 0.033   51.152
4850_5696   FeI 5266.555 2.998 -0.385  43.7  2.1  5.828  0.043 -0.001 -0.016  0.001 0.069 0.033   30.405
4850_5696   FeI 5281.790 3.038 -0.834  22.7  1.1  5.849  0.042 -0.001 -0.006  0.001 0.046 0.033   40.769
4850_5696   FeI 5288.524 3.695 -1.490   1.6  0.3  5.851  0.036  0.000  0.000  0.001 0.086 0.033   24.258
4850_5696   FeI 5307.361 1.608 -2.987   5.0  0.4  5.845  0.055  0.000 -0.001  0.002 0.043 0.033  -70.859
4850_5696   FeI 5328.531 1.557 -1.850  42.9  2.0  5.840  0.056  0.000 -0.019  0.002 0.077 0.033  -14.327
4850_5696   FeI 5339.929 3.266 -0.630  20.1  1.1  5.748  0.040  0.000 -0.006  0.001 0.048 0.033   47.377
4850_5696   FeI 5364.871 4.446  0.228  17.6  0.9  5.790  0.030  0.000 -0.004  0.001 0.042 0.033  128.867
4850_5696   FeI 5365.399 3.573 -1.020   4.6  0.5  5.813  0.037  0.000  0.000  0.001 0.055 0.033   44.782
4850_5696   FeI 5367.466 4.415  0.443  23.6  1.1  5.836  0.030 -0.001 -0.006  0.001 0.043 0.033  134.307
4850_5696   FeI 5369.962 4.371  0.536  28.1  1.4  5.875  0.031 -0.001 -0.008  0.001 0.048 0.033  112.402
4850_5696   FeI 5383.369 4.312  0.645  32.7  1.6  5.825  0.032 -0.001 -0.010  0.001 0.054 0.033   93.747
4850_5696   FeI 5393.167 3.240 -0.715  20.7  1.0  5.849  0.040 -0.001 -0.006  0.001 0.043 0.033   59.316
4850_5696   FeI 5397.128 0.915 -1.993  67.1  3.1  5.858  0.062 -0.002 -0.048  0.001 0.118 0.033   -0.722
4850_5696   FeI 5405.775 0.990 -1.844  68.7  3.2  5.840  0.061 -0.002 -0.049  0.000 0.120 0.033    1.656
4850_5696   FeI 5415.199 4.386  0.642  32.6  1.6  5.852  0.031 -0.001 -0.009  0.001 0.052 0.033  104.227
4850_5696   FeI 5429.697 0.958 -1.879  70.7  3.3  5.701  0.062 -0.002 -0.051  0.000 0.122 0.033    0.850
4850_5696   FeI 5434.524 1.011 -2.122  53.9  2.5  5.806  0.061 -0.001 -0.031  0.001 0.099 0.033  -10.463
4850_5696   FeI 5473.900 4.154 -0.720   5.6  0.6  5.944  0.032  0.000 -0.001  0.001 0.055 0.033   71.669
4850_5696   FeI 5497.516 1.011 -2.849  21.0  1.1  5.807  0.060  0.000 -0.007  0.002 0.052 0.033  -72.107
4850_5696   FeI 5501.465 0.958 -3.047  17.1  0.9  5.893  0.061 -0.001 -0.004  0.001 0.043 0.033  -98.958
4850_5696   FeI 5506.779 0.990 -2.797  23.5  1.2  5.853  0.058  0.002 -0.008  0.002 0.053 0.033  -62.825
4850_5696   FeI 5569.618 3.417 -0.520  20.9  1.0  5.758  0.039 -0.001 -0.005  0.001 0.046 0.033   59.762
4850_5696   FeI 5572.842 3.396 -0.280  33.1  1.6  5.832  0.040 -0.001 -0.010  0.001 0.055 0.033   49.363
4850_5696   FeI 5586.756 3.368 -0.110  40.8  1.9  5.786  0.040 -0.002 -0.014  0.002 0.064 0.033   44.664
4850_5696   FeI 6003.020 3.880 -1.100   3.3  0.5  5.820  0.034  0.000 -0.001  0.001 0.071 0.033   41.243
4850_5696   FeI 6213.430 2.223 -2.482   4.6  0.6  5.894  0.050  0.000 -0.001  0.001 0.065 0.033  -17.279
4850_5696   FeI 6219.281 2.198 -2.433   6.3  0.5  5.902  0.050  0.000 -0.002  0.001 0.045 0.033  -26.808
4850_5696   FeI 6230.723 2.559 -1.281  28.3  1.4  5.812  0.046  0.000 -0.009  0.001 0.053 0.033   13.378
4850_5696   FeI 6246.318 3.603 -0.770  10.4  0.7  5.822  0.037 -0.001 -0.003  0.001 0.041 0.033   77.753
4850_5696   FeI 6252.555 2.404 -1.687  16.7  0.9  5.836  0.048  0.000 -0.004  0.002 0.044 0.033   -9.769
4850_5696   FeI 6265.134 2.176 -2.550   4.4  0.5  5.894  0.049 -0.001 -0.001  0.001 0.056 0.033  -13.261
4850_5696   FeI 6335.330 2.200 -2.177   7.2  0.5  5.744  0.050  0.000 -0.002  0.002 0.043 0.033  -30.059
4850_5696   FeI 6336.824 3.686 -0.850   6.1  0.6  5.747  0.036  0.000 -0.001  0.001 0.053 0.033   54.496
4850_5696   FeI 6393.601 2.433 -1.576  22.7  1.2  5.897  0.048  0.000 -0.007  0.002 0.046 0.033   -3.146
4850_5696   FeI 6411.649 3.654 -0.590  13.6  0.8  5.843  0.037  0.000 -0.003  0.001 0.041 0.033   73.505
4850_5696   FeI 6421.350 2.279 -2.027  12.7  0.8  5.863  0.048  0.000 -0.002  0.002 0.044 0.033  -14.624
4850_5696   FeI 6430.846 2.176 -2.006  14.8  0.9  5.837  0.050  0.000 -0.005  0.002 0.044 0.033  -22.564
4850_5696  FeII 4178.862 2.583 -2.510  31.7  1.5  5.833  0.010  0.012 -0.011  0.000 0.054 0.056  119.315
4850_5696  FeII 4233.172 2.583 -1.970  65.6  3.0  5.876  0.009  0.011 -0.047  0.000 0.110 0.056   42.610
4850_5696  FeII 4923.927 2.891 -1.260  76.6  3.5  5.753  0.008  0.009 -0.054 -0.001 0.122 0.056   38.058
4850_5696  FeII 5018.440 2.891 -1.100  84.7  3.9  5.786  0.009  0.009 -0.057  0.000 0.124 0.056   35.857
4850_5696  FeII 5197.577 3.230 -2.220  22.9  1.1  5.785  0.005  0.012 -0.006  0.001 0.045 0.056  147.717
4850_5696  FeII 5234.630 3.220 -2.180  24.9  1.2  5.733  0.004  0.012 -0.008  0.001 0.048 0.056  138.602
4850_5696  FeII 5284.110 2.890 -3.110   9.1  0.6  5.911  0.006  0.011 -0.002  0.001 0.041 0.056  161.092
4850_5696  FeII 5325.560 3.220 -3.160   4.6  0.5  5.929  0.006  0.012  0.000  0.001 0.055 0.056  123.148
4850_5696  FeII 5534.850 3.240 -2.750   7.5  0.5  5.721  0.004  0.012 -0.002  0.000 0.042 0.056  159.449
4850_5696  FeII 6238.390 3.890 -2.600   3.5  0.5  5.759 -0.001  0.012 -0.001  0.000 0.072 0.056   98.875
4850_5696  FeII 6247.560 3.890 -2.300   6.5  0.6  5.788 -0.001  0.012 -0.002  0.000 0.050 0.056  144.986
4850_5696  FeII 6416.930 3.890 -2.640   2.1  0.5  5.645 -0.001  0.012 -0.001  0.000 0.109 0.056   54.712
4850_5696  FeII 6432.680 2.890 -3.570   4.0  0.6  5.683  0.008  0.011 -0.001  0.001 0.074 0.056   87.629
4850_5696   NiI 4806.990 3.680 -0.600   1.7  0.3  4.575  0.034  0.000  0.000  0.001 0.086 0.104   32.080
4850_5696   NiI 4829.030 3.540 -0.330   2.6  0.3  4.291  0.035  0.000 -0.001  0.001 0.058 0.104   40.809
4850_5696   NiI 4831.180 3.610 -0.380   2.9  0.3  4.478  0.034  0.000 -0.001  0.000 0.056 0.104   42.528
4850_5696   NiI 4937.350 3.610 -0.380   2.3  0.4  4.405  0.034  0.000  0.000  0.001 0.081 0.104   33.848
4850_5696   NiI 5035.370 3.630  0.120  11.6  0.7  4.597  0.035  0.000 -0.003  0.001 0.039 0.104   48.242
4850_5696   NiI 5081.120 3.850  0.220   8.5  0.6  4.532  0.032  0.000 -0.002  0.001 0.042 0.104   49.949
4850_5696   NiI 5084.100 3.680 -0.040   5.2  0.5  4.388  0.034  0.000 -0.002  0.001 0.051 0.104   45.072
4850_5696   NiI 5115.400 3.830 -0.140   3.9  0.5  4.524  0.032  0.000 -0.001  0.001 0.061 0.104   42.355
4850_5696   NiI 5155.770 3.900 -0.110   1.7  0.3  4.202  0.032  0.000  0.000  0.001 0.081 0.104   35.021
4850_5696   ZnI 4722.160 4.030 -0.390   6.2  0.4  2.965  0.032  0.003 -0.002  0.001 0.039 0.000  274.875
4850_5696   ZnI 4810.540 4.080 -0.170   8.3  0.5  2.944  0.033  0.002 -0.002  0.001 0.039 0.000  275.014
4850_5696   YII 4883.690 1.080  0.070   3.3  0.3  0.155  0.026  0.011 -0.001  0.001 0.048 0.000  296.105
4850_5696  BaII 4934.100 0.000 -1.151  48.6  2.3 -0.095  0.041  0.010 -0.006  0.001 0.106 0.034   35.137
4850_5696  BaII 5853.700 0.604 -2.463   4.3  0.5  0.103  0.035  0.010 -0.002  0.001 0.059 0.034  103.828
4850_5696  BaII 6141.700 0.704 -2.855  20.3  1.1 -0.067  0.034  0.010 -0.009  0.001 0.066 0.034   99.342
4850_5696  BaII 6496.896 0.604 -1.623  15.3  0.9 -0.010  0.035  0.010 -0.005  0.001 0.059 0.034  110.872
CD-4802445  NaI 5889.959 0.000 -0.193 134.1  6.2  4.223  0.048 -0.010 -0.027  0.001 0.106 0.000   75.809
CD-4802445  NaI 5895.910 0.000 -0.575 106.3  4.9  4.075  0.044 -0.005 -0.031 -0.004 0.108 0.000   74.632
CD-4802445  MgI 4167.271 4.346 -0.746  48.5  2.3  6.021  0.026 -0.004 -0.003  0.002 0.053 0.000  199.181
CD-4802445  MgI 5167.321 2.709 -0.854 118.8  5.4  6.000  0.048 -0.012 -0.024  0.001 0.094 0.000   47.825
CD-4802445  MgI 5172.684 2.712 -0.363 174.6  8.0  6.081  0.058 -0.018 -0.014  0.001 0.078 0.000   26.452
CD-4802445  MgI 5183.604 2.717 -0.168 210.1  9.6  6.082  0.061 -0.019 -0.010  0.001 0.071 0.000   14.758
CD-4802445  MgI 5528.405 4.346 -0.547  61.0  2.8  6.044  0.026 -0.004 -0.009  0.001 0.065 0.000  150.319
CD-4802445  MgI 5711.100 4.340 -1.842   7.8  0.5  6.042  0.023  0.000 -0.001  0.001 0.038 0.000  395.453
CD-4802445  SiI 5690.430 4.930 -1.880   3.0  0.4  6.260  0.020  0.001 -0.001  0.001 0.064 0.146   38.170
CD-4802445  SiI 6155.140 5.620 -0.890   3.9  0.3  5.948  0.015  0.001  0.000  0.000 0.042 0.146   42.387
CD-4802445  CaI 4226.728 0.000  0.244 170.2  7.8  4.889  0.069 -0.017 -0.017  0.002 0.074 0.013 -106.955
CD-4802445  CaI 4283.011 1.886 -0.224  44.2  2.1  4.832  0.034 -0.002 -0.012  0.001 0.072 0.013   32.832
CD-4802445  CaI 4289.367 1.879 -0.300  38.8  1.8  4.883  0.034 -0.001 -0.010  0.001 0.064 0.013   31.319
CD-4802445  CaI 4318.652 1.899 -0.210  41.4  1.9  4.866  0.034 -0.002 -0.011  0.001 0.068 0.013   34.118
CD-4802445  CaI 4425.437 1.879 -0.358  34.1  1.7  4.787  0.034 -0.001 -0.008  0.001 0.064 0.013   21.910
CD-4802445  CaI 4454.779 1.899  0.258  68.5  3.2  4.803  0.038 -0.006 -0.024  0.001 0.089 0.013   36.849
CD-4802445  CaI 4455.887 1.899 -0.530  26.8  1.3  4.847  0.034 -0.001 -0.006  0.001 0.052 0.013   18.964
CD-4802445  CaI 5265.556 2.523 -0.260  22.7  1.0  4.940  0.028  0.000 -0.005  0.000 0.044 0.013  106.900
CD-4802445  CaI 5512.990 2.930 -0.300   6.3  0.4  4.890  0.025  0.000 -0.001  0.001 0.038 0.013  141.920
CD-4802445  CaI 5581.980 2.520 -0.710  11.4  0.6  4.898  0.028 -0.001 -0.002  0.001 0.039 0.013  109.685
CD-4802445  CaI 5588.749 2.526  0.210  47.4  2.2  4.915  0.028 -0.001 -0.016  0.001 0.075 0.013   74.835
CD-4802445  CaI 5590.130 2.520 -0.710   9.6  0.5  4.846  0.027 -0.001 -0.002  0.001 0.038 0.013  134.562
CD-4802445  CaI 5594.462 2.523 -0.050  32.9  1.5  4.939  0.027 -0.001 -0.008  0.001 0.055 0.013   97.179
CD-4802445  CaI 5857.451 2.933  0.230  27.2  1.3  4.977  0.026 -0.002 -0.006  0.000 0.047 0.013  138.588
CD-4802445  CaI 6102.723 1.879 -0.793  21.4  1.0  4.859  0.034 -0.001 -0.004  0.000 0.046 0.013    8.041
CD-4802445  CaI 6122.217 1.886 -0.315  44.6  2.1  4.833  0.035 -0.003 -0.012  0.001 0.067 0.013   34.491
CD-4802445  CaI 6161.290 2.520 -1.030   2.8  0.3  4.853  0.028  0.000 -0.001  0.001 0.055 0.013   47.186
CD-4802445  CaI 6162.173 1.899 -0.089  56.9  2.6  4.811  0.037 -0.005 -0.017  0.001 0.076 0.013   38.040
CD-4802445  CaI 6166.440 2.520 -0.900   2.7  0.2  4.773  0.028  0.000 -0.001  0.001 0.043 0.013   74.740
CD-4802445  CaI 6169.040 2.520 -0.540   7.8  0.4  4.898  0.028 -0.001 -0.001  0.001 0.037 0.013  104.190
CD-4802445  CaI 6169.560 2.520 -0.270  13.1  0.7  4.851  0.028  0.000 -0.002  0.001 0.042 0.013   90.707
CD-4802445  CaI 6439.075 2.526  0.470  47.9  2.2  4.795  0.028 -0.002 -0.016  0.000 0.078 0.013   71.500
CD-4802445  CaI 6493.781 2.521  0.140  25.2  1.2  4.876  0.028 -0.001 -0.006  0.001 0.050 0.013   92.510
CD-4802445  TiI 4820.410 1.500 -0.380   1.8  0.3  3.672  0.041 -0.001 -0.001  0.001 0.080 0.056   32.618
CD-4802445  TiI 4981.731 0.848  0.570  25.3  1.2  3.572  0.045  0.001 -0.007  0.001 0.052 0.056   53.081
CD-4802445  TiI 4991.065 0.836  0.450  20.7  1.0  3.543  0.046  0.000 -0.006  0.001 0.047 0.056   51.678
CD-4802445  TiI 4999.510 0.830  0.320  18.8  0.9  3.582  0.047 -0.001 -0.005  0.001 0.044 0.056   50.843
CD-4802445  TiI 5016.170 0.850 -0.480   3.9  0.3  3.695  0.047  0.000 -0.001  0.001 0.044 0.056   39.741
CD-4802445  TiI 5022.870 0.830 -0.330   4.4  0.3  3.586  0.046 -0.001 -0.001  0.001 0.039 0.056   47.904
CD-4802445  TiI 5024.850 0.820 -0.530   2.9  0.3  3.466  0.046 -0.001 -0.001  0.001 0.052 0.056   37.937
CD-4802445  TiI 5039.960 0.020 -1.080   3.8  0.3  3.453  0.053 -0.001 -0.001  0.001 0.043 0.056   23.091
CD-4802445  TiI 5192.980 0.020 -0.950   6.1  0.4  3.560  0.053  0.000  0.000  0.002 0.040 0.056   21.300
CD-4802445  TiI 5210.390 0.050 -0.820   8.7  0.4  3.637  0.054  0.000 -0.002  0.002 0.036 0.056   21.513
CD-4802445 TiII 4025.129 0.607 -2.110  25.5  1.2  3.382  0.025  0.012 -0.007  0.001 0.063 0.057   61.332
CD-4802445 TiII 4028.338 1.892 -0.920  22.0  1.0  3.340  0.015  0.012 -0.004  0.001 0.054 0.057   94.789
CD-4802445 TiII 4053.821 1.893 -1.070  18.2  0.9  3.499  0.016  0.012 -0.003  0.000 0.043 0.057  111.767
CD-4802445 TiII 4300.042 1.180 -0.460  77.9  3.6  3.564  0.022  0.010 -0.056  0.000 0.132 0.057   33.597
CD-4802445 TiII 4301.922 1.161 -1.210  45.7  2.2  3.161  0.021  0.012 -0.019  0.000 0.101 0.057   40.630
CD-4802445 TiII 4320.950 1.165 -1.880  14.9  0.8  3.333  0.021  0.013 -0.004  0.001 0.047 0.057   86.850
CD-4802445 TiII 4394.059 1.221 -1.770  18.9  0.9  3.389  0.021  0.012 -0.005  0.001 0.048 0.057   89.189
CD-4802445 TiII 4395.031 1.084 -0.540  86.2  4.0  3.595  0.025  0.009 -0.062  0.000 0.139 0.057   31.262
CD-4802445 TiII 4399.765 1.237 -1.200  41.8  2.0  3.243  0.020  0.012 -0.015  0.000 0.093 0.057   47.270
CD-4802445 TiII 4443.801 1.080 -0.710  73.8  3.4  3.440  0.022  0.011 -0.051  0.000 0.129 0.057   33.785
CD-4802445 TiII 4450.482 1.084 -1.520  34.4  1.6  3.390  0.022  0.012 -0.011  0.000 0.070 0.057   61.885
CD-4802445 TiII 4468.507 1.131 -0.630  75.8  3.5  3.443  0.023  0.010 -0.053  0.000 0.128 0.057   34.543
CD-4802445 TiII 5129.156 1.892 -1.340  14.9  0.8  3.508  0.016  0.012 -0.002  0.000 0.042 0.057  114.407
CD-4802445 TiII 5336.789 1.582 -1.600  13.8  0.7  3.424  0.018  0.012 -0.004  0.001 0.041 0.057  109.519
CD-4802445  CrI 4254.336 0.000 -0.090  72.0  3.3  3.846  0.056 -0.004 -0.054  0.001 0.126 0.000   37.457
CD-4802445  CrI 5206.037 0.941  0.019  42.8  2.0  3.759  0.046  0.000 -0.017  0.001 0.084 0.000   51.600
CD-4802445  CrI 5296.700 0.980 -1.360   4.0  0.4  3.921  0.046  0.000 -0.001  0.002 0.051 0.000   75.511
CD-4802445  CrI 5345.810 1.000 -0.950   8.2  0.5  3.860  0.046  0.000 -0.003  0.002 0.040 0.000  139.335
CD-4802445  CrI 5348.330 1.000 -1.210   4.1  0.3  3.848  0.046  0.000 -0.002  0.001 0.042 0.000  119.435
CD-4802445  MnI 4030.730 0.000 -1.060  62.8  2.9  3.317  0.058 -0.001 -0.012  0.001 0.106 0.038   12.603
CD-4802445  MnI 4033.044 0.000 -1.230  51.6  2.4  3.262  0.058  0.000 -0.011  0.002 0.097 0.038   13.432
CD-4802445  MnI 4034.469 0.000 -1.360  40.4  1.9  3.249  0.058 -0.001 -0.008  0.001 0.085 0.038   13.823
CD-4802445  MnI 4041.323 2.114  0.280  10.2  0.6  3.184  0.041  0.000 -0.003  0.001 0.043 0.038  102.146
CD-4802445  MnI 4783.415 2.298 -1.560   5.6  0.4  3.228  0.040  0.000 -0.001  0.001 0.041 0.038  103.939
CD-4802445  MnI 4823.515 2.319 -2.980   7.6  0.5  3.298  0.040  0.000 -0.001  0.001 0.040 0.038  106.506
CD-4802445  MnI 6021.804 3.075 -2.760   1.5  0.2  3.401  0.034  0.000  0.000  0.001 0.066 0.038   73.171
CD-4802445  FeI 4005.242 1.557 -0.610  90.8  4.2  5.743  0.059 -0.009 -0.059  0.001 0.121 0.043   10.573
CD-4802445  FeI 4021.867 2.758 -0.729  33.0  1.5  5.743  0.040  0.000 -0.012  0.001 0.066 0.043   19.319
CD-4802445  FeI 4045.812 1.485  0.280 135.2  6.2  5.759  0.071 -0.017 -0.030  0.001 0.085 0.043  -32.324
CD-4802445  FeI 4063.594 1.557  0.062 119.2  5.5  5.785  0.066 -0.015 -0.039  0.001 0.097 0.043   -9.561
CD-4802445  FeI 4071.738 1.608 -0.022 101.0  4.7  5.630  0.061 -0.011 -0.053  0.001 0.111 0.043    7.173
CD-4802445  FeI 4118.545 3.573  0.270  33.9  1.6  5.673  0.033  0.000 -0.013  0.001 0.068 0.043   47.065
CD-4802445  FeI 4134.678 2.831 -0.649  31.8  1.5  5.719  0.039 -0.001 -0.011  0.001 0.063 0.043   24.198
CD-4802445  FeI 4143.415 3.047 -0.210  43.4  2.0  5.706  0.039 -0.001 -0.017  0.001 0.077 0.043   25.043
CD-4802445  FeI 4143.868 1.557 -0.511  87.8  4.0  5.717  0.056 -0.008 -0.060  0.001 0.121 0.043   14.395
CD-4802445  FeI 4147.669 1.485 -2.104  21.7  1.1  5.667  0.049 -0.001 -0.007  0.001 0.054 0.043  -29.228
CD-4802445  FeI 4154.499 2.831 -0.688  26.2  1.3  5.542  0.039  0.000 -0.008  0.001 0.063 0.043   18.442
CD-4802445  FeI 4156.799 2.831 -0.809  28.2  1.4  5.693  0.039  0.000 -0.011  0.001 0.061 0.043   24.172
CD-4802445  FeI 4175.636 2.845 -0.827  23.3  1.1  5.619  0.038  0.000 -0.008  0.001 0.056 0.043   26.217
CD-4802445  FeI 4181.755 2.831 -0.371  43.9  2.1  5.683  0.039 -0.001 -0.021  0.001 0.086 0.043   24.430
CD-4802445  FeI 4187.039 2.449 -0.560  49.5  2.3  5.724  0.044 -0.002 -0.022  0.002 0.083 0.043   16.273
CD-4802445  FeI 4187.795 2.425 -0.554  57.1  2.7  5.699  0.046 -0.003 -0.028  0.001 0.091 0.043   13.913
CD-4802445  FeI 4191.431 2.469 -0.666  49.7  2.3  5.767  0.045 -0.002 -0.021  0.001 0.082 0.043   13.000
CD-4802445  FeI 4199.095 3.047  0.170  52.6  2.5  5.548  0.037 -0.001 -0.030  0.001 0.104 0.043   29.834
CD-4802445  FeI 4202.029 1.485 -0.708  85.5  3.9  5.825  0.056 -0.007 -0.061  0.001 0.126 0.043   13.389
CD-4802445  FeI 4216.184 0.000 -3.356  27.8  1.3  5.644  0.062 -0.001 -0.008  0.001 0.072 0.043  -60.543
CD-4802445  FeI 4222.213 2.449 -0.967  34.2  1.6  5.725  0.043 -0.001 -0.011  0.002 0.063 0.043    8.556
CD-4802445  FeI 4233.603 2.482 -0.600  49.5  2.3  5.714  0.044 -0.002 -0.021  0.001 0.083 0.043   15.297
CD-4802445  FeI 4238.810 3.396 -0.233  27.4  1.3  5.774  0.035  0.000 -0.008  0.001 0.051 0.043   48.258
CD-4802445  FeI 4250.119 2.469 -0.405  60.6  2.8  5.737  0.046 -0.005 -0.030  0.001 0.093 0.043   17.693
CD-4802445  FeI 4260.474 2.399  0.077  83.7  3.9  5.693  0.053 -0.009 -0.041  0.001 0.101 0.043   14.059
CD-4802445  FeI 4271.154 2.449 -0.349  63.9  2.9  5.644  0.047 -0.004 -0.033  0.001 0.094 0.043   16.810
CD-4802445  FeI 4271.761 1.485 -0.164 114.8  5.3  5.839  0.066 -0.014 -0.045  0.002 0.103 0.043   -6.028
CD-4802445  FeI 4282.403 2.176 -0.779  54.9  2.6  5.711  0.042  0.001 -0.036  0.001 0.110 0.043   20.324
CD-4802445  FeI 4375.930 0.000 -3.031  50.6  2.4  5.812  0.062  0.000 -0.029  0.002 0.101 0.043  -21.332
CD-4802445  FeI 4383.545 1.485  0.200 128.9  5.9  5.687  0.069 -0.016 -0.036  0.001 0.090 0.043  -19.223
CD-4802445  FeI 4404.750 1.557 -0.142 117.2  5.5  5.857  0.066 -0.014 -0.043  0.001 0.104 0.043   -7.137
CD-4802445  FeI 4427.310 0.052 -3.044  44.4  2.0  5.609  0.061 -0.001 -0.021  0.001 0.097 0.043  -26.312
CD-4802445  FeI 4442.339 2.198 -1.255  32.0  1.5  5.550  0.044  0.000 -0.010  0.001 0.071 0.043    2.636
CD-4802445  FeI 4461.653 0.087 -3.210  35.5  1.7  5.734  0.061  0.000 -0.014  0.002 0.080 0.043  -44.975
CD-4802445  FeI 4466.552 2.831 -0.600  34.1  1.6  5.638  0.038  0.000 -0.013  0.001 0.072 0.043   25.099
CD-4802445  FeI 4494.563 2.198 -1.140  40.2  1.8  5.724  0.044 -0.001 -0.015  0.001 0.073 0.043    9.192
CD-4802445  FeI 4788.757 3.236 -1.763   2.5  0.2  5.728  0.036  0.000  0.000  0.001 0.046 0.043   30.859
CD-4802445  FeI 4871.318 2.865 -0.340  39.9  1.8  5.668  0.040 -0.002 -0.014  0.002 0.068 0.043   24.124
CD-4802445  FeI 4872.138 2.882 -0.567  32.5  1.5  5.682  0.040 -0.001 -0.010  0.001 0.061 0.043   20.309
CD-4802445  FeI 4890.755 2.875 -0.380  43.5  2.0  5.700  0.040 -0.002 -0.015  0.001 0.072 0.043   24.134
CD-4802445  FeI 4891.492 2.851 -0.112  57.0  2.7  5.678  0.042 -0.004 -0.025  0.001 0.088 0.043   25.093
CD-4802445  FeI 4918.994 2.865 -0.342  45.3  2.1  5.662  0.040 -0.002 -0.017  0.001 0.075 0.043   25.059
CD-4802445  FeI 4920.503 2.832  0.068  68.6  3.2  5.703  0.045 -0.006 -0.033  0.001 0.095 0.043   24.174
CD-4802445  FeI 4924.769 2.279 -2.114   5.6  0.4  5.746  0.043  0.000 -0.001  0.001 0.040 0.043  -13.262
CD-4802445  FeI 4939.686 0.859 -3.340   8.0  0.5  5.760  0.055  0.000 -0.002  0.001 0.040 0.043  -98.620
CD-4802445  FeI 4950.106 3.417 -1.500   2.1  0.3  5.664  0.034  0.000  0.000  0.001 0.070 0.043   24.753
CD-4802445  FeI 4957.299 2.851 -0.408  42.6  2.0  5.726  0.040 -0.002 -0.015  0.001 0.071 0.043   24.553
CD-4802445  FeI 4962.572 4.178 -1.182   1.6  0.3  5.774  0.028  0.000  0.000  0.001 0.090 0.043   31.984
CD-4802445  FeI 4973.102 3.960 -0.690   4.1  0.3  5.633  0.030  0.000 -0.001  0.001 0.040 0.043   76.023
CD-4802445  FeI 5044.211 2.851 -2.017   2.0  0.2  5.604  0.039  0.000  0.000  0.002 0.050 0.043    7.119
CD-4802445  FeI 5049.819 2.279 -1.355  25.1  1.2  5.674  0.043 -0.001 -0.007  0.001 0.057 0.043    2.958
CD-4802445  FeI 5074.750 4.220 -0.230  13.8  0.6  5.713  0.028  0.000 -0.003  0.001 0.038 0.043  105.350
CD-4802445  FeI 5090.780 4.260 -0.490   4.7  0.3  5.684  0.027  0.000 -0.001  0.001 0.040 0.043   99.898
CD-4802445  FeI 5127.359 0.915 -3.307   7.8  0.5  5.737  0.055  0.000 -0.003  0.001 0.042 0.043  -92.256
CD-4802445  FeI 5131.468 2.222 -2.515   2.3  0.2  5.551  0.043 -0.001  0.000  0.001 0.045 0.043  -11.277
CD-4802445  FeI 5133.689 4.178  0.360  22.4  1.1  5.690  0.028  0.000 -0.005  0.000 0.047 0.043   91.071
CD-4802445  FeI 5139.252 2.998 -0.730  21.8  1.0  5.749  0.038 -0.001 -0.005  0.001 0.044 0.043   29.580
CD-4802445  FeI 5139.463 2.940 -0.509  36.8  1.7  5.615  0.039 -0.001 -0.012  0.001 0.068 0.043   23.023
CD-4802445  FeI 5141.739 2.424 -2.238   2.9  0.3  5.618  0.042 -0.001 -0.001  0.001 0.054 0.043   -3.305
CD-4802445  FeI 5171.596 1.485 -1.793  40.3  1.8  5.575  0.049  0.001 -0.016  0.001 0.086 0.043   -7.305
CD-4802445  FeI 5191.455 3.038 -0.551  28.7  1.3  5.746  0.038  0.000 -0.008  0.001 0.053 0.043   27.980
CD-4802445  FeI 5194.942 1.557 -2.090  25.1  1.2  5.705  0.049 -0.001 -0.008  0.001 0.058 0.043  -24.021
CD-4802445  FeI 5198.711 2.222 -2.135   7.4  0.4  5.729  0.044 -0.001 -0.001  0.001 0.036 0.043  -18.870
CD-4802445  FeI 5216.274 1.608 -2.150  19.1  0.9  5.637  0.048  0.000 -0.005  0.002 0.053 0.043  -30.148
CD-4802445  FeI 5227.189 1.557 -1.228  65.4  3.0  5.582  0.050 -0.002 -0.043  0.001 0.113 0.043   12.088
CD-4802445  FeI 5232.940 2.940 -0.057  58.2  2.7  5.687  0.042 -0.004 -0.026  0.001 0.086 0.043   26.547
CD-4802445  FeI 5242.491 3.634 -0.830   6.3  0.4  5.774  0.033 -0.001 -0.001  0.001 0.038 0.043   61.760
CD-4802445  FeI 5250.646 2.198 -2.181   7.1  0.4  5.617  0.044  0.000 -0.002  0.001 0.040 0.043  -15.813
CD-4802445  FeI 5253.461 3.283 -1.580   1.8  0.3  5.590  0.035  0.001 -0.001  0.001 0.079 0.043   17.665
CD-4802445  FeI 5263.306 3.266 -0.870  12.3  0.6  5.764  0.036  0.000 -0.002  0.001 0.038 0.043   43.586
CD-4802445  FeI 5266.555 2.998 -0.385  39.1  1.8  5.725  0.039 -0.002 -0.013  0.001 0.066 0.043   28.670
CD-4802445  FeI 5281.790 3.038 -0.834  17.3  0.9  5.687  0.037  0.000 -0.004  0.001 0.046 0.043   33.533
CD-4802445  FeI 5288.524 3.695 -1.490   1.3  0.2  5.753  0.032 -0.001  0.000  0.001 0.074 0.043   29.523
CD-4802445  FeI 5307.361 1.608 -2.987   3.7  0.3  5.699  0.049  0.000 -0.001  0.001 0.042 0.043  -55.255
CD-4802445  FeI 5328.038 0.915 -1.466  84.9  4.0  5.834  0.059 -0.005 -0.062  0.001 0.129 0.043    8.756
CD-4802445  FeI 5328.531 1.557 -1.850  34.1  1.5  5.641  0.048  0.000 -0.013  0.001 0.073 0.043   -8.938
CD-4802445  FeI 5339.929 3.266 -0.630  19.1  0.9  5.711  0.036  0.000 -0.005  0.001 0.045 0.043   43.528
CD-4802445  FeI 5364.871 4.446  0.228  14.2  0.7  5.670  0.026 -0.001 -0.003  0.001 0.040 0.043  115.502
CD-4802445  FeI 5365.399 3.573 -1.020   3.9  0.2  5.732  0.033  0.001 -0.001  0.001 0.031 0.043   66.308
CD-4802445  FeI 5367.466 4.415  0.443  18.1  0.9  5.677  0.027  0.000 -0.004  0.000 0.042 0.043  105.038
CD-4802445  FeI 5369.962 4.371  0.536  22.3  1.0  5.725  0.027 -0.001 -0.005  0.001 0.044 0.043  105.234
CD-4802445  FeI 5383.369 4.312  0.645  28.2  1.3  5.717  0.028 -0.001 -0.007  0.001 0.052 0.043   85.516
CD-4802445  FeI 5393.167 3.240 -0.715  16.0  0.7  5.699  0.036 -0.001 -0.003  0.001 0.040 0.043   45.194
CD-4802445  FeI 5397.128 0.915 -1.993  59.9  2.7  5.667  0.054 -0.001 -0.038  0.001 0.110 0.043    0.520
CD-4802445  FeI 5405.775 0.990 -1.844  65.3  3.0  5.735  0.054 -0.001 -0.044  0.001 0.115 0.043    3.976
CD-4802445  FeI 5415.199 4.386  0.642  27.4  1.3  5.729  0.027 -0.001 -0.007  0.001 0.050 0.043   94.149
CD-4802445  FeI 5429.697 0.958 -1.879  70.1  3.2  5.662  0.056 -0.002 -0.050  0.001 0.120 0.043    5.598
CD-4802445  FeI 5434.524 1.011 -2.122  49.0  2.3  5.682  0.054 -0.001 -0.025  0.001 0.096 0.043   -9.521
CD-4802445  FeI 5473.900 4.154 -0.720   3.8  0.3  5.760  0.029  0.000 -0.001  0.001 0.043 0.043   81.643
CD-4802445  FeI 5497.516 1.011 -2.849  18.4  0.9  5.722  0.054  0.000 -0.005  0.001 0.050 0.043  -66.710
CD-4802445  FeI 5501.465 0.958 -3.047  12.5  0.6  5.719  0.054  0.000 -0.003  0.002 0.040 0.043  -91.041
CD-4802445  FeI 5506.779 0.990 -2.797  18.8  0.9  5.714  0.054 -0.001 -0.005  0.001 0.049 0.043  -65.723
CD-4802445  FeI 5569.618 3.417 -0.520  17.5  0.8  5.651  0.035 -0.001 -0.004  0.001 0.044 0.043   49.092
CD-4802445  FeI 5572.842 3.396 -0.280  26.5  1.2  5.676  0.035 -0.001 -0.007  0.001 0.051 0.043   47.156
CD-4802445  FeI 5586.756 3.368 -0.110  36.3  1.7  5.685  0.036 -0.002 -0.011  0.001 0.063 0.043   42.311
CD-4802445  FeI 5701.544 2.560 -2.216   2.6  0.2  5.555  0.042  0.000  0.000  0.001 0.042 0.043   -8.413
CD-4802445  FeI 6003.020 3.880 -1.100   2.6  0.3  5.707  0.030  0.000  0.000  0.000 0.056 0.043   52.328
CD-4802445  FeI 6213.430 2.223 -2.482   2.1  0.2  5.532  0.043  0.000 -0.001  0.002 0.050 0.043  -11.432
CD-4802445  FeI 6219.281 2.198 -2.433   4.6  0.3  5.748  0.044  0.000 -0.001  0.002 0.039 0.043  -21.289
CD-4802445  FeI 6230.723 2.559 -1.281  22.4  1.1  5.656  0.041  0.000 -0.006  0.001 0.051 0.043    9.937
CD-4802445  FeI 6246.318 3.603 -0.770   7.4  0.4  5.651  0.033 -0.001 -0.001  0.001 0.036 0.043   64.270
CD-4802445  FeI 6252.555 2.404 -1.687  14.3  0.7  5.745  0.041  0.001 -0.004  0.001 0.043 0.043    4.576
CD-4802445  FeI 6265.134 2.176 -2.550   4.2  0.3  5.866  0.044 -0.001 -0.002  0.001 0.040 0.043  -13.529
CD-4802445  FeI 6335.330 2.200 -2.177   9.0  0.4  5.843  0.045 -0.001 -0.002  0.001 0.035 0.043  -22.248
CD-4802445  FeI 6336.824 3.686 -0.850   5.0  0.3  5.648  0.033 -0.001 -0.001  0.001 0.037 0.043   62.216
CD-4802445  FeI 6355.029 2.845 -2.291   1.4  0.2  5.636  0.039  0.000  0.000  0.002 0.069 0.043    4.613
CD-4802445  FeI 6358.690 0.859 -4.468   1.0  0.2  5.768  0.054 -0.001 -0.001  0.001 0.092 0.043  -31.126
CD-4802445  FeI 6393.601 2.433 -1.576  18.0  0.9  5.754  0.043 -0.001 -0.005  0.001 0.043 0.043    0.486
CD-4802445  FeI 6411.649 3.654 -0.590   9.6  0.5  5.662  0.032  0.000 -0.002  0.001 0.038 0.043   69.401
CD-4802445  FeI 6421.350 2.279 -2.027  10.6  0.6  5.764  0.044  0.000 -0.002  0.001 0.042 0.043  -15.059
CD-4802445  FeI 6430.846 2.176 -2.006  10.9  0.6  5.672  0.044  0.000 -0.002  0.001 0.040 0.043  -15.545
CD-4802445 FeII 4178.862 2.583 -2.510  25.0  1.2  5.674  0.009  0.013 -0.007  0.001 0.052 0.008  175.873
CD-4802445 FeII 4233.172 2.583 -1.970  51.2  2.4  5.530  0.009  0.012 -0.027  0.000 0.097 0.008   57.310
CD-4802445 FeII 4923.927 2.891 -1.260  69.7  3.2  5.575  0.006  0.011 -0.047  0.000 0.116 0.008   47.884
CD-4802445 FeII 5018.440 2.891 -1.100  83.1  3.8  5.732  0.008  0.009 -0.056  0.001 0.122 0.008   44.571
CD-4802445 FeII 5197.577 3.230 -2.220  18.9  0.9  5.674  0.004  0.013 -0.005  0.001 0.043 0.008  281.204
CD-4802445 FeII 5234.630 3.220 -2.180  20.5  0.9  5.616  0.004  0.013 -0.006  0.000 0.046 0.008  257.998
CD-4802445 FeII 5284.110 2.890 -3.110   5.2  0.3  5.647  0.007  0.012 -0.002  0.000 0.036 0.008  389.874
CD-4802445 FeII 5325.560 3.220 -3.160   2.3  0.2  5.617  0.005  0.013 -0.002  0.001 0.046 0.008  240.925
CD-4802445 FeII 5425.260 3.200 -3.220   3.0  0.3  5.747  0.005  0.012  0.000  0.000 0.052 0.008  197.547
CD-4802445 FeII 6247.560 3.890 -2.300   5.6  0.3  5.720 -0.001  0.013  0.000  0.001 0.035 0.008  455.871
CD-4802445 FeII 6416.930 3.890 -2.640   2.5  0.3  5.725 -0.001  0.013  0.000  0.000 0.063 0.008  151.925
CD-4802445  NiI 4829.030 3.540 -0.330   2.9  0.4  4.337  0.031  0.000 -0.001  0.001 0.068 0.099   35.720
CD-4802445  NiI 4831.180 3.610 -0.380   3.5  0.3  4.561  0.030  0.001 -0.001  0.001 0.048 0.099   43.130
CD-4802445  NiI 4904.420 3.540 -0.190   4.6  0.3  4.374  0.031  0.000 -0.001  0.000 0.040 0.099   45.285
CD-4802445  NiI 4937.350 3.610 -0.380   2.0  0.2  4.337  0.031  0.001 -0.001  0.001 0.050 0.099   41.418
CD-4802445  NiI 4998.230 3.610 -0.760   1.3  0.2  4.456  0.030  0.000  0.000  0.001 0.074 0.099   34.043
CD-4802445  NiI 5035.370 3.630  0.120   7.7  0.4  4.391  0.030  0.000 -0.002  0.001 0.035 0.099   49.439
CD-4802445  NiI 5081.120 3.850  0.220   7.1  0.4  4.440  0.029  0.001 -0.001  0.001 0.036 0.099   49.636
CD-4802445  NiI 5082.350 3.660 -0.550   1.1  0.2  4.176  0.030  0.000  0.000  0.000 0.085 0.099   30.555
CD-4802445  NiI 5084.100 3.680 -0.040   3.5  0.3  4.201  0.030  0.000 -0.001  0.001 0.044 0.099   44.901
CD-4802445  NiI 5099.940 3.680 -0.180   2.1  0.3  4.183  0.031  0.001 -0.001  0.001 0.069 0.099   35.072
CD-4802445  NiI 5115.400 3.830 -0.140   3.5  0.3  4.469  0.029  0.001 -0.001  0.001 0.043 0.099   47.201
CD-4802445  NiI 5155.770 3.900 -0.110   2.8  0.2  4.419  0.029  0.001 -0.001  0.001 0.043 0.099   47.269
CD-4802445  NiI 5587.870 1.930 -2.410   0.9  0.2  4.556  0.044  0.000  0.000  0.001 0.100 0.099   15.798
CD-4802445  ZnI 4810.540 4.080 -0.170   7.7  0.4  2.903  0.028  0.003 -0.002  0.000 0.036 0.000  485.913
CD-4802445  YII 4883.690 1.080  0.070   6.0  0.4  0.428  0.024  0.012 -0.001  0.001 0.041 0.000  282.791
CD-4802445  YII 5087.430 1.080 -0.170   4.0  0.3  0.496  0.024  0.012 -0.002  0.001 0.043 0.000  268.899
CD-4802445 BaII 4934.100 0.000 -1.151  67.0  3.1  0.154  0.037  0.011 -0.011  0.001 0.108 0.000   31.413
CD-4802445 BaII 5853.700 0.604 -2.463   5.2  0.3  0.187  0.031  0.011 -0.001  0.001 0.038 0.000  245.812
CD-4802445 BaII 6141.700 0.704 -2.855  29.8  1.4  0.171  0.032  0.010 -0.015  0.001 0.067 0.000  107.090
CD-4802445 BaII 6496.896 0.604 -1.623  23.7  1.1  0.235  0.031  0.011 -0.009  0.001 0.056 0.000  136.496
G115-58     NaI 5688.227 2.100 -1.453   8.0  0.7  4.560  0.025 -0.001 -0.001  0.001 0.046 0.050  170.014
G115-58     NaI 5889.959 0.000 -0.193 171.3  8.0  4.521  0.071 -0.022 -0.017 -0.001 0.102 0.050   40.638
G115-58     NaI 5895.910 0.000 -0.575 136.8  6.3  4.313  0.053 -0.015 -0.017  0.001 0.100 0.050   52.647
G115-58     MgI 4730.040 4.340 -2.379   4.3  0.5  6.347  0.028  0.000 -0.001  0.001 0.056 0.000  203.631
G115-58     MgI 5167.321 2.709 -0.854 157.8  7.3  6.322  0.068 -0.022 -0.012  0.002 0.089 0.000   30.973
G115-58     MgI 5172.684 2.712 -0.363 231.6 10.7  6.318  0.073 -0.028 -0.006  0.003 0.071 0.000   27.156
G115-58     MgI 5183.604 2.717 -0.168 277.7 12.8  6.286  0.076 -0.029 -0.004  0.002 0.067 0.000   18.447
G115-58     MgI 5528.405 4.346 -0.547  83.8  3.9  6.286  0.036 -0.008 -0.009  0.002 0.072 0.000  118.138
G115-58     SiI 6145.020 5.610 -1.460   3.4  0.6  6.491  0.018  0.002  0.000  0.000 0.093 0.076   62.796
G115-58     SiI 6155.140 5.620 -0.890   8.3  0.6  6.233  0.018  0.001  0.000  0.001 0.041 0.076  121.113
G115-58     SiI 6237.330 5.610 -1.150   6.1  0.7  6.361  0.018  0.001  0.000  0.000 0.060 0.076   95.962
G115-58     CaI 4318.652 1.899 -0.210  69.9  3.2  5.305  0.047 -0.008 -0.018  0.002 0.085 0.038   17.278
G115-58     CaI 4425.437 1.879 -0.358  61.9  2.9  5.203  0.045 -0.006 -0.015  0.001 0.077 0.038   20.656
G115-58     CaI 4454.779 1.899  0.258 101.0  4.7  5.271  0.058 -0.019 -0.018  0.001 0.098 0.038   -3.988
G115-58     CaI 4455.887 1.899 -0.530  52.0  2.5  5.232  0.044 -0.004 -0.010  0.001 0.063 0.038   18.525
G115-58     CaI 5265.556 2.523 -0.260  42.3  2.0  5.274  0.034 -0.002 -0.009  0.000 0.054 0.038   70.295
G115-58     CaI 5512.990 2.930 -0.300  14.3  0.8  5.199  0.030 -0.001 -0.002  0.001 0.038 0.038  106.669
G115-58     CaI 5581.980 2.520 -0.710  24.2  1.2  5.207  0.034  0.000 -0.004  0.001 0.042 0.038   70.146
G115-58     CaI 5588.749 2.526  0.210  67.6  3.1  5.228  0.036 -0.003 -0.020  0.001 0.088 0.038   43.699
G115-58     CaI 5590.130 2.520 -0.710  29.9  1.4  5.375  0.034 -0.001 -0.005  0.001 0.042 0.038   75.921
G115-58     CaI 5594.462 2.523 -0.050  56.9  2.6  5.326  0.036 -0.003 -0.015  0.001 0.069 0.038   54.284
G115-58     CaI 5857.451 2.933  0.230  47.4  2.3  5.290  0.033 -0.004 -0.008  0.001 0.055 0.038   74.543
G115-58     CaI 6102.723 1.879 -0.793  53.6  2.5  5.390  0.045 -0.004 -0.010  0.002 0.058 0.038   14.073
G115-58     CaI 6122.217 1.886 -0.315  80.5  3.8  5.345  0.051 -0.010 -0.016  0.001 0.083 0.038    5.028
G115-58     CaI 6162.173 1.899 -0.089  87.9  4.0  5.225  0.054 -0.013 -0.017  0.002 0.087 0.038   -0.476
G115-58     CaI 6166.440 2.520 -0.900   8.7  0.6  5.208  0.035 -0.001 -0.001  0.001 0.043 0.038   49.892
G115-58     CaI 6169.040 2.520 -0.540  20.2  1.1  5.279  0.035 -0.001 -0.003  0.001 0.040 0.038   62.631
G115-58     CaI 6169.560 2.520 -0.270  29.9  1.4  5.213  0.035 -0.001 -0.004  0.001 0.045 0.038   59.574
G115-58     CaI 6439.075 2.526  0.470  74.6  3.4  5.232  0.039 -0.005 -0.021  0.000 0.094 0.038   34.543
G115-58     CaI 6493.781 2.521  0.140  44.6  2.1  5.192  0.034 -0.001 -0.010  0.000 0.059 0.038   63.476
G115-58     TiI 4981.731 0.848  0.570  42.9  2.1  3.784  0.059 -0.001 -0.011  0.001 0.060 0.055   34.736
G115-58     TiI 4991.065 0.836  0.450  39.6  1.9  3.804  0.058  0.000 -0.010  0.001 0.055 0.055   38.492
G115-58     TiI 4999.510 0.830  0.320  36.4  1.7  3.831  0.059 -0.001 -0.008  0.001 0.049 0.055   36.777
G115-58     TiI 5016.170 0.850 -0.480   7.5  0.6  3.821  0.059 -0.001 -0.002  0.002 0.045 0.055   28.302
G115-58     TiI 5022.870 0.830 -0.330  11.7  0.7  3.875  0.058 -0.001 -0.002  0.002 0.038 0.055   35.782
G115-58     TiI 5024.850 0.820 -0.530   7.3  0.6  3.713  0.059 -0.001 -0.001  0.002 0.047 0.055   26.034
G115-58     TiI 5039.960 0.020 -1.080   8.9  0.5  3.654  0.067 -0.001 -0.002  0.002 0.036 0.055    8.370
G115-58     TiI 5210.390 0.050 -0.820  17.3  0.9  3.790  0.067 -0.002 -0.003  0.002 0.040 0.055   11.328
G115-58     TiI 5866.420 1.070 -0.790   4.7  0.6  3.842  0.055 -0.001  0.000  0.001 0.066 0.055   26.091
G115-58     TiI 6261.110 1.430 -0.530   2.4  0.5  3.723  0.052 -0.001  0.001  0.002 0.101 0.055   17.384
G115-58    TiII 4300.042 1.180 -0.460 100.5  4.7  4.008  0.033  0.005 -0.041  0.001 0.141 0.117   22.633
G115-58    TiII 4301.922 1.161 -1.210  73.1  3.5  3.661  0.024  0.014 -0.035  0.001 0.127 0.117   25.223
G115-58    TiII 4394.059 1.221 -1.770  37.0  1.8  3.683  0.022  0.015 -0.008  0.002 0.054 0.117   48.176
G115-58    TiII 4395.031 1.084 -0.540 119.0  5.5  4.176  0.041 -0.001 -0.033  0.002 0.133 0.117   24.471
G115-58    TiII 4399.765 1.237 -1.200  69.6  3.2  3.730  0.022  0.014 -0.031  0.002 0.115 0.117   28.288
G115-58    TiII 4443.801 1.080 -0.710  98.2  4.6  3.919  0.032  0.007 -0.041  0.001 0.141 0.117   22.186
G115-58    TiII 4450.482 1.084 -1.520  57.1  2.6  3.726  0.024  0.015 -0.020  0.002 0.084 0.117   37.003
G115-58    TiII 4468.507 1.131 -0.630 106.2  4.9  4.041  0.036  0.004 -0.039  0.001 0.138 0.117   23.071
G115-58    TiII 5129.156 1.892 -1.340  33.8  1.6  3.880  0.016  0.016 -0.008  0.001 0.046 0.117   52.200
G115-58     CrI 5206.037 0.941  0.019  77.9  3.6  4.364  0.064 -0.006 -0.032  0.001 0.110 0.000   30.337
G115-58     CrI 5296.700 0.980 -1.360  12.4  0.7  4.287  0.058 -0.001 -0.002  0.002 0.037 0.000  105.727
G115-58     CrI 5300.750 0.980 -2.000   3.1  0.4  4.416  0.057  0.000  0.000  0.002 0.063 0.000   35.270
G115-58     CrI 5345.810 1.000 -0.950  27.4  1.3  4.338  0.058 -0.001 -0.005  0.002 0.041 0.000  102.170
G115-58     MnI 4783.415 2.298 -1.560  23.9  1.3  3.805  0.049 -0.001 -0.003  0.002 0.040 0.000  134.188
G115-58     MnI 4823.515 2.319 -2.980  25.5  1.2  3.783  0.049 -0.001 -0.003  0.001 0.039 0.000  142.771
G115-58     MnI 6021.804 3.075 -2.760   4.9  0.5  3.805  0.042  0.000  0.000  0.001 0.056 0.000   91.578
G115-58     FeI 4118.545 3.573  0.270  61.7  2.9  6.212  0.042 -0.002 -0.029  0.001 0.093 0.053   33.181
G115-58     FeI 4134.678 2.831 -0.649  59.6  2.8  6.220  0.050 -0.002 -0.027  0.001 0.088 0.053   20.816
G115-58     FeI 4143.415 3.047 -0.210  65.8  3.2  6.074  0.052 -0.007 -0.025  0.001 0.097 0.053   17.064
G115-58     FeI 4143.868 1.557 -0.511 106.0  5.0  5.957  0.077 -0.017 -0.032  0.001 0.119 0.053   -9.459
G115-58     FeI 4147.669 1.485 -2.104  56.3  2.7  6.281  0.063 -0.003 -0.024  0.002 0.078 0.053   -6.389
G115-58     FeI 4154.806 3.368 -0.400  46.0  2.2  6.091  0.045 -0.003 -0.012  0.001 0.059 0.053   35.709
G115-58     FeI 4156.799 2.831 -0.809  59.7  2.9  6.283  0.049 -0.003 -0.027  0.001 0.088 0.053   23.983
G115-58     FeI 4175.636 2.845 -0.827  48.4  2.4  6.058  0.048 -0.001 -0.017  0.001 0.073 0.053   21.707
G115-58     FeI 4181.755 2.831 -0.371  70.9  3.4  6.207  0.052 -0.004 -0.035  0.001 0.113 0.053   16.521
G115-58     FeI 4187.039 2.449 -0.560  76.9  3.6  6.174  0.063 -0.012 -0.027  0.001 0.102 0.053    4.246
G115-58     FeI 4187.795 2.425 -0.554  84.5  3.9  6.150  0.066 -0.014 -0.027  0.002 0.105 0.053   -0.177
G115-58     FeI 4191.431 2.469 -0.666  73.2  3.5  6.135  0.062 -0.011 -0.026  0.002 0.100 0.053    3.638
G115-58     FeI 4199.095 3.047  0.170  77.4  3.6  6.060  0.051 -0.006 -0.039  0.001 0.127 0.053   17.186
G115-58     FeI 4202.029 1.485 -0.708 107.5  5.1  6.147  0.079 -0.017 -0.032  0.001 0.124 0.053  -10.030
G115-58     FeI 4216.184 0.000 -3.356  56.5  2.7  6.062  0.077 -0.002 -0.026  0.002 0.093 0.053  -30.613
G115-58     FeI 4222.213 2.449 -0.967  62.5  3.0  6.174  0.058 -0.006 -0.022  0.001 0.084 0.053    4.569
G115-58     FeI 4233.603 2.482 -0.600  83.4  3.8  6.292  0.065 -0.014 -0.027  0.001 0.101 0.053    2.132
G115-58     FeI 4238.810 3.396 -0.233  52.1  2.5  6.180  0.046 -0.005 -0.016  0.001 0.066 0.053   34.580
G115-58     FeI 4250.119 2.469 -0.405  81.8  3.9  6.058  0.064 -0.013 -0.027  0.002 0.107 0.053    2.320
G115-58     FeI 4250.787 1.557 -0.714 110.5  5.1  6.347  0.077 -0.017 -0.030  0.003 0.123 0.053  -10.646
G115-58     FeI 4260.474 2.399  0.077 111.7  5.2  6.041  0.075 -0.022 -0.021  0.003 0.097 0.053  -14.127
G115-58     FeI 4271.154 2.449 -0.349 113.1  5.3  6.413  0.075 -0.023 -0.020  0.002 0.101 0.053  -13.126
G115-58     FeI 4271.761 1.485 -0.164 154.4  7.1  6.155  0.088 -0.026 -0.015  0.003 0.088 0.053  -41.736
G115-58     FeI 4282.403 2.176 -0.779  75.3  3.5  6.110  0.057 -0.003 -0.042  0.001 0.132 0.053    9.619
G115-58     FeI 4375.930 0.000 -3.031  74.1  3.4  6.195  0.080 -0.004 -0.042  0.001 0.127 0.053  -12.873
G115-58     FeI 4404.750 1.557 -0.142 160.4  7.5  6.187  0.087 -0.025 -0.014  0.003 0.087 0.053  -42.577
G115-58     FeI 4427.310 0.052 -3.044  78.2  3.7  6.221  0.081 -0.005 -0.043  0.001 0.132 0.053  -12.379
G115-58     FeI 4442.339 2.198 -1.255  64.5  3.0  6.094  0.058 -0.004 -0.025  0.001 0.093 0.053    4.522
G115-58     FeI 4466.552 2.831 -0.600  61.0  2.8  6.126  0.049 -0.001 -0.028  0.001 0.094 0.053   20.464
G115-58     FeI 4494.563 2.198 -1.140  68.1  3.2  6.169  0.059 -0.005 -0.028  0.001 0.096 0.053    5.186
G115-58     FeI 4788.757 3.236 -1.763  12.2  0.7  6.343  0.044  0.001 -0.002  0.001 0.042 0.053   29.043
G115-58     FeI 4800.649 4.143 -1.029   4.6  0.6  6.132  0.035  0.000 -0.001  0.001 0.065 0.053   43.178
G115-58     FeI 4871.318 2.865 -0.340  65.8  3.1  6.058  0.055 -0.007 -0.021  0.002 0.086 0.053   10.472
G115-58     FeI 4872.138 2.882 -0.567  65.2  3.0  6.211  0.054 -0.007 -0.021  0.001 0.080 0.053   14.932
G115-58     FeI 4890.755 2.875 -0.380  77.0  3.5  6.240  0.058 -0.010 -0.025  0.001 0.091 0.053    9.262
G115-58     FeI 4891.492 2.851 -0.112  91.5  4.3  6.222  0.065 -0.016 -0.024  0.002 0.101 0.053    1.227
G115-58     FeI 4918.994 2.865 -0.342  73.6  3.5  6.102  0.057 -0.009 -0.024  0.002 0.094 0.053    8.591
G115-58     FeI 4920.503 2.832  0.068 111.2  5.1  6.315  0.070 -0.020 -0.020  0.002 0.097 0.053   -7.657
G115-58     FeI 4924.769 2.279 -2.114  17.2  0.9  6.143  0.054 -0.001 -0.003  0.001 0.036 0.053  -13.915
G115-58     FeI 4939.686 0.859 -3.340  27.7  1.4  6.225  0.069 -0.001 -0.005  0.001 0.042 0.053  -75.204
G115-58     FeI 4950.106 3.417 -1.500   9.5  0.6  6.234  0.044 -0.001 -0.002  0.001 0.045 0.053   30.584
G115-58     FeI 4957.299 2.851 -0.408  74.7  3.5  6.240  0.057 -0.009 -0.024  0.002 0.091 0.053    9.081
G115-58     FeI 4973.102 3.960 -0.690  14.9  0.8  6.148  0.037 -0.001 -0.003  0.001 0.036 0.053   69.294
G115-58     FeI 5044.211 2.851 -2.017   8.2  0.5  6.107  0.048 -0.001 -0.002  0.002 0.036 0.053   12.680
G115-58     FeI 5049.819 2.279 -1.355  58.8  2.8  6.253  0.056 -0.003 -0.022  0.001 0.079 0.053    7.268
G115-58     FeI 5074.750 4.220 -0.230  30.4  1.5  6.072  0.035 -0.001 -0.006  0.001 0.045 0.053   72.977
G115-58     FeI 5090.780 4.260 -0.490  18.6  0.9  6.264  0.034 -0.001 -0.003  0.001 0.038 0.053   82.220
G115-58     FeI 5127.359 0.915 -3.307  26.3  1.3  6.183  0.068 -0.001 -0.005  0.002 0.042 0.053  -71.883
G115-58     FeI 5131.468 2.222 -2.515  15.2  0.9  6.283  0.054  0.000 -0.002  0.002 0.041 0.053  -18.918
G115-58     FeI 5133.689 4.178  0.360  49.6  2.3  6.178  0.038 -0.003 -0.013  0.001 0.058 0.053   57.998
G115-58     FeI 5139.252 2.998 -0.730  49.5  2.3  6.212  0.050 -0.004 -0.013  0.001 0.058 0.053   21.370
G115-58     FeI 5139.463 2.940 -0.509  77.0  3.6  6.285  0.057 -0.011 -0.024  0.002 0.090 0.053   10.501
G115-58     FeI 5171.596 1.485 -1.793  75.1  3.4  6.190  0.066 -0.005 -0.036  0.001 0.113 0.053   -0.403
G115-58     FeI 5191.455 3.038 -0.551  58.2  2.7  6.214  0.051 -0.005 -0.017  0.001 0.070 0.053   19.419
G115-58     FeI 5194.942 1.557 -2.090  47.4  2.3  6.014  0.062 -0.001 -0.015  0.001 0.070 0.053  -14.968
G115-58     FeI 5198.711 2.222 -2.135  25.3  1.2  6.216  0.055 -0.001 -0.005  0.001 0.039 0.053  -14.988
G115-58     FeI 5216.274 1.608 -2.150  54.8  2.6  6.271  0.061 -0.001 -0.021  0.001 0.074 0.053   -5.818
G115-58     FeI 5225.526 0.110 -4.789   4.5  0.5  6.033  0.076 -0.002  0.000  0.001 0.058 0.053  -85.445
G115-58     FeI 5227.189 1.557 -1.228  98.0  4.6  6.164  0.075 -0.013 -0.036  0.001 0.129 0.053   -6.498
G115-58     FeI 5232.940 2.940 -0.057  93.6  4.3  6.232  0.064 -0.015 -0.023  0.002 0.098 0.053    1.271
G115-58     FeI 5242.491 3.634 -0.830  18.8  1.0  6.211  0.040 -0.001 -0.003  0.001 0.039 0.053   51.609
G115-58     FeI 5250.646 2.198 -2.181  26.2  1.3  6.146  0.055 -0.001 -0.006  0.001 0.043 0.053  -12.348
G115-58     FeI 5253.461 3.283 -1.580  10.5  0.7  6.273  0.044 -0.001 -0.002  0.001 0.040 0.053   33.490
G115-58     FeI 5263.306 3.266 -0.870  32.3  1.6  6.191  0.045 -0.002 -0.006  0.001 0.045 0.053   34.170
G115-58     FeI 5266.555 2.998 -0.385  67.4  3.1  6.157  0.054 -0.007 -0.022  0.001 0.082 0.053   15.164
G115-58     FeI 5281.790 3.038 -0.834  50.3  2.4  6.297  0.049 -0.003 -0.014  0.001 0.059 0.053   24.171
G115-58     FeI 5288.524 3.695 -1.490   3.8  0.4  6.115  0.040 -0.001  0.000  0.001 0.057 0.053   32.678
G115-58     FeI 5307.361 1.608 -2.987  16.8  0.9  6.251  0.061  0.001 -0.002  0.001 0.036 0.053  -51.754
G115-58     FeI 5322.040 2.279 -2.803   4.3  0.4  6.181  0.054  0.001  0.000  0.001 0.050 0.053  -18.035
G115-58     FeI 5328.038 0.915 -1.466 110.2  5.1  6.171  0.084 -0.015 -0.035  0.001 0.124 0.053  -15.792
G115-58     FeI 5328.531 1.557 -1.850  61.8  2.9  6.062  0.063 -0.002 -0.026  0.001 0.093 0.053   -3.902
G115-58     FeI 5339.929 3.266 -0.630  50.4  2.3  6.270  0.047 -0.003 -0.013  0.001 0.058 0.053   30.740
G115-58     FeI 5364.871 4.446  0.228  39.4  1.8  6.206  0.035 -0.003 -0.008  0.001 0.048 0.053   76.172
G115-58     FeI 5365.399 3.573 -1.020  12.3  0.7  6.158  0.041  0.000 -0.002  0.001 0.036 0.053   44.631
G115-58     FeI 5367.466 4.415  0.443  44.3  2.1  6.182  0.035 -0.003 -0.010  0.001 0.052 0.053   73.131
G115-58     FeI 5369.962 4.371  0.536  47.3  2.2  6.171  0.036 -0.004 -0.011  0.001 0.055 0.053   67.298
G115-58     FeI 5373.708 4.473 -0.710   5.8  0.5  6.170  0.032  0.000 -0.001  0.000 0.046 0.053   75.492
G115-58     FeI 5383.369 4.312  0.645  55.2  2.6  6.174  0.038 -0.005 -0.014  0.002 0.065 0.053   52.598
G115-58     FeI 5393.167 3.240 -0.715  48.2  2.3  6.311  0.048 -0.004 -0.012  0.001 0.056 0.053   28.240
G115-58     FeI 5397.128 0.915 -1.993  82.3  3.8  6.014  0.073 -0.005 -0.040  0.000 0.128 0.053   -6.224
G115-58     FeI 5405.775 0.990 -1.844  93.3  4.3  6.210  0.077 -0.009 -0.040  0.001 0.131 0.053   -8.683
G115-58     FeI 5415.199 4.386  0.642  54.2  2.6  6.182  0.037 -0.005 -0.014  0.001 0.063 0.053   59.798
G115-58     FeI 5567.391 2.609 -2.671   3.6  0.5  6.185  0.051 -0.001 -0.001  0.001 0.072 0.053   -1.323
G115-58     FeI 5569.618 3.417 -0.520  44.4  2.1  6.144  0.045 -0.003 -0.010  0.001 0.055 0.053   36.332
G115-58     FeI 5586.756 3.368 -0.110  64.3  3.1  6.110  0.050 -0.007 -0.019  0.001 0.079 0.053   22.881
G115-58     FeI 5686.530 4.549 -0.446   6.8  0.5  6.060  0.032  0.000 -0.001  0.001 0.042 0.053   79.945
G115-58     FeI 5701.544 2.560 -2.216  11.0  0.7  6.073  0.051 -0.001 -0.002  0.002 0.040 0.053   -2.862
G115-58     FeI 5717.833 4.284 -0.960   3.6  0.4  6.018  0.034  0.000  0.000  0.001 0.058 0.053   51.755
G115-58     FeI 6003.020 3.880 -1.100  11.5  0.8  6.288  0.038 -0.001 -0.002  0.001 0.041 0.053   56.242
G115-58     FeI 6027.050 4.076 -1.089   9.4  0.7  6.222  0.036  0.000 -0.001  0.001 0.043 0.053   60.373
G115-58     FeI 6151.615 2.223 -3.573   3.8  0.5  6.361  0.054 -0.001  0.000  0.002 0.076 0.053  -10.645
G115-58     FeI 6173.335 2.222 -2.880   6.8  0.5  6.213  0.055  0.000 -0.002  0.001 0.045 0.053  -19.847
G115-58     FeI 6200.313 2.609 -2.437   7.8  0.6  6.195  0.051  0.000 -0.001  0.001 0.049 0.053   -3.458
G115-58     FeI 6213.430 2.223 -2.482  13.6  0.8  6.242  0.054 -0.001 -0.002  0.002 0.040 0.053  -17.333
G115-58     FeI 6219.281 2.198 -2.433  15.3  0.8  6.165  0.056 -0.001 -0.003  0.001 0.037 0.053  -24.145
G115-58     FeI 6230.723 2.559 -1.281  49.3  2.3  6.102  0.052 -0.001 -0.015  0.001 0.064 0.053   11.216
G115-58     FeI 6246.318 3.603 -0.770  23.6  1.2  6.132  0.042 -0.001 -0.004  0.001 0.039 0.053   42.904
G115-58     FeI 6252.555 2.404 -1.687  35.5  1.7  6.140  0.054 -0.001 -0.009  0.001 0.049 0.053   -2.213
G115-58     FeI 6265.134 2.176 -2.550  13.4  0.7  6.257  0.055  0.000 -0.002  0.001 0.036 0.053  -23.777
G115-58     FeI 6335.330 2.200 -2.177  22.9  1.1  6.173  0.055 -0.001 -0.004  0.001 0.040 0.053  -16.419
G115-58     FeI 6336.824 3.686 -0.850  23.2  1.2  6.306  0.040 -0.001 -0.004  0.002 0.040 0.053   50.151
G115-58     FeI 6355.029 2.845 -2.291   5.2  0.6  6.079  0.048  0.000 -0.001  0.001 0.060 0.053    7.169
G115-58     FeI 6393.601 2.433 -1.576  48.8  2.3  6.309  0.054 -0.001 -0.015  0.001 0.059 0.053    5.453
G115-58     FeI 6411.649 3.654 -0.590  31.1  1.5  6.196  0.041 -0.001 -0.006  0.001 0.043 0.053   47.288
G115-58     FeI 6421.350 2.279 -2.027  27.6  1.4  6.132  0.054 -0.001 -0.006  0.001 0.045 0.053   -7.552
G115-58     FeI 6430.846 2.176 -2.006  36.3  1.7  6.217  0.056 -0.001 -0.008  0.001 0.047 0.053  -12.988
G115-58    FeII 4178.862 2.583 -2.510  47.9  2.3  6.099  0.008  0.015 -0.017  0.001 0.066 0.000   48.328
G115-58    FeII 4233.172 2.583 -1.970  75.8  3.5  6.053  0.008  0.013 -0.037  0.001 0.120 0.000    7.526
G115-58    FeII 4923.927 2.891 -1.260  99.0  4.6  6.166  0.012  0.010 -0.035  0.001 0.126 0.000   14.142
G115-58    FeII 4993.350 2.810 -3.620   6.0  0.5  6.063  0.007  0.016 -0.001  0.001 0.049 0.000  123.366
G115-58    FeII 5018.440 2.891 -1.100 110.7  5.2  6.208  0.016  0.007 -0.031  0.001 0.121 0.000   21.929
G115-58    FeII 5197.577 3.230 -2.220  40.4  1.9  6.103  0.002  0.016 -0.010  0.001 0.052 0.000   94.783
G115-58    FeII 5234.630 3.220 -2.180  43.1  2.0  6.066  0.002  0.016 -0.012  0.001 0.057 0.000   74.288
G115-58    FeII 5264.810 3.230 -3.130  10.0  0.6  6.123  0.002  0.018 -0.002  0.001 0.040 0.000  160.074
G115-58    FeII 5284.110 2.890 -3.110  17.5  0.9  6.158  0.006  0.016 -0.003  0.001 0.038 0.000  198.726
G115-58    FeII 5325.560 3.220 -3.160   9.7  0.6  6.204  0.002  0.016 -0.001  0.001 0.038 0.000  224.135
G115-58    FeII 5414.080 3.220 -3.580   4.0  0.5  6.208  0.002  0.016  0.000  0.002 0.059 0.000   83.207
G115-58    FeII 5425.260 3.200 -3.220   6.9  0.6  6.049  0.003  0.016 -0.001  0.001 0.049 0.000  135.176
G115-58    FeII 5534.850 3.240 -2.750  20.1  1.0  6.153  0.002  0.016 -0.004  0.001 0.038 0.000  208.111
G115-58    FeII 6084.100 3.200 -3.790   3.0  0.4  6.098  0.003  0.016  0.000  0.002 0.073 0.000   54.219
G115-58    FeII 6149.250 3.890 -2.690   7.3  0.6  6.109 -0.005  0.016 -0.003  0.000 0.047 0.000  172.850
G115-58    FeII 6238.390 3.890 -2.600   8.6  0.6  6.120 -0.006  0.017 -0.001  0.001 0.047 0.000  166.394
G115-58    FeII 6247.560 3.890 -2.300  15.6  0.8  6.167 -0.005  0.016 -0.003  0.001 0.038 0.000  260.296
G115-58    FeII 6416.930 3.890 -2.640   7.5  0.6  6.170 -0.004  0.016 -0.002  0.001 0.049 0.000  154.026
G115-58     NiI 4806.990 3.680 -0.600   4.8  0.5  4.925  0.037  0.000 -0.001  0.001 0.056 0.075   34.012
G115-58     NiI 4829.030 3.540 -0.330   8.7  0.6  4.727  0.039  0.000 -0.001  0.001 0.044 0.075   33.888
G115-58     NiI 4831.180 3.610 -0.380   9.5  0.7  4.911  0.037  0.000 -0.002  0.001 0.047 0.075   39.425
G115-58     NiI 4904.420 3.540 -0.190  11.0  0.7  4.673  0.039  0.000 -0.002  0.001 0.041 0.075   36.538
G115-58     NiI 4935.830 3.940 -0.310   4.2  0.5  4.704  0.034  0.000 -0.001  0.001 0.064 0.075   36.770
G115-58     NiI 5035.370 3.630  0.120  22.1  1.1  4.827  0.038  0.000 -0.004  0.001 0.038 0.075   44.900
G115-58     NiI 5081.120 3.850  0.220  18.3  1.0  4.814  0.036  0.000 -0.003  0.001 0.038 0.075   48.671
G115-58     NiI 5082.350 3.660 -0.550   4.2  0.5  4.661  0.038  0.000  0.000  0.001 0.063 0.075   27.793
G115-58     NiI 5084.100 3.680 -0.040  14.0  0.8  4.752  0.038  0.000 -0.002  0.001 0.038 0.075   40.828
G115-58     NiI 5099.940 3.680 -0.180   7.6  0.6  4.660  0.037  0.000 -0.001  0.001 0.044 0.075   39.098
G115-58     NiI 5115.400 3.830 -0.140   9.3  0.7  4.819  0.036  0.001 -0.001  0.001 0.042 0.075   42.437
G115-58     NiI 5155.130 3.900 -0.630   1.9  0.3  4.641  0.034  0.001  0.000  0.001 0.079 0.075   28.822
G115-58     NiI 5155.770 3.900 -0.110   8.2  0.6  4.810  0.035  0.000 -0.001  0.001 0.045 0.075   43.918
G115-58     NiI 5176.560 3.900 -0.460   4.5  0.5  4.906  0.034  0.001 -0.001  0.001 0.061 0.075   37.977
G115-58     ZnI 4722.160 4.030 -0.390  12.2  0.8  3.173  0.033  0.004 -0.002  0.001 0.042 0.000  249.788
G115-58     ZnI 4810.540 4.080 -0.170  15.1  0.9  3.127  0.032  0.003 -0.003  0.001 0.041 0.000  276.637
G115-58     YII 4883.690 1.080  0.070  13.2  0.8  0.669  0.025  0.015 -0.001  0.002 0.042 0.000  248.597
G115-58     YII 5087.430 1.080 -0.170   7.1  0.5  0.617  0.025  0.015 -0.001  0.001 0.042 0.000  253.356
G115-58    BaII 4934.100 0.000 -1.151 108.5  5.0  0.638  0.042  0.011 -0.026  0.002 0.141 0.000   20.858
G115-58    BaII 5853.700 0.604 -2.463  19.1  1.0  0.673  0.035  0.013 -0.005  0.002 0.040 0.000  244.558
G115-58    BaII 6141.700 0.704 -2.855  56.8  2.6  0.619  0.041  0.011 -0.034  0.002 0.085 0.000   63.644
G115-58    BaII 6496.896 0.604 -1.623  50.6  2.4  0.668  0.037  0.013 -0.022  0.002 0.070 0.000   89.671
G90-36      NaI 5688.227 2.100 -1.453   6.1  1.0  4.134  0.023  0.001 -0.001 -0.002 0.077 0.000  152.449
G90-36      MgI 5167.321 2.709 -0.854 345.8 15.9  6.047  0.052 -0.011 -0.003  0.011 0.074 0.000   49.956
G90-36      MgI 5172.684 2.712 -0.363 627.4 29.0  6.103  0.052 -0.011 -0.001  0.011 0.064 0.000   62.307
G90-36      MgI 5183.604 2.717 -0.168 777.5 35.8  6.065  0.053 -0.011 -0.001  0.011 0.062 0.000   60.986
G90-36      MgI 5711.100 4.340 -1.842  18.5  1.3  6.017  0.024  0.002 -0.002  0.000 0.042 0.000  355.606
G90-36      SiI 6155.140 5.620 -0.890   9.7  1.2  6.174  0.004  0.004  0.000  0.002 0.061 0.000  259.876
G90-36      SiI 6237.330 5.610 -1.150   7.3  1.3  6.314  0.004  0.004  0.000  0.002 0.086 0.000  132.641
G90-36      CaI 4455.887 1.899 -0.530  62.3  3.1  4.763  0.039 -0.002 -0.013  0.003 0.059 0.066   35.817
G90-36      CaI 5265.556 2.523 -0.260  44.9  2.3  4.846  0.032 -0.001 -0.015  0.002 0.053 0.066   59.753
G90-36      CaI 5512.990 2.930 -0.300  12.2  1.0  4.736  0.026  0.002 -0.002  0.000 0.046 0.066   70.240
G90-36      CaI 5581.980 2.520 -0.710  26.4  1.6  4.817  0.030  0.000 -0.008  0.000 0.046 0.066   66.020
G90-36      CaI 5588.749 2.526  0.210  83.4  3.9  4.866  0.038 -0.007 -0.029  0.005 0.080 0.066   38.535
G90-36      CaI 5590.130 2.520 -0.710  24.0  1.4  4.796  0.031  0.001 -0.007  0.000 0.043 0.066   61.378
G90-36      CaI 5594.462 2.523 -0.050  63.2  3.1  4.891  0.035 -0.004 -0.024  0.002 0.066 0.066   50.347
G90-36      CaI 5857.451 2.933  0.230  58.1  2.8  4.923  0.030 -0.003 -0.008  0.002 0.050 0.066   65.814
G90-36      CaI 6122.217 1.886 -0.315 116.6  5.5  4.886  0.046 -0.010 -0.015  0.007 0.072 0.066   22.054
G90-36      CaI 6161.290 2.520 -1.030  12.0  1.1  4.986  0.030  0.001 -0.001  0.000 0.050 0.066   55.643
G90-36      CaI 6162.173 1.899 -0.089 115.0  5.4  4.629  0.046 -0.009 -0.015  0.007 0.076 0.066   20.189
G90-36      CaI 6166.440 2.520 -0.900  11.2  1.1  4.890  0.030  0.002 -0.002  0.000 0.054 0.066   52.701
G90-36      CaI 6169.040 2.520 -0.540  25.0  1.6  4.928  0.031  0.000 -0.003  0.002 0.043 0.066   60.942
G90-36      CaI 6169.560 2.520 -0.270  39.0  2.1  4.876  0.032 -0.001 -0.005  0.002 0.045 0.066   58.605
G90-36      CaI 6439.075 2.526  0.470  90.0  4.3  4.793  0.039 -0.008 -0.029  0.005 0.085 0.066   35.208
G90-36      CaI 6493.781 2.521  0.140  64.3  3.2  4.998  0.035 -0.005 -0.023  0.003 0.062 0.066   53.225
G90-36      TiI 4981.731 0.848  0.570  61.3  3.0  3.335  0.056 -0.002 -0.036  0.002 0.067 0.051   39.110
G90-36      TiI 4991.065 0.836  0.450  55.4  2.8  3.317  0.056 -0.002 -0.031  0.002 0.063 0.051   38.485
G90-36      TiI 4999.510 0.830  0.320  49.1  2.4  3.298  0.054  0.000 -0.026  0.002 0.055 0.051   45.048
G90-36      TiI 5016.170 0.850 -0.480  14.4  1.1  3.401  0.052  0.003 -0.005  0.002 0.046 0.051   32.154
G90-36      TiI 5022.870 0.830 -0.330  18.9  1.3  3.378  0.052  0.002 -0.006  0.000 0.044 0.051   35.877
G90-36      TiI 5024.850 0.820 -0.530  12.8  1.1  3.242  0.052  0.003 -0.003  0.002 0.051 0.051   28.108
G90-36      TiI 5039.960 0.020 -1.080  26.0  1.5  3.365  0.060  0.002 -0.010  0.000 0.042 0.051   10.375
G90-36      TiI 5192.980 0.020 -0.950  36.2  1.9  3.464  0.061  0.002 -0.018  0.002 0.045 0.051   17.398
G90-36      TiI 5210.390 0.050 -0.820  35.2  1.8  3.357  0.060  0.002 -0.016  0.000 0.046 0.051   16.205
G90-36      TiI 5866.420 1.070 -0.790   4.6  1.0  3.112  0.050  0.002 -0.002  0.000 0.103 0.051   12.534
G90-36      TiI 6258.110 1.440 -0.390   8.6  1.2  3.430  0.047  0.002 -0.003  0.000 0.073 0.051   29.188
G90-36      TiI 6258.710 1.460 -0.280  10.9  1.2  3.441  0.046  0.002 -0.003  0.000 0.059 0.051   39.904
G90-36      TiI 6261.110 1.430 -0.530   6.8  1.0  3.521  0.047  0.002 -0.002  0.002 0.075 0.051   27.815
G90-36     TiII 4443.801 1.080 -0.710  77.6  3.8  3.203  0.017  0.006 -0.058  0.011 0.122 0.000   26.062
G90-36     TiII 4450.482 1.084 -1.520  43.7  2.3  3.337  0.011  0.011 -0.026  0.009 0.077 0.000  107.121
G90-36     TiII 4468.507 1.131 -0.630  86.2  4.1  3.321  0.019  0.004 -0.058  0.011 0.119 0.000   28.159
G90-36     TiII 5336.789 1.582 -1.600  19.6  1.3  3.439  0.006  0.011 -0.007  0.007 0.049 0.000  335.005
G90-36      CrI 5206.037 0.941  0.019 129.2  6.1  4.052  0.062 -0.009 -0.030  0.007 0.092 0.037   30.013
G90-36      CrI 5296.700 0.980 -1.360  24.0  1.4  3.907  0.050  0.002 -0.009  0.002 0.042 0.037  105.196
G90-36      CrI 5345.810 1.000 -0.950  49.0  2.5  4.009  0.053 -0.001 -0.025  0.002 0.052 0.037   88.889
G90-36      CrI 5348.330 1.000 -1.210  33.7  1.7  4.036  0.051  0.001 -0.015  0.002 0.042 0.037  107.891
G90-36      MnI 4783.415 2.298 -1.560  34.1  1.9  3.389  0.043  0.002 -0.007  0.002 0.043 0.073   87.175
G90-36      MnI 4823.515 2.319 -2.980  33.2  1.9  3.317  0.043  0.002 -0.011  0.002 0.045 0.073   87.198
G90-36      MnI 6021.804 3.075 -2.760   8.6  1.0  3.546  0.035  0.002 -0.001  0.000 0.062 0.073   74.317
G90-36      FeI 4466.552 2.831 -0.600  84.4  4.1  5.930  0.046 -0.005 -0.058  0.005 0.094 0.031   26.291
G90-36      FeI 4494.563 2.198 -1.140  88.8  4.2  5.675  0.053 -0.005 -0.040  0.007 0.086 0.031   -0.002
G90-36      FeI 4788.757 3.236 -1.763  11.2  1.1  5.780  0.035  0.003 -0.005  0.002 0.057 0.031   42.982
G90-36      FeI 4800.649 4.143 -1.029   4.4  0.8  5.711  0.026  0.003 -0.001  0.002 0.086 0.031   43.435
G90-36      FeI 4871.318 2.865 -0.340 103.5  4.9  5.724  0.049 -0.007 -0.023  0.007 0.077 0.031    4.747
G90-36      FeI 4872.138 2.882 -0.567  98.8  4.7  5.840  0.048 -0.007 -0.024  0.007 0.073 0.031    8.766
G90-36      FeI 4890.755 2.875 -0.380 123.1  5.8  5.868  0.050 -0.008 -0.021  0.007 0.077 0.031   -1.090
G90-36      FeI 4891.492 2.851 -0.112 153.4  7.2  5.812  0.051 -0.009 -0.015  0.011 0.085 0.031   -5.140
G90-36      FeI 4918.994 2.865 -0.342 115.6  5.4  5.728  0.049 -0.008 -0.022  0.007 0.080 0.031    4.253
G90-36      FeI 4920.503 2.832  0.068 202.3  9.4  5.881  0.052 -0.009 -0.010  0.011 0.084 0.031  -10.287
G90-36      FeI 4924.769 2.279 -2.114  31.3  1.7  5.833  0.044  0.002 -0.014  0.002 0.042 0.031    8.537
G90-36      FeI 4939.686 0.859 -3.340  51.6  2.6  5.853  0.059  0.001 -0.037  0.002 0.056 0.031  -49.460
G90-36      FeI 4950.106 3.417 -1.500  12.1  1.1  5.841  0.033  0.003 -0.002  0.002 0.054 0.031   52.245
G90-36      FeI 4957.299 2.851 -0.408 117.7  5.5  5.863  0.050 -0.008 -0.022  0.009 0.077 0.031   -0.148
G90-36      FeI 4962.572 4.178 -1.182   8.2  1.3  6.011  0.026  0.004 -0.002  0.000 0.080 0.031   49.284
G90-36      FeI 4973.102 3.960 -0.690  18.2  1.3  5.806  0.029  0.003 -0.005  0.002 0.043 0.031  112.613
G90-36      FeI 5044.211 2.851 -2.017  12.2  1.0  5.714  0.038  0.003 -0.003  0.002 0.045 0.031   31.311
G90-36      FeI 5049.819 2.279 -1.355  83.1  4.0  5.890  0.053 -0.005 -0.042  0.006 0.077 0.031    1.599
G90-36      FeI 5074.750 4.220 -0.230  39.5  2.0  5.776  0.028  0.000 -0.008  0.002 0.044 0.031  130.510
G90-36      FeI 5090.780 4.260 -0.490  19.2  1.4  5.862  0.026  0.003 -0.003  0.002 0.047 0.031  120.519
G90-36      FeI 5127.359 0.915 -3.307  50.5  2.5  5.824  0.059  0.001 -0.036  0.002 0.056 0.031  -51.261
G90-36      FeI 5131.468 2.222 -2.515  24.5  1.5  5.876  0.044  0.003 -0.009  0.002 0.044 0.031   -3.543
G90-36      FeI 5133.689 4.178  0.360  62.4  3.1  5.817  0.032 -0.003 -0.016  0.003 0.055 0.031   89.742
G90-36      FeI 5139.252 2.998 -0.730  75.4  3.6  5.887  0.045 -0.004 -0.023  0.005 0.057 0.031   21.143
G90-36      FeI 5139.463 2.940 -0.509 103.6  4.9  5.731  0.048 -0.007 -0.024  0.007 0.076 0.031    8.166
G90-36      FeI 5141.739 2.424 -2.238  24.6  1.5  5.874  0.042  0.003 -0.009  0.002 0.044 0.031   13.833
G90-36      FeI 5145.093 2.198 -2.876   7.4  0.8  5.898  0.043  0.003 -0.003  0.002 0.063 0.031   -4.628
G90-36      FeI 5187.914 4.143 -1.371   6.1  0.9  6.032  0.026  0.003 -0.001  0.002 0.078 0.031   51.438
G90-36      FeI 5191.455 3.038 -0.551  84.2  4.0  5.827  0.045 -0.005 -0.023  0.007 0.064 0.031   18.707
G90-36      FeI 5194.942 1.557 -2.090  73.7  3.5  5.694  0.057 -0.004 -0.050  0.005 0.080 0.031   -7.368
G90-36      FeI 5198.711 2.222 -2.135  41.1  2.1  5.861  0.046  0.001 -0.019  0.002 0.046 0.031    2.504
G90-36      FeI 5216.274 1.608 -2.150  73.0  3.5  5.770  0.057 -0.004 -0.049  0.005 0.076 0.031   -8.779
G90-36      FeI 5225.526 0.110 -4.789  19.2  1.3  5.795  0.064  0.004 -0.009  0.002 0.046 0.031 -159.425
G90-36      FeI 5232.940 2.940 -0.057 150.4  7.0  5.774  0.050 -0.010 -0.016  0.011 0.083 0.031   -1.195
G90-36      FeI 5242.491 3.634 -0.830  25.5  1.5  5.900  0.032  0.002 -0.010  0.002 0.042 0.031  106.674
G90-36      FeI 5247.060 0.087 -4.946  19.6  1.3  5.886  0.064  0.004 -0.008  0.002 0.048 0.031 -149.944
G90-36      FeI 5250.209 0.121 -4.938  16.9  1.1  5.864  0.063  0.004 -0.007  0.002 0.042 0.031 -177.850
G90-36      FeI 5250.646 2.198 -2.181  50.2  2.5  5.922  0.048  0.000 -0.028  0.002 0.053 0.031    2.364
G90-36      FeI 5253.461 3.283 -1.580  14.7  1.2  5.900  0.035  0.003 -0.003  0.002 0.046 0.031   58.274
G90-36      FeI 5263.306 3.266 -0.870  45.8  2.3  5.830  0.038  0.000 -0.011  0.003 0.045 0.031   53.230
G90-36      FeI 5266.555 2.998 -0.385  97.2  4.6  5.730  0.048 -0.007 -0.024  0.007 0.074 0.031    8.600
G90-36      FeI 5288.524 3.695 -1.490   7.5  0.9  5.962  0.031  0.003 -0.003  0.002 0.064 0.031   51.008
G90-36      FeI 5307.361 1.608 -2.987  32.4  1.7  5.888  0.051  0.002 -0.016  0.002 0.041 0.031  -50.183
G90-36      FeI 5322.040 2.279 -2.803   8.5  1.0  5.840  0.043  0.004 -0.003  0.002 0.063 0.031   -6.752
G90-36      FeI 5328.038 0.915 -1.466 206.7  9.6  5.681  0.069 -0.009 -0.016  0.011 0.099 0.031  -41.782
G90-36      FeI 5339.929 3.266 -0.630  69.9  3.3  5.872  0.041 -0.004 -0.018  0.005 0.055 0.031   42.073
G90-36      FeI 5364.871 4.446  0.228  50.1  2.5  5.886  0.028 -0.001 -0.010  0.002 0.046 0.031  129.414
G90-36      FeI 5365.399 3.573 -1.020  19.9  1.3  5.905  0.032  0.002 -0.006  0.002 0.041 0.031  101.323
G90-36      FeI 5367.466 4.415  0.443  56.8  2.7  5.852  0.029 -0.002 -0.011  0.003 0.047 0.031  125.211
G90-36      FeI 5369.962 4.371  0.536  58.1  2.8  5.804  0.030 -0.002 -0.013  0.003 0.050 0.031  109.816
G90-36      FeI 5373.708 4.473 -0.710   5.5  1.0  5.777  0.024  0.003 -0.001  0.000 0.086 0.031   49.497
G90-36      FeI 5379.574 3.695 -1.420   5.2  0.9  5.737  0.030  0.003 -0.002  0.002 0.084 0.031   35.599
G90-36      FeI 5383.369 4.312  0.645  71.2  3.4  5.819  0.033 -0.004 -0.017  0.005 0.059 0.031   77.907
G90-36      FeI 5393.167 3.240 -0.715  64.4  3.1  5.883  0.041 -0.003 -0.017  0.005 0.052 0.031   41.016
G90-36      FeI 5415.199 4.386  0.642  73.0  3.5  5.867  0.032 -0.005 -0.015  0.005 0.056 0.031   90.644
G90-36      FeI 5473.900 4.154 -0.720  15.1  1.1  5.894  0.027  0.002 -0.003  0.002 0.044 0.031  127.744
G90-36      FeI 5497.516 1.011 -2.849  72.4  3.4  5.781  0.061 -0.003 -0.055  0.003 0.073 0.031  -19.700
G90-36      FeI 5501.465 0.958 -3.047  69.0  3.3  5.912  0.063 -0.003 -0.053  0.005 0.069 0.031  -32.532
G90-36      FeI 5506.779 0.990 -2.797  81.5  3.9  5.921  0.064 -0.005 -0.057  0.005 0.079 0.031  -22.682
G90-36      FeI 5569.618 3.417 -0.520  66.1  3.2  5.818  0.040 -0.004 -0.016  0.005 0.054 0.031   44.244
G90-36      FeI 5572.842 3.396 -0.280  98.9  4.6  5.968  0.044 -0.008 -0.019  0.007 0.063 0.031   27.736
G90-36      FeI 5586.756 3.368 -0.110 108.6  5.1  5.858  0.044 -0.008 -0.019  0.007 0.070 0.031   23.254
G90-36      FeI 5686.530 4.549 -0.446   8.5  1.0  5.798  0.023  0.003 -0.001  0.002 0.060 0.031   98.445
G90-36      FeI 5717.833 4.284 -0.960   7.2  0.9  5.939  0.025  0.003 -0.001  0.002 0.065 0.031   77.161
G90-36      FeI 6003.020 3.880 -1.100  11.2  1.0  5.808  0.030  0.002 -0.002  0.002 0.048 0.031   90.620
G90-36      FeI 6027.050 4.076 -1.089  12.2  1.3  5.913  0.028  0.002 -0.002  0.002 0.057 0.031   78.217
G90-36      FeI 6151.615 2.223 -3.573   4.6  0.9  5.775  0.044  0.003 -0.002  0.002 0.102 0.031   -3.990
G90-36      FeI 6173.335 2.222 -2.880  15.4  1.3  5.938  0.044  0.002 -0.006  0.002 0.053 0.031   -4.723
G90-36      FeI 6180.204 2.728 -2.649   5.4  0.9  5.745  0.039  0.003 -0.002  0.002 0.083 0.031    9.115
G90-36      FeI 6213.430 2.223 -2.482  23.4  1.4  5.855  0.045  0.002 -0.009  0.002 0.043 0.031  -11.978
G90-36      FeI 6219.281 2.198 -2.433  32.8  1.8  5.922  0.045  0.001 -0.014  0.002 0.045 0.031   -1.664
G90-36      FeI 6230.723 2.559 -1.281  76.8  3.7  5.823  0.049 -0.006 -0.037  0.005 0.069 0.031   15.848
G90-36      FeI 6246.318 3.603 -0.770  42.2  2.2  5.938  0.035 -0.001 -0.009  0.003 0.041 0.031   90.866
G90-36      FeI 6252.555 2.404 -1.687  56.2  2.8  5.817  0.047 -0.002 -0.030  0.003 0.057 0.031   16.399
G90-36      FeI 6265.134 2.176 -2.550  25.3  1.5  5.914  0.045  0.002 -0.010  0.002 0.041 0.031  -10.334
G90-36      FeI 6335.330 2.200 -2.177  37.5  2.0  5.792  0.046  0.001 -0.017  0.002 0.047 0.031   -1.280
G90-36      FeI 6336.824 3.686 -0.850  32.7  1.9  5.972  0.033  0.001 -0.007  0.003 0.043 0.031   87.507
G90-36      FeI 6355.029 2.845 -2.291  11.7  1.3  5.871  0.039  0.003 -0.003  0.002 0.062 0.031   16.001
G90-36      FeI 6358.690 0.859 -4.468  13.2  1.2  5.880  0.057  0.003 -0.005  0.002 0.053 0.031  -92.125
G90-36      FeI 6393.601 2.433 -1.576  64.5  3.2  5.839  0.049 -0.004 -0.034  0.005 0.061 0.031   13.811
G90-36     FeII 4923.927 2.891 -1.260  74.5  3.5  5.675 -0.002  0.005 -0.055  0.009 0.110 0.025   12.186
G90-36     FeII 5018.440 2.891 -1.100  92.0  4.4  5.814  0.002  0.003 -0.053  0.011 0.110 0.025   17.198
G90-36     FeII 5197.577 3.230 -2.220  24.6  1.4  5.942 -0.010  0.011 -0.011  0.007 0.049 0.025  201.673
G90-36     FeII 5234.630 3.220 -2.180  24.5  1.5  5.837 -0.010  0.011 -0.011  0.007 0.053 0.025  176.323
G90-36     FeII 5325.560 3.220 -3.160   3.9  0.8  5.967 -0.011  0.013 -0.001  0.006 0.097 0.025   72.062
G90-36     FeII 5534.850 3.240 -2.750   7.3  0.9  5.823 -0.011  0.012 -0.003  0.006 0.064 0.025  146.929
G90-36      NiI 4806.990 3.680 -0.600   6.0  1.0  4.631  0.024  0.005 -0.001  0.002 0.083 0.120   30.584
G90-36      NiI 4829.030 3.540 -0.330  14.7  1.2  4.560  0.025  0.005 -0.003  0.002 0.050 0.120   38.741
G90-36      NiI 4831.180 3.610 -0.380  10.0  1.2  4.524  0.024  0.004 -0.002  0.002 0.065 0.120   35.371
G90-36      NiI 4904.420 3.540 -0.190  15.2  1.2  4.407  0.026  0.004 -0.003  0.002 0.048 0.120   38.238
G90-36      NiI 4913.980 3.740 -0.620   5.7  0.9  4.628  0.023  0.005 -0.001  0.002 0.078 0.120   32.563
G90-36      NiI 4935.830 3.940 -0.310   7.0  1.1  4.574  0.022  0.004 -0.002  0.002 0.079 0.120   33.342
G90-36      NiI 4937.350 3.610 -0.380   7.4  1.0  4.409  0.024  0.004 -0.002  0.002 0.067 0.120   34.843
G90-36      NiI 4953.210 3.740 -0.610   8.2  1.1  4.766  0.023  0.004 -0.002  0.002 0.068 0.120   35.101
G90-36      NiI 5035.370 3.630  0.120  23.1  1.4  4.413  0.025  0.003 -0.005  0.002 0.041 0.120   41.821
G90-36      NiI 5081.120 3.850  0.220  21.7  1.4  4.502  0.023  0.003 -0.005  0.002 0.042 0.120   42.682
G90-36      NiI 5082.350 3.660 -0.550   3.1  0.8  4.122  0.023  0.005 -0.001  0.002 0.120 0.120   23.234
G90-36      NiI 5084.100 3.680 -0.040  13.3  1.0  4.311  0.025  0.004 -0.003  0.002 0.044 0.120   40.337
G90-36      NiI 5099.940 3.680 -0.180  15.0  1.2  4.581  0.025  0.003 -0.003  0.002 0.046 0.120   40.242
G90-36      NiI 5115.400 3.830 -0.140  12.6  1.1  4.577  0.023  0.004 -0.003  0.002 0.047 0.120   41.350
G90-36      NiI 5155.770 3.900 -0.110   6.8  0.9  4.345  0.022  0.004 -0.001  0.002 0.068 0.120   36.019
G90-36      NiI 5578.730 1.680 -2.740   2.9  0.8  4.202  0.041  0.005 -0.001  0.003 0.130 0.120   13.299
G90-36      NiI 6108.130 1.680 -2.610   7.4  1.1  4.539  0.041  0.005 -0.003  0.003 0.078 0.120   21.014
G90-36      ZnI 4722.160 4.030 -0.390   7.8  1.1  2.812  0.001  0.009 -0.003  0.005 0.071 0.000  180.455
G90-36      ZnI 4810.540 4.080 -0.170  13.4  1.1  2.924  0.001  0.009 -0.005  0.005 0.049 0.000  372.863
G90-36      YII 4883.690 1.080  0.070   8.2  0.9  0.310  0.011  0.012 -0.003  0.007 0.059 0.000  254.585
G90-36     BaII 4934.100 0.000 -1.151 122.0  5.7  0.382  0.034  0.004 -0.047  0.007 0.127 0.000   24.850
G90-36     BaII 5853.700 0.604 -2.463  14.7  1.1  0.302  0.016  0.011 -0.007  0.009 0.047 0.000  315.198
G90-36     BaII 6141.700 0.704 -2.855  56.6  2.8  0.281  0.019  0.005 -0.044  0.013 0.077 0.000   71.811
G90-36     BaII 6496.896 0.604 -1.623  47.5  2.4  0.306  0.019  0.008 -0.031  0.011 0.065 0.000  123.520
HIP28104    NaI 5889.959 0.000 -0.193 107.2  4.9  3.959  0.018 -0.007 -0.013  0.016 0.094 0.000  101.731
HIP28104    NaI 5895.910 0.000 -0.575  83.7  3.8  3.856  0.029 -0.004 -0.017  0.002 0.096 0.000   97.537
HIP28104    MgI 4167.271 4.346 -0.746  31.4  1.6  5.761  0.018 -0.002 -0.002  0.001 0.053 0.000  254.138
HIP28104    MgI 5167.321 2.709 -0.854 107.0  4.9  5.861  0.036 -0.012 -0.020  0.001 0.094 0.000   59.045
HIP28104    MgI 5172.684 2.712 -0.363 150.1  7.0  5.887  0.043 -0.019 -0.014  0.001 0.082 0.000   55.377
HIP28104    MgI 5183.604 2.717 -0.168 175.2  8.1  5.864  0.046 -0.021 -0.010  0.002 0.075 0.000   54.704
HIP28104    MgI 5528.405 4.346 -0.547  46.2  2.2  5.834  0.019 -0.003 -0.004  0.001 0.062 0.000  185.607
HIP28104    MgI 5711.100 4.340 -1.842   3.9  0.4  5.729  0.018  0.000  0.000  0.000 0.051 0.000  262.665
HIP28104    CaI 4226.728 0.000  0.244 151.8  7.1  4.756  0.053 -0.019 -0.016  0.001 0.078 0.025  -50.436
HIP28104    CaI 4283.011 1.886 -0.224  37.3  1.8  4.718  0.026 -0.002 -0.007  0.001 0.071 0.025   44.941
HIP28104    CaI 4289.367 1.879 -0.300  24.2  1.2  4.586  0.027 -0.001 -0.005  0.001 0.061 0.025   44.824
HIP28104    CaI 4318.652 1.899 -0.210  31.9  1.5  4.694  0.027 -0.001 -0.006  0.001 0.066 0.025   41.705
HIP28104    CaI 4425.437 1.879 -0.358  26.1  1.3  4.630  0.027 -0.001 -0.004  0.001 0.062 0.025   42.093
HIP28104    CaI 4454.779 1.899  0.258  57.1  2.7  4.621  0.029 -0.005 -0.015  0.001 0.083 0.025   38.743
HIP28104    CaI 4455.887 1.899 -0.530  19.6  1.1  4.678  0.026 -0.001 -0.003  0.001 0.053 0.025   56.521
HIP28104    CaI 5265.556 2.523 -0.260  15.5  0.8  4.738  0.021  0.000 -0.002  0.001 0.045 0.025  131.375
HIP28104    CaI 5512.990 2.930 -0.300   3.5  0.5  4.627  0.020  0.000  0.000  0.000 0.070 0.025   64.906
HIP28104    CaI 5581.980 2.520 -0.710   7.2  0.5  4.682  0.022  0.000 -0.001  0.001 0.043 0.025  118.729
HIP28104    CaI 5588.749 2.526  0.210  33.9  1.6  4.661  0.021 -0.001 -0.008  0.001 0.070 0.025   77.250
HIP28104    CaI 5590.130 2.520 -0.710   8.3  0.6  4.784  0.022  0.000 -0.001  0.001 0.045 0.025  112.636
HIP28104    CaI 5594.462 2.523 -0.050  23.3  1.2  4.729  0.022  0.000 -0.004  0.001 0.055 0.025   90.199
HIP28104    CaI 5857.451 2.933  0.230  16.9  0.9  4.715  0.020 -0.001 -0.002  0.000 0.046 0.025  141.904
HIP28104    CaI 6102.723 1.879 -0.793  13.6  0.8  4.627  0.026  0.000 -0.002  0.001 0.048 0.025   57.857
HIP28104    CaI 6122.217 1.886 -0.315  33.8  1.6  4.644  0.026 -0.002 -0.007  0.001 0.064 0.025   54.217
HIP28104    CaI 6162.173 1.899 -0.089  46.5  2.2  4.646  0.028 -0.004 -0.010  0.001 0.073 0.025   45.213
HIP28104    CaI 6166.440 2.520 -0.900   3.1  0.4  4.842  0.022 -0.001 -0.001  0.001 0.064 0.025   64.657
HIP28104    CaI 6169.040 2.520 -0.540   5.6  0.5  4.750  0.022  0.000 -0.001  0.001 0.050 0.025   95.241
HIP28104    CaI 6169.560 2.520 -0.270   8.2  0.5  4.629  0.022  0.000 -0.002  0.001 0.043 0.025  122.051
HIP28104    CaI 6439.075 2.526  0.470  37.5  1.8  4.605  0.022 -0.001 -0.010  0.001 0.075 0.025   66.040
HIP28104    CaI 6493.781 2.521  0.140  17.9  0.9  4.687  0.022  0.000 -0.003  0.001 0.049 0.025  105.084
HIP28104    TiI 4981.731 0.848  0.570  18.7  0.9  3.413  0.037  0.000 -0.003  0.001 0.050 0.000  101.930
HIP28104    TiI 4991.065 0.836  0.450  15.7  0.8  3.406  0.037 -0.001 -0.003  0.001 0.047 0.000  119.130
HIP28104    TiI 4999.510 0.830  0.320  11.9  0.7  3.357  0.036  0.000 -0.002  0.002 0.046 0.000  119.313
HIP28104    TiI 5016.170 0.850 -0.480   2.1  0.5  3.425  0.037 -0.001 -0.001  0.001 0.112 0.000   19.307
HIP28104    TiI 5022.870 0.830 -0.330   2.6  0.4  3.357  0.036  0.000 -0.001  0.002 0.073 0.000   46.831
HIP28104    TiI 5024.850 0.820 -0.530   3.3  0.5  3.533  0.036  0.000 -0.001  0.002 0.072 0.000   47.965
HIP28104    TiI 5039.960 0.020 -1.080   2.6  0.4  3.299  0.042  0.000  0.000  0.002 0.073 0.000   19.875
HIP28104    TiI 5192.980 0.020 -0.950   4.2  0.4  3.401  0.042 -0.001 -0.001  0.001 0.051 0.000   47.865
HIP28104    TiI 5210.390 0.050 -0.820   5.9  0.5  3.467  0.042  0.000 -0.001  0.002 0.048 0.000   50.649
HIP28104   TiII 4025.129 0.607 -2.110  19.6  1.1  3.252  0.020  0.014 -0.004  0.001 0.064 0.035   69.336
HIP28104   TiII 4028.338 1.892 -0.920  15.4  0.9  3.164  0.012  0.014 -0.003  0.001 0.056 0.035  115.747
HIP28104   TiII 4053.821 1.893 -1.070  12.5  0.8  3.321  0.012  0.014 -0.002  0.001 0.047 0.035  149.133
HIP28104   TiII 4300.042 1.180 -0.460  66.2  3.1  3.346  0.017  0.012 -0.038  0.001 0.125 0.035   30.701
HIP28104   TiII 4301.922 1.161 -1.210  35.9  1.8  2.994  0.016  0.014 -0.011  0.000 0.099 0.035   41.983
HIP28104   TiII 4320.950 1.165 -1.880  10.5  0.7  3.177  0.017  0.014 -0.002  0.001 0.050 0.035  111.926
HIP28104   TiII 4394.059 1.221 -1.770  12.4  0.8  3.189  0.016  0.014 -0.002  0.001 0.052 0.035  111.578
HIP28104   TiII 4395.031 1.084 -0.540  79.5  3.7  3.513  0.018  0.011 -0.049 -0.001 0.136 0.035   28.184
HIP28104   TiII 4399.765 1.237 -1.200  32.1  1.5  3.074  0.016  0.014 -0.008  0.001 0.089 0.035   48.573
HIP28104   TiII 4443.801 1.080 -0.710  65.2  3.1  3.301  0.016  0.012 -0.036  0.000 0.125 0.035   32.553
HIP28104   TiII 4450.482 1.084 -1.520  29.0  1.5  3.300  0.017  0.014 -0.008  0.001 0.071 0.035   67.624
HIP28104   TiII 4468.507 1.131 -0.630  64.7  3.1  3.245  0.017  0.013 -0.036  0.001 0.122 0.035   30.805
HIP28104   TiII 5129.156 1.892 -1.340   8.2  0.5  3.229  0.012  0.014 -0.001  0.001 0.043 0.035  164.389
HIP28104   TiII 5336.789 1.582 -1.600   8.7  0.6  3.214  0.014  0.014 -0.003  0.001 0.047 0.035  139.272
HIP28104    CrI 4254.336 0.000 -0.090  62.0  2.9  3.658  0.043 -0.002 -0.036  0.002 0.120 0.000   39.522
HIP28104    CrI 5206.037 0.941  0.019  37.3  1.8  3.672  0.036 -0.001 -0.012  0.001 0.082 0.000   79.961
HIP28104    CrI 5345.810 1.000 -0.950   5.7  0.5  3.701  0.037  0.000 -0.001  0.001 0.049 0.000  195.766
HIP28104    CrI 5348.330 1.000 -1.210   3.0  0.4  3.719  0.036  0.000 -0.001  0.001 0.065 0.000  114.043
HIP28104    MnI 4030.730 0.000 -1.060  46.5  2.2  3.083  0.046  0.000 -0.005  0.002 0.103 0.000   25.282
HIP28104    MnI 4033.044 0.000 -1.230  37.6  1.9  3.043  0.045  0.000 -0.005  0.002 0.095 0.000   31.265
HIP28104    MnI 4034.469 0.000 -1.360  27.9  1.4  3.023  0.046  0.000 -0.003  0.001 0.083 0.000   37.031
HIP28104    MnI 4041.323 2.114  0.280   9.1  0.8  3.141  0.033  0.000 -0.002  0.001 0.054 0.000  158.798
HIP28104    MnI 4783.415 2.298 -1.560   3.4  0.5  3.011  0.032  0.000  0.000  0.002 0.070 0.000   95.347
HIP28104    MnI 4823.515 2.319 -2.980   4.4  0.5  3.055  0.031  0.000  0.000  0.001 0.058 0.000  141.058
HIP28104    FeI 4005.242 1.557 -0.610  82.3  3.8  5.615  0.044 -0.009 -0.048  0.001 0.120 0.000    7.964
HIP28104    FeI 4021.867 2.758 -0.729  24.9  1.3  5.571  0.031  0.000 -0.007  0.002 0.065 0.000   23.401
HIP28104    FeI 4045.812 1.485  0.280 111.3  5.2  5.486  0.053 -0.017 -0.033  0.002 0.093 0.000  -24.302
HIP28104    FeI 4063.594 1.557  0.062 111.2  5.2  5.710  0.053 -0.017 -0.034  0.001 0.099 0.000  -20.058
HIP28104    FeI 4071.738 1.608 -0.022  97.2  4.5  5.617  0.048 -0.013 -0.041  0.001 0.108 0.000   -1.307
HIP28104    FeI 4118.545 3.573  0.270  31.4  1.6  5.638  0.025  0.001 -0.011  0.001 0.069 0.000   65.560
HIP28104    FeI 4134.678 2.831 -0.649  26.6  1.4  5.618  0.030  0.000 -0.007  0.001 0.064 0.000   35.724
HIP28104    FeI 4143.415 3.047 -0.210  34.5  1.7  5.542  0.030 -0.001 -0.010  0.001 0.075 0.000   32.066
HIP28104    FeI 4143.868 1.557 -0.511  78.0  3.7  5.552  0.043 -0.007 -0.048  0.001 0.122 0.000    8.954
HIP28104    FeI 4147.669 1.485 -2.104  17.5  1.0  5.563  0.040  0.000 -0.004  0.002 0.055 0.000  -64.717
HIP28104    FeI 4154.499 2.831 -0.688  21.1  1.1  5.427  0.030  0.000 -0.005  0.001 0.063 0.000   32.374
HIP28104    FeI 4154.806 3.368 -0.400  18.2  1.0  5.582  0.028  0.000 -0.004  0.001 0.048 0.000   79.873
HIP28104    FeI 4156.799 2.831 -0.809  22.0  1.2  5.554  0.030  0.001 -0.006  0.001 0.061 0.000   35.408
HIP28104    FeI 4175.636 2.845 -0.827  21.1  1.2  5.575  0.030  0.001 -0.006  0.001 0.059 0.000   37.762
HIP28104    FeI 4181.755 2.831 -0.371  35.9  1.8  5.537  0.030  0.000 -0.012  0.001 0.084 0.000   26.492
HIP28104    FeI 4187.039 2.449 -0.560  42.4  2.0  5.608  0.034 -0.002 -0.014  0.001 0.080 0.000   13.930
HIP28104    FeI 4187.795 2.425 -0.554  43.8  2.1  5.458  0.035 -0.002 -0.015  0.001 0.084 0.000    8.139
HIP28104    FeI 4191.431 2.469 -0.666  35.3  1.7  5.500  0.033 -0.001 -0.010  0.001 0.077 0.000   12.437
HIP28104    FeI 4199.095 3.047  0.170  55.0  2.6  5.649  0.029 -0.001 -0.029  0.001 0.108 0.000   29.725
HIP28104    FeI 4202.029 1.485 -0.708  74.8  3.5  5.633  0.041 -0.006 -0.046  0.001 0.124 0.000   11.243
HIP28104    FeI 4216.184 0.000 -3.356  22.5  1.2  5.536  0.048  0.000 -0.006  0.002 0.074 0.000  -75.996
HIP28104    FeI 4222.213 2.449 -0.967  25.3  1.3  5.543  0.034  0.000 -0.006  0.002 0.062 0.000    1.449
HIP28104    FeI 4233.603 2.482 -0.600  44.4  2.1  5.640  0.034 -0.002 -0.015  0.001 0.081 0.000   15.004
HIP28104    FeI 4238.810 3.396 -0.233  18.9  1.0  5.567  0.028  0.000 -0.004  0.001 0.051 0.000   72.539
HIP28104    FeI 4250.119 2.469 -0.405  47.8  2.3  5.510  0.035 -0.003 -0.017  0.001 0.087 0.000   11.551
HIP28104    FeI 4260.474 2.399  0.077  79.1  3.7  5.649  0.042 -0.011 -0.032  0.001 0.100 0.000    6.616
HIP28104    FeI 4271.154 2.449 -0.349  53.3  2.5  5.461  0.036 -0.004 -0.021  0.002 0.090 0.000   12.432
HIP28104    FeI 4271.761 1.485 -0.164 102.4  4.8  5.685  0.050 -0.014 -0.040  0.001 0.107 0.000   -5.831
HIP28104    FeI 4282.403 2.176 -0.779  41.9  2.0  5.455  0.034  0.000 -0.016  0.002 0.101 0.000    8.401
HIP28104    FeI 4375.930 0.000 -3.031  37.0  1.8  5.555  0.048  0.000 -0.013  0.002 0.096 0.000  -38.950
HIP28104    FeI 4383.545 1.485  0.200 118.8  5.6  5.596  0.054 -0.017 -0.031  0.001 0.093 0.000  -27.515
HIP28104    FeI 4404.750 1.557 -0.142  99.7  4.6  5.618  0.048 -0.012 -0.040  0.002 0.106 0.000   -3.126
HIP28104    FeI 4427.310 0.052 -3.044  37.4  1.8  5.496  0.048 -0.001 -0.014  0.001 0.096 0.000  -36.422
HIP28104    FeI 4442.339 2.198 -1.255  23.2  1.2  5.361  0.034  0.000 -0.005  0.002 0.071 0.000   -0.780
HIP28104    FeI 4461.653 0.087 -3.210  25.0  1.2  5.520  0.048  0.000 -0.005  0.002 0.077 0.000  -71.241
HIP28104    FeI 4466.552 2.831 -0.600  27.3  1.4  5.502  0.030  0.000 -0.008  0.001 0.071 0.000   30.531
HIP28104    FeI 4494.563 2.198 -1.140  30.2  1.5  5.533  0.035  0.000 -0.008  0.001 0.072 0.000   -2.944
HIP28104    FeI 4871.318 2.865 -0.340  32.4  1.5  5.533  0.031 -0.001 -0.008  0.001 0.066 0.000   27.017
HIP28104    FeI 4872.138 2.882 -0.567  27.4  1.4  5.586  0.031  0.000 -0.007  0.001 0.061 0.000   28.433
HIP28104    FeI 4890.755 2.875 -0.380  34.1  1.6  5.531  0.031 -0.002 -0.009  0.001 0.069 0.000   28.559
HIP28104    FeI 4891.492 2.851 -0.112  46.4  2.2  5.498  0.032 -0.003 -0.015  0.001 0.083 0.000   25.667
HIP28104    FeI 4918.994 2.865 -0.342  36.4  1.7  5.506  0.031 -0.002 -0.010  0.001 0.073 0.000   27.592
HIP28104    FeI 4920.503 2.832  0.068  59.7  2.8  5.563  0.034 -0.006 -0.023  0.001 0.091 0.000   24.168
HIP28104    FeI 4924.769 2.279 -2.114   3.2  0.5  5.501  0.034  0.000 -0.001  0.002 0.075 0.000   -5.686
HIP28104    FeI 4939.686 0.859 -3.340   4.7  0.5  5.525  0.044 -0.001 -0.001  0.001 0.056 0.000 -104.465
HIP28104    FeI 4957.299 2.851 -0.408  34.6  1.7  5.586  0.031 -0.001 -0.010  0.001 0.069 0.000   28.771
HIP28104    FeI 4973.102 3.960 -0.690   2.4  0.4  5.401  0.023  0.001 -0.001  0.001 0.077 0.000   50.764
HIP28104    FeI 5049.819 2.279 -1.355  18.6  1.0  5.515  0.034 -0.001 -0.004  0.001 0.057 0.000    1.980
HIP28104    FeI 5074.750 4.220 -0.230   9.9  0.6  5.551  0.022  0.000 -0.002  0.001 0.042 0.000  186.708
HIP28104    FeI 5090.780 4.260 -0.490   3.7  0.4  5.585  0.022  0.000  0.000  0.001 0.056 0.000  102.846
HIP28104    FeI 5127.359 0.915 -3.307   6.2  0.5  5.644  0.043  0.000 -0.001  0.002 0.048 0.000 -133.394
HIP28104    FeI 5131.468 2.222 -2.515   1.7  0.4  5.428  0.035  0.000 -0.001  0.001 0.108 0.000   -5.754
HIP28104    FeI 5133.689 4.178  0.360  17.6  0.9  5.565  0.023 -0.001 -0.003  0.001 0.046 0.000  154.381
HIP28104    FeI 5139.252 2.998 -0.730  15.8  0.8  5.584  0.030  0.000 -0.003  0.001 0.044 0.000   58.790
HIP28104    FeI 5139.463 2.940 -0.509  29.3  1.4  5.474  0.030 -0.001 -0.007  0.001 0.066 0.000   35.497
HIP28104    FeI 5141.739 2.424 -2.238   2.0  0.4  5.462  0.033  0.000 -0.001  0.001 0.092 0.000   -0.483
HIP28104    FeI 5171.596 1.485 -1.793  31.8  1.6  5.419  0.037  0.001 -0.009  0.001 0.085 0.000   -7.592
HIP28104    FeI 5191.455 3.038 -0.551  21.2  1.0  5.577  0.029 -0.001 -0.004  0.001 0.052 0.000   57.455
HIP28104    FeI 5194.942 1.557 -2.090  17.4  0.9  5.511  0.037  0.001 -0.004  0.002 0.058 0.000  -29.505
HIP28104    FeI 5198.711 2.222 -2.135   4.6  0.4  5.519  0.034  0.000 -0.001  0.001 0.048 0.000  -11.027
HIP28104    FeI 5216.274 1.608 -2.150  15.9  0.9  5.553  0.037  0.001 -0.003  0.001 0.055 0.000  -34.029
HIP28104    FeI 5225.526 0.110 -4.789   1.1  0.3  5.650  0.048  0.000 -0.001  0.002 0.129 0.000  -27.195
HIP28104    FeI 5227.189 1.557 -1.228  62.8  2.9  5.579  0.039 -0.003 -0.035  0.001 0.114 0.000    9.531
HIP28104    FeI 5232.940 2.940 -0.057  46.0  2.1  5.476  0.031 -0.003 -0.015  0.001 0.080 0.000   30.698
HIP28104    FeI 5242.491 3.634 -0.830   3.0  0.4  5.443  0.026  0.000 -0.001  0.001 0.064 0.000   49.781
HIP28104    FeI 5250.646 2.198 -2.181   6.4  0.5  5.580  0.035  0.000 -0.001  0.001 0.047 0.000  -30.332
HIP28104    FeI 5263.306 3.266 -0.870   7.8  0.5  5.551  0.028  0.000 -0.001  0.001 0.042 0.000   93.975
HIP28104    FeI 5266.555 2.998 -0.385  29.4  1.4  5.539  0.029 -0.001 -0.008  0.001 0.064 0.000   44.814
HIP28104    FeI 5281.790 3.038 -0.834  13.6  0.7  5.572  0.029  0.000 -0.003  0.001 0.045 0.000   67.083
HIP28104    FeI 5307.361 1.608 -2.987   3.6  0.5  5.699  0.039  0.000 -0.001  0.001 0.067 0.000  -37.882
HIP28104    FeI 5328.531 1.557 -1.850  26.7  1.3  5.494  0.038  0.000 -0.007  0.002 0.072 0.000  -21.110
HIP28104    FeI 5339.929 3.266 -0.630  12.5  0.7  5.498  0.028  0.000 -0.003  0.001 0.046 0.000   85.470
HIP28104    FeI 5364.871 4.446  0.228   9.9  0.6  5.496  0.021  0.000 -0.002  0.001 0.043 0.000  203.122
HIP28104    FeI 5367.466 4.415  0.443  13.0  0.7  5.511  0.021  0.000 -0.002  0.001 0.043 0.000  209.076
HIP28104    FeI 5369.962 4.371  0.536  16.0  0.8  5.550  0.021  0.000 -0.003  0.001 0.044 0.000  198.288
HIP28104    FeI 5383.369 4.312  0.645  21.7  1.1  5.569  0.022  0.000 -0.004  0.001 0.052 0.000  133.245
HIP28104    FeI 5393.167 3.240 -0.715  10.8  0.6  5.509  0.028  0.000 -0.002  0.001 0.043 0.000   89.874
HIP28104    FeI 5397.128 0.915 -1.993  51.9  2.4  5.536  0.043 -0.001 -0.025  0.001 0.106 0.000   -8.929
HIP28104    FeI 5405.775 0.990 -1.844  54.5  2.5  5.540  0.041 -0.001 -0.027  0.001 0.108 0.000   -2.050
HIP28104    FeI 5415.199 4.386  0.642  18.7  0.9  5.514  0.021  0.000 -0.004  0.001 0.047 0.000  176.400
HIP28104    FeI 5429.697 0.958 -1.879  59.9  2.8  5.480  0.042 -0.003 -0.034  0.001 0.114 0.000    1.112
HIP28104    FeI 5434.524 1.011 -2.122  39.3  1.9  5.511  0.042  0.000 -0.014  0.002 0.091 0.000  -22.185
HIP28104    FeI 5473.900 4.154 -0.720   2.1  0.4  5.501  0.022  0.000  0.000  0.001 0.088 0.000   41.265
HIP28104    FeI 5497.516 1.011 -2.849  11.8  0.6  5.504  0.042  0.000 -0.003  0.001 0.049 0.000 -107.599
HIP28104    FeI 5501.465 0.958 -3.047   9.4  0.6  5.593  0.042  0.000 -0.002  0.001 0.045 0.000 -137.021
HIP28104    FeI 5506.779 0.990 -2.797  13.6  0.7  5.557  0.042  0.000 -0.002  0.001 0.050 0.000 -109.100
HIP28104    FeI 5569.618 3.417 -0.520  12.6  0.7  5.490  0.027  0.000 -0.003  0.001 0.046 0.000   95.551
HIP28104    FeI 5572.842 3.396 -0.280  21.6  1.1  5.567  0.027 -0.001 -0.004  0.001 0.052 0.000   78.582
HIP28104    FeI 5586.756 3.368 -0.110  27.1  1.3  5.502  0.028 -0.001 -0.007  0.001 0.060 0.000   60.673
HIP28104    FeI 5717.833 4.284 -0.960   1.5  0.3  5.736  0.021  0.001 -0.001  0.001 0.090 0.000   44.979
HIP28104    FeI 6003.020 3.880 -1.100   1.6  0.3  5.499  0.023  0.001 -0.001  0.001 0.084 0.000   42.946
HIP28104    FeI 6219.281 2.198 -2.433   3.3  0.4  5.609  0.033  0.001 -0.001  0.001 0.060 0.000   -3.277
HIP28104    FeI 6230.723 2.559 -1.281  17.4  0.9  5.527  0.032  0.000 -0.004  0.001 0.051 0.000   23.577
HIP28104    FeI 6246.318 3.603 -0.770   6.2  0.5  5.574  0.026  0.000 -0.001  0.001 0.045 0.000  103.082
HIP28104    FeI 6252.555 2.404 -1.687   9.9  0.6  5.571  0.033  0.000 -0.002  0.001 0.045 0.000    0.298
HIP28104    FeI 6265.134 2.176 -2.550   2.1  0.4  5.565  0.035  0.000 -0.001  0.001 0.088 0.000   -8.695
HIP28104    FeI 6335.330 2.200 -2.177   4.8  0.4  5.559  0.035  0.000 -0.001  0.001 0.047 0.000  -29.793
HIP28104    FeI 6393.601 2.433 -1.576  11.6  0.7  5.536  0.033  0.000 -0.002  0.001 0.045 0.000    0.298
HIP28104    FeI 6411.649 3.654 -0.590   6.7  0.4  5.499  0.025  0.000 -0.001  0.001 0.040 0.000  152.296
HIP28104    FeI 6421.350 2.279 -2.027   7.1  0.5  5.582  0.034 -0.001 -0.001  0.001 0.045 0.000   -8.399
HIP28104    FeI 6430.846 2.176 -2.006   7.8  0.6  5.521  0.034  0.000 -0.002  0.002 0.048 0.000  -12.122
HIP28104   FeII 4178.862 2.583 -2.510  19.4  1.1  5.545  0.007  0.015 -0.005  0.001 0.053 0.035  138.787
HIP28104   FeII 4233.172 2.583 -1.970  42.2  2.1  5.374  0.007  0.014 -0.016  0.000 0.094 0.035   56.015
HIP28104   FeII 4923.927 2.891 -1.260  62.2  2.9  5.463  0.005  0.013 -0.035  0.000 0.113 0.035   41.457
HIP28104   FeII 4993.350 2.810 -3.620   2.0  0.5  5.670  0.006  0.015 -0.001  0.001 0.113 0.035   40.958
HIP28104   FeII 5018.440 2.891 -1.100  74.0  3.4  5.585  0.006  0.012 -0.043  0.000 0.119 0.035   36.875
HIP28104   FeII 5197.577 3.230 -2.220  13.9  0.8  5.526  0.004  0.014 -0.003  0.000 0.045 0.035  187.720
HIP28104   FeII 5234.630 3.220 -2.180  14.7  0.8  5.452  0.003  0.015 -0.003  0.001 0.048 0.035  169.043
HIP28104   FeII 5264.810 3.230 -3.130   2.6  0.4  5.589  0.004  0.014  0.001  0.000 0.074 0.035   93.257
HIP28104   FeII 5284.110 2.890 -3.110   3.0  0.3  5.408  0.005  0.015 -0.001  0.001 0.052 0.035  146.634
HIP28104   FeII 5325.560 3.220 -3.160   2.2  0.3  5.611  0.003  0.014 -0.001  0.001 0.064 0.035  117.009
HIP28104   FeII 5425.260 3.200 -3.220   1.5  0.3  5.453  0.002  0.016  0.000  0.000 0.090 0.035   64.804
HIP28104   FeII 5534.850 3.240 -2.750   4.3  0.5  5.477  0.004  0.014 -0.001  0.000 0.059 0.035  131.719
HIP28104   FeII 6149.250 3.890 -2.690   2.4  0.4  5.673 -0.001  0.015 -0.002  0.001 0.079 0.035   83.906
HIP28104   FeII 6238.390 3.890 -2.600   2.0  0.3  5.523 -0.001  0.014 -0.001  0.000 0.072 0.035  101.663
HIP28104   FeII 6247.560 3.890 -2.300   3.8  0.4  5.554 -0.001  0.015 -0.001  0.001 0.054 0.035  150.351
HIP28104    NiI 4829.030 3.540 -0.330   1.2  0.3  3.954  0.025  0.001 -0.001  0.001 0.111 0.120   31.260
HIP28104    NiI 4831.180 3.610 -0.380   2.0  0.4  4.318  0.024  0.000  0.000  0.001 0.095 0.120   35.683
HIP28104    NiI 4904.420 3.540 -0.190   2.6  0.5  4.124  0.025  0.001 -0.001  0.001 0.093 0.120   36.199
HIP28104    NiI 4998.230 3.610 -0.760   1.5  0.4  4.527  0.024  0.001  0.000  0.001 0.123 0.120   28.289
HIP28104    NiI 5081.120 3.850  0.220   3.2  0.4  4.081  0.023  0.001 -0.001  0.001 0.062 0.120   46.436
HIP28104    NiI 5084.100 3.680 -0.040   4.3  0.5  4.304  0.023  0.001 -0.001  0.001 0.059 0.120   47.424
HIP28104    NiI 5099.940 3.680 -0.180   1.7  0.4  4.098  0.024  0.001  0.000  0.001 0.107 0.120   32.109
HIP28104    NiI 5115.400 3.830 -0.140   2.1  0.6  4.248  0.022  0.000  0.000  0.000 0.130 0.120   27.078
HIP28104    ZnI 4810.540 4.080 -0.170   4.9  0.5  2.702  0.022  0.004 -0.001  0.001 0.054 0.000  291.929
HIP28104    YII 4883.690 1.080  0.070   3.3  0.5  0.172  0.018  0.014 -0.002  0.001 0.075 0.000  159.379
HIP28104   BaII 4934.100 0.000 -1.151  37.5  1.8 -0.244  0.028  0.013 -0.003  0.001 0.105 0.000   46.026
HIP28104   BaII 5853.700 0.604 -2.463   2.8  0.3 -0.075  0.024  0.012 -0.001  0.001 0.055 0.000  181.615
HIP28104   BaII 6141.700 0.704 -2.855  15.1  0.8 -0.213  0.024  0.012 -0.005  0.001 0.064 0.000  137.542
HIP28104   BaII 6496.896 0.604 -1.623  11.0  0.7 -0.162  0.024  0.012 -0.003  0.001 0.059 0.000  163.703
HIP98492    NaI 5682.633 2.102 -0.706  15.9  0.9  4.898  0.021 -0.001 -0.001  0.000 0.042 0.093   82.217
HIP98492    NaI 5688.227 2.100 -1.453  27.1  1.4  4.879  0.022 -0.002 -0.001  0.000 0.037 0.093   84.907
HIP98492    NaI 5889.959 0.000 -0.193 250.9 11.6  4.690  0.053 -0.022 -0.008  0.000 0.088 0.093   40.261
HIP98492    NaI 5895.910 0.000 -0.575 215.2 10.0  4.612  0.048 -0.016 -0.005  0.004 0.092 0.093   40.617
HIP98492    MgI 5167.321 2.709 -0.854 308.3 14.2  6.522  0.046 -0.019 -0.002  0.005 0.075 0.000   44.205
HIP98492    MgI 5172.684 2.712 -0.363 502.9 23.2  6.499  0.046 -0.019 -0.002  0.005 0.066 0.000   57.333
HIP98492    MgI 5183.604 2.717 -0.168 623.6 28.7  6.467  0.046 -0.020 -0.001  0.006 0.062 0.000   63.117
HIP98492    MgI 5528.405 4.346 -0.547 134.0  6.2  6.488  0.033 -0.014 -0.006  0.003 0.074 0.000   90.001
HIP98492    MgI 5711.100 4.340 -1.842  40.7  2.0  6.550  0.024 -0.002 -0.003  0.000 0.041 0.000  364.536
HIP98492    SiI 5690.430 4.930 -1.880   8.8  0.6  6.428  0.014  0.002  0.000  0.000 0.042 0.101   75.388
HIP98492    SiI 6142.490 5.620 -1.520   3.2  0.4  6.147  0.010  0.003  0.000  0.000 0.076 0.101   58.180
HIP98492    SiI 6145.020 5.610 -1.460   6.9  0.6  6.634  0.010  0.003 -0.001  0.001 0.062 0.101   66.261
HIP98492    SiI 6155.140 5.620 -0.890  18.1  0.9  6.438  0.011  0.002 -0.001  0.001 0.035 0.101   80.818
HIP98492    SiI 6237.330 5.610 -1.150  10.3  0.7  6.428  0.010  0.003 -0.001  0.001 0.044 0.101   76.451
HIP98492    SiI 6243.820 5.610 -1.330   8.0  0.6  6.502  0.010  0.003 -0.001  0.001 0.058 0.101   68.537
HIP98492    SiI 6244.480 5.610 -1.360   6.8  0.5  6.507  0.009  0.002  0.000  0.001 0.049 0.101   74.028
HIP98492    SiI 6414.990 5.870 -1.080   7.9  0.7  6.542  0.008  0.002  0.000  0.001 0.052 0.101   72.749
HIP98492    CaI 4283.011 1.886 -0.224  96.3  4.5  5.259  0.039 -0.014 -0.014  0.003 0.091 0.033   21.554
HIP98492    CaI 4318.652 1.899 -0.210  88.5  4.2  5.224  0.038 -0.012 -0.015  0.002 0.089 0.033   23.424
HIP98492    CaI 4425.437 1.879 -0.358  90.2  4.2  5.281  0.038 -0.013 -0.014  0.002 0.085 0.033   25.516
HIP98492    CaI 4455.887 1.899 -0.530  78.8  3.7  5.309  0.037 -0.010 -0.014  0.002 0.076 0.033   33.537
HIP98492    CaI 5265.556 2.523 -0.260  61.2  2.9  5.316  0.031 -0.005 -0.015  0.000 0.069 0.033   62.574
HIP98492    CaI 5512.990 2.930 -0.300  31.7  1.6  5.337  0.024 -0.002 -0.004  0.000 0.041 0.033  158.040
HIP98492    CaI 5581.980 2.520 -0.710  46.7  2.2  5.345  0.029 -0.002 -0.009  0.000 0.053 0.033   90.535
HIP98492    CaI 5857.451 2.933  0.230  77.1  3.6  5.455  0.032 -0.010 -0.011  0.002 0.066 0.033   61.066
HIP98492    CaI 6122.217 1.886 -0.315 109.1  5.0  5.286  0.042 -0.014 -0.011  0.003 0.081 0.033   12.786
HIP98492    CaI 6161.290 2.520 -1.030  15.2  0.9  5.188  0.026 -0.001 -0.002  0.000 0.039 0.033  138.368
HIP98492    CaI 6162.173 1.899 -0.089 121.8  5.6  5.181  0.043 -0.016 -0.010  0.003 0.084 0.033    7.601
HIP98492    CaI 6166.440 2.520 -0.900  20.6  1.0  5.288  0.027 -0.001 -0.002  0.000 0.039 0.033  127.731
HIP98492    CaI 6169.040 2.520 -0.540  35.8  1.7  5.270  0.028 -0.003 -0.005  0.000 0.043 0.033  120.215
HIP98492    CaI 6169.560 2.520 -0.270  51.5  2.4  5.256  0.030 -0.005 -0.008  0.001 0.053 0.033   83.549
HIP98492    CaI 6439.075 2.526  0.470  97.8  4.6  5.287  0.037 -0.011 -0.018  0.002 0.098 0.033   25.424
HIP98492    CaI 6493.781 2.521  0.140  67.2  3.2  5.292  0.034 -0.005 -0.016  0.000 0.075 0.033   44.570
HIP98492    TiI 4820.410 1.500 -0.380   9.7  0.7  3.749  0.037  0.000 -0.002  0.000 0.044 0.037   70.794
HIP98492    TiI 4913.620 1.870  0.220  12.7  0.8  3.781  0.035 -0.001 -0.002  0.000 0.043 0.037   86.447
HIP98492    TiI 4981.731 0.848  0.570  70.4  3.3  3.796  0.051 -0.005 -0.025  0.000 0.088 0.037   18.496
HIP98492    TiI 4991.065 0.836  0.450  67.3  3.1  3.809  0.049 -0.005 -0.023  0.000 0.081 0.037   23.972
HIP98492    TiI 4999.510 0.830  0.320  63.6  3.0  3.815  0.049 -0.004 -0.022  0.000 0.077 0.037   23.611
HIP98492    TiI 5016.170 0.850 -0.480  25.3  1.2  3.850  0.043 -0.001 -0.004  0.000 0.038 0.037   44.884
HIP98492    TiI 5022.870 0.830 -0.330  29.3  1.4  3.780  0.044 -0.001 -0.006  0.000 0.040 0.037   40.206
HIP98492    TiI 5024.850 0.820 -0.530  25.6  1.3  3.758  0.044 -0.001 -0.004  0.000 0.041 0.037   32.802
HIP98492    TiI 5039.960 0.020 -1.080  38.2  1.9  3.789  0.051  0.000 -0.008 -0.002 0.048 0.037   -5.544
HIP98492    TiI 5147.480 0.000 -1.940   9.0  0.7  3.930  0.049 -0.001  0.000  0.000 0.068 0.037   -7.347
HIP98492    TiI 5192.980 0.020 -0.950  45.5  2.1  3.833  0.052 -0.001 -0.013 -0.001 0.052 0.037    1.900
HIP98492    TiI 5210.390 0.050 -0.820  51.6  2.4  3.876  0.053 -0.002 -0.016  0.000 0.059 0.037    7.076
HIP98492    TiI 5866.420 1.070 -0.790  12.6  0.7  3.712  0.042 -0.001 -0.001  0.000 0.041 0.037   40.149
HIP98492    TiI 6258.110 1.440 -0.390  13.6  0.8  3.772  0.039 -0.001 -0.002  0.000 0.042 0.037   64.412
HIP98492    TiI 6258.710 1.460 -0.280  16.8  1.0  3.781  0.039 -0.001 -0.002  0.000 0.040 0.037   67.506
HIP98492    TiI 6261.110 1.430 -0.530  12.5  0.8  3.931  0.039 -0.001 -0.001  0.000 0.045 0.037   56.146
HIP98492   TiII 4320.950 1.165 -1.880  59.8  2.9  4.017  0.013  0.013 -0.023  0.004 0.081 0.000   80.500
HIP98492   TiII 4394.059 1.221 -1.770  61.3  2.9  3.982  0.013  0.012 -0.023  0.004 0.082 0.000   81.327
HIP98492   TiII 4443.801 1.080 -0.710 102.5  4.8  3.758  0.022  0.003 -0.028  0.006 0.133 0.000   32.132
HIP98492   TiII 4450.482 1.084 -1.520  78.0  3.7  4.010  0.017  0.009 -0.032  0.005 0.111 0.000   39.391
HIP98492   TiII 4468.507 1.131 -0.630 113.2  5.3  3.899  0.022  0.001 -0.024  0.006 0.127 0.000   39.613
HIP98492   TiII 5129.156 1.892 -1.340  51.5  2.4  4.066  0.009  0.013 -0.015  0.004 0.061 0.000  165.507
HIP98492   TiII 5336.789 1.582 -1.600  51.3  2.4  3.970  0.009  0.013 -0.015  0.004 0.062 0.000  162.786
HIP98492    CrI 5206.037 0.941  0.019 111.3  5.2  4.379  0.054 -0.014 -0.020  0.002 0.103 0.000   26.288
HIP98492    CrI 5300.750 0.980 -2.000   9.4  0.6  4.319  0.041  0.000 -0.001  0.000 0.040 0.000  199.095
HIP98492    CrI 5345.810 1.000 -0.950  58.1  2.7  4.412  0.047 -0.003 -0.019  0.000 0.068 0.000   77.387
HIP98492    CrI 5348.330 1.000 -1.210  42.5  2.1  4.380  0.045 -0.002 -0.011  0.000 0.052 0.000  120.913
HIP98492    MnI 4783.415 2.298 -1.560  52.9  2.5  3.843  0.038 -0.002 -0.007  0.000 0.051 0.145   35.714
HIP98492    MnI 4823.515 2.319 -2.980  53.0  2.5  3.824  0.039 -0.002 -0.010  0.000 0.056 0.145   34.929
HIP98492    MnI 6013.478 3.072 -0.870   7.5  0.6  3.483  0.030  0.000  0.000  0.000 0.045 0.145   37.505
HIP98492    MnI 6021.804 3.075 -2.760  13.1  0.8  3.827  0.031  0.000 -0.001  0.000 0.042 0.145   37.773
HIP98492    FeI 4175.636 2.845 -0.827  69.6  3.3  6.154  0.040 -0.006 -0.030  0.000 0.098 0.022   24.017
HIP98492    FeI 4181.755 2.831 -0.371  87.5  4.2  6.173  0.043 -0.011 -0.029  0.001 0.114 0.022   13.530
HIP98492    FeI 4187.039 2.449 -0.560 100.8  4.7  6.043  0.047 -0.015 -0.017  0.003 0.095 0.022    0.218
HIP98492    FeI 4187.795 2.425 -0.554 118.5  5.6  6.083  0.048 -0.016 -0.013  0.004 0.094 0.022   -5.940
HIP98492    FeI 4191.431 2.469 -0.666 102.2  4.8  6.101  0.047 -0.015 -0.016  0.004 0.094 0.022   -0.084
HIP98492    FeI 4199.095 3.047  0.170 108.9  5.2  6.253  0.042 -0.015 -0.021  0.003 0.116 0.022   12.445
HIP98492    FeI 4202.029 1.485 -0.708 156.9  7.2  6.030  0.054 -0.017 -0.010  0.004 0.102 0.022  -22.268
HIP98492    FeI 4222.213 2.449 -0.967  81.1  3.8  6.036  0.045 -0.011 -0.020  0.002 0.089 0.022    6.524
HIP98492    FeI 4233.603 2.482 -0.600 105.8  5.0  6.101  0.047 -0.016 -0.015  0.004 0.095 0.022   -0.390
HIP98492    FeI 4238.810 3.396 -0.233  71.0  3.4  6.152  0.037 -0.009 -0.019  0.002 0.079 0.022   36.451
HIP98492    FeI 4250.119 2.469 -0.405 124.8  5.8  6.118  0.048 -0.016 -0.011  0.004 0.094 0.022   -7.653
HIP98492    FeI 4250.787 1.557 -0.714 133.8  6.2  5.985  0.054 -0.016 -0.014  0.004 0.111 0.022  -16.395
HIP98492    FeI 4271.154 2.449 -0.349 138.7  6.4  6.087  0.048 -0.018 -0.009  0.005 0.091 0.022   -8.973
HIP98492    FeI 4271.761 1.485 -0.164 257.8 11.9  5.998  0.055 -0.019 -0.004  0.006 0.077 0.022  -45.186
HIP98492    FeI 4404.750 1.557 -0.142 294.3 13.6  6.122  0.054 -0.018 -0.003  0.006 0.077 0.022  -45.754
HIP98492    FeI 4427.310 0.052 -3.044 102.4  4.7  6.008  0.065 -0.013 -0.029  0.002 0.122 0.022  -25.311
HIP98492    FeI 4442.339 2.198 -1.255 103.4  4.8  6.317  0.048 -0.012 -0.018  0.002 0.094 0.022   -4.159
HIP98492    FeI 4461.653 0.087 -3.210  93.0  4.3  6.170  0.064 -0.009 -0.036  0.001 0.118 0.022  -22.531
HIP98492    FeI 4494.563 2.198 -1.140  93.8  4.4  6.162  0.048 -0.010 -0.022  0.002 0.097 0.022   -1.306
HIP98492    FeI 4788.757 3.236 -1.763  20.0  1.1  6.156  0.031  0.000 -0.004  0.000 0.045 0.022   86.660
HIP98492    FeI 4800.649 4.143 -1.029  12.5  0.8  6.248  0.024  0.000 -0.001  0.000 0.043 0.022  158.087
HIP98492    FeI 4871.318 2.865 -0.340  94.8  4.4  6.074  0.045 -0.013 -0.017  0.003 0.087 0.022    5.303
HIP98492    FeI 4872.138 2.882 -0.567  88.2  4.1  6.138  0.044 -0.012 -0.018  0.003 0.083 0.022   10.602
HIP98492    FeI 4890.755 2.875 -0.380 108.0  5.0  6.212  0.045 -0.015 -0.015  0.003 0.086 0.022    4.066
HIP98492    FeI 4891.492 2.851 -0.112 139.6  6.4  6.251  0.046 -0.017 -0.010  0.004 0.088 0.022   -3.493
HIP98492    FeI 4918.994 2.865 -0.342 117.0  5.5  6.244  0.046 -0.016 -0.013  0.004 0.087 0.022   -0.799
HIP98492    FeI 4920.503 2.832  0.068 161.8  7.5  6.215  0.047 -0.018 -0.007  0.005 0.087 0.022   -8.215
HIP98492    FeI 4924.769 2.279 -2.114  43.4  2.1  6.221  0.041 -0.002 -0.012  0.000 0.051 0.022    6.878
HIP98492    FeI 4939.686 0.859 -3.340  58.9  2.8  6.226  0.054 -0.003 -0.024  0.000 0.075 0.022  -34.380
HIP98492    FeI 4950.106 3.417 -1.500  19.5  1.1  6.165  0.031 -0.001 -0.003  0.001 0.045 0.022   82.754
HIP98492    FeI 4957.299 2.851 -0.408 106.3  5.0  6.233  0.046 -0.015 -0.015  0.003 0.087 0.022   -0.081
HIP98492    FeI 4962.572 4.178 -1.182   9.8  0.6  6.142  0.024  0.000 -0.001  0.001 0.040 0.022  173.287
HIP98492    FeI 4973.102 3.960 -0.690  28.2  1.4  6.138  0.027  0.000 -0.004  0.000 0.040 0.022  151.873
HIP98492    FeI 5044.211 2.851 -2.017  23.0  1.2  6.144  0.035  0.000 -0.004  0.000 0.038 0.022   51.021
HIP98492    FeI 5049.819 2.279 -1.355  85.3  4.0  6.304  0.048 -0.008 -0.026  0.002 0.092 0.022    1.385
HIP98492    FeI 5054.642 3.640 -1.921   4.1  0.6  6.265  0.027  0.001  0.000  0.001 0.119 0.022   18.761
HIP98492    FeI 5074.750 4.220 -0.230  49.6  2.3  6.109  0.029 -0.004 -0.011  0.001 0.054 0.022  103.492
HIP98492    FeI 5090.780 4.260 -0.490  28.8  1.4  6.175  0.026 -0.001 -0.005  0.001 0.042 0.022  160.766
HIP98492    FeI 5127.359 0.915 -3.307  59.5  2.8  6.233  0.055 -0.002 -0.024  0.000 0.074 0.022  -38.507
HIP98492    FeI 5131.468 2.222 -2.515  33.8  1.7  6.206  0.040 -0.001 -0.008  0.000 0.045 0.022    2.794
HIP98492    FeI 5133.689 4.178  0.360  71.8  3.3  6.241  0.034 -0.009 -0.016  0.002 0.070 0.022   56.744
HIP98492    FeI 5139.252 2.998 -0.730  70.1  3.3  6.136  0.042 -0.008 -0.018  0.002 0.072 0.022   18.308
HIP98492    FeI 5139.463 2.940 -0.509 105.9  4.9  6.228  0.046 -0.014 -0.014  0.003 0.085 0.022   -1.642
HIP98492    FeI 5141.739 2.424 -2.238  34.5  1.7  6.213  0.039  0.000 -0.008  0.000 0.045 0.022   13.957
HIP98492    FeI 5171.596 1.485 -1.793 105.2  4.9  6.183  0.057 -0.013 -0.025  0.002 0.110 0.022  -17.039
HIP98492    FeI 5187.914 4.143 -1.371   9.3  0.6  6.275  0.024  0.000 -0.001  0.000 0.050 0.022  122.822
HIP98492    FeI 5191.455 3.038 -0.551  88.5  4.1  6.284  0.043 -0.011 -0.017  0.003 0.078 0.022   12.155
HIP98492    FeI 5194.942 1.557 -2.090  81.6  3.8  6.195  0.054 -0.007 -0.031  0.001 0.099 0.022  -11.686
HIP98492    FeI 5198.711 2.222 -2.135  52.0  2.5  6.245  0.043 -0.002 -0.016  0.000 0.061 0.022    2.460
HIP98492    FeI 5216.274 1.608 -2.150  77.8  3.7  6.209  0.053 -0.007 -0.030  0.000 0.097 0.022   -9.820
HIP98492    FeI 5225.526 0.110 -4.789  29.1  1.4  6.195  0.056 -0.001 -0.006  0.000 0.043 0.022 -188.652
HIP98492    FeI 5232.940 2.940 -0.057 128.8  6.0  6.130  0.047 -0.017 -0.011  0.004 0.089 0.022   -4.004
HIP98492    FeI 5242.491 3.634 -0.830  34.6  1.7  6.197  0.030 -0.001 -0.007  0.001 0.045 0.022  104.261
HIP98492    FeI 5247.060 0.087 -4.946  24.7  1.2  6.172  0.056  0.002 -0.005  0.000 0.045 0.022 -187.549
HIP98492    FeI 5250.209 0.121 -4.938  23.5  1.2  6.197  0.055  0.001 -0.004  0.000 0.040 0.022 -204.101
HIP98492    FeI 5250.646 2.198 -2.181  56.4  2.7  6.249  0.044 -0.003 -0.019  0.000 0.068 0.022    4.957
HIP98492    FeI 5253.461 3.283 -1.580  22.0  1.1  6.207  0.032 -0.001 -0.003  0.001 0.037 0.022   94.476
HIP98492    FeI 5263.306 3.266 -0.870  54.8  2.6  6.183  0.037 -0.004 -0.012  0.002 0.058 0.022   39.721
HIP98492    FeI 5266.555 2.998 -0.385  93.2  4.3  6.113  0.044 -0.012 -0.016  0.002 0.084 0.022    7.497
HIP98492    FeI 5281.790 3.038 -0.834  72.7  3.4  6.253  0.042 -0.008 -0.018  0.002 0.073 0.022   18.082
HIP98492    FeI 5288.524 3.695 -1.490  11.0  0.7  6.205  0.028  0.001 -0.002  0.001 0.044 0.022  114.291
HIP98492    FeI 5307.361 1.608 -2.987  42.3  2.0  6.238  0.046 -0.001 -0.012  0.000 0.049 0.022  -41.458
HIP98492    FeI 5322.040 2.279 -2.803  15.1  0.8  6.221  0.039  0.000 -0.002  0.000 0.040 0.022   -8.736
HIP98492    FeI 5328.038 0.915 -1.466 159.3  7.4  5.978  0.062 -0.016 -0.012  0.004 0.105 0.022  -38.303
HIP98492    FeI 5328.531 1.557 -1.850  90.5  4.3  6.103  0.056 -0.010 -0.029  0.001 0.108 0.022  -13.741
HIP98492    FeI 5339.929 3.266 -0.630  67.4  3.1  6.137  0.040 -0.008 -0.016  0.002 0.067 0.022   26.654
HIP98492    FeI 5364.871 4.446  0.228  57.4  2.7  6.210  0.030 -0.006 -0.011  0.002 0.057 0.022   90.090
HIP98492    FeI 5365.399 3.573 -1.020  27.4  1.4  6.187  0.030 -0.001 -0.005  0.000 0.040 0.022  116.508
HIP98492    FeI 5367.466 4.415  0.443  61.6  2.9  6.164  0.031 -0.007 -0.013  0.001 0.060 0.022   81.834
HIP98492    FeI 5369.962 4.371  0.536  68.4  3.2  6.217  0.032 -0.009 -0.013  0.001 0.065 0.022   66.839
HIP98492    FeI 5373.708 4.473 -0.710  12.9  0.7  6.225  0.023  0.000 -0.002  0.000 0.036 0.022  226.847
HIP98492    FeI 5379.574 3.695 -1.420  13.8  0.8  6.266  0.029  0.000 -0.003  0.000 0.041 0.022  115.853
HIP98492    FeI 5383.369 4.312  0.645  77.2  3.5  6.220  0.034 -0.010 -0.015  0.002 0.071 0.022   54.537
HIP98492    FeI 5393.167 3.240 -0.715  75.1  3.5  6.359  0.042 -0.010 -0.017  0.002 0.070 0.022   19.447
HIP98492    FeI 5415.199 4.386  0.642  75.3  3.5  6.216  0.033 -0.010 -0.014  0.002 0.070 0.022   57.466
HIP98492    FeI 5434.524 1.011 -2.122 102.7  4.8  5.994  0.061 -0.011 -0.028  0.001 0.117 0.022  -21.376
HIP98492    FeI 5473.900 4.154 -0.720  22.0  1.1  6.166  0.025  0.000 -0.004  0.000 0.038 0.022  190.106
HIP98492    FeI 5497.516 1.011 -2.849  82.8  3.9  6.331  0.059 -0.006 -0.032  0.000 0.097 0.022  -25.456
HIP98492    FeI 5501.465 0.958 -3.047  68.1  3.2  6.178  0.057 -0.003 -0.029 -0.001 0.083 0.022  -33.208
HIP98492    FeI 5506.779 0.990 -2.797  81.3  3.8  6.278  0.059 -0.006 -0.031 -0.001 0.096 0.022  -26.956
HIP98492    FeI 5567.391 2.609 -2.671  11.3  0.7  6.190  0.036  0.000 -0.002  0.000 0.046 0.022   18.317
HIP98492    FeI 5569.618 3.417 -0.520  73.1  3.4  6.234  0.039 -0.009 -0.016  0.002 0.069 0.022   32.545
HIP98492    FeI 5572.842 3.396 -0.280  87.8  4.1  6.256  0.041 -0.012 -0.016  0.003 0.075 0.022   20.258
HIP98492    FeI 5686.530 4.549 -0.446  17.6  0.9  6.213  0.023  0.000 -0.002  0.000 0.037 0.022  221.098
HIP98492    FeI 5701.544 2.560 -2.216  31.7  1.5  6.147  0.039 -0.001 -0.007  0.000 0.042 0.022   14.554
HIP98492    FeI 6027.050 4.076 -1.089  14.8  0.8  6.078  0.026  0.000 -0.002  0.000 0.038 0.022  171.442
HIP98492    FeI 6151.615 2.223 -3.573   8.5  0.6  6.155  0.039  0.000 -0.001  0.000 0.058 0.022   -7.703
HIP98492    FeI 6165.360 4.143 -1.474   5.8  0.6  6.299  0.025  0.000  0.000  0.000 0.084 0.022   43.217
HIP98492    FeI 6173.335 2.222 -2.880  19.5  1.0  6.170  0.040  0.000 -0.004  0.000 0.042 0.022  -14.195
HIP98492    FeI 6180.204 2.728 -2.649  10.7  0.7  6.153  0.035  0.000 -0.001  0.001 0.047 0.022   26.804
HIP98492    FeI 6200.313 2.609 -2.437  20.4  1.1  6.157  0.037  0.000 -0.004  0.000 0.045 0.022   19.880
HIP98492    FeI 6213.430 2.223 -2.482  33.2  1.6  6.201  0.041  0.000 -0.008  0.000 0.044 0.022  -12.193
HIP98492    FeI 6219.281 2.198 -2.433  39.6  1.8  6.200  0.042 -0.001 -0.010 -0.001 0.046 0.022   -9.625
HIP98492    FeI 6230.723 2.559 -1.281  82.9  3.9  6.279  0.048 -0.009 -0.023  0.001 0.085 0.022   -1.923
HIP98492    FeI 6246.318 3.603 -0.770  50.5  2.4  6.264  0.035 -0.004 -0.010  0.001 0.051 0.022   56.520
HIP98492    FeI 6265.134 2.176 -2.550  36.5  1.7  6.292  0.042 -0.001 -0.009  0.000 0.043 0.022  -13.078
HIP98492    FeI 6335.330 2.200 -2.177  49.1  2.4  6.184  0.044 -0.001 -0.015 -0.001 0.059 0.022  -11.498
HIP98492    FeI 6336.824 3.686 -0.850  42.1  2.0  6.294  0.032 -0.003 -0.008  0.001 0.047 0.022   87.876
HIP98492    FeI 6355.029 2.845 -2.291  18.6  1.0  6.204  0.035 -0.001 -0.003  0.001 0.042 0.022   41.436
HIP98492    FeI 6358.690 0.859 -4.468  20.0  1.1  6.235  0.051 -0.001 -0.004  0.000 0.042 0.022 -144.055
HIP98492    FeI 6393.601 2.433 -1.576  75.6  3.5  6.338  0.048 -0.006 -0.024  0.000 0.079 0.022   -3.964
HIP98492    FeI 6411.649 3.654 -0.590  58.6  2.7  6.304  0.036 -0.006 -0.012  0.002 0.056 0.022   49.394
HIP98492    FeI 6421.350 2.279 -2.027  62.0  2.9  6.314  0.046 -0.004 -0.021  0.000 0.070 0.022   -3.219
HIP98492   FeII 4178.862 2.583 -2.510  51.3  2.5  6.098  0.002  0.014 -0.020  0.004 0.076 0.000    3.275
HIP98492   FeII 4923.927 2.891 -1.260 105.8  5.0  6.209  0.008  0.006 -0.023  0.005 0.118 0.000   18.605
HIP98492   FeII 4993.350 2.810 -3.620  12.2  0.8  6.288  0.000  0.015 -0.002  0.003 0.045 0.000  172.031
HIP98492   FeII 5018.440 2.891 -1.100 112.0  5.1  6.135  0.009  0.005 -0.022  0.005 0.113 0.000   24.738
HIP98492   FeII 5132.670 2.810 -4.080   4.7  0.5  6.187 -0.001  0.015 -0.001  0.003 0.065 0.000   85.891
HIP98492   FeII 5197.577 3.230 -2.220  49.2  2.4  6.249 -0.002  0.014 -0.014  0.004 0.062 0.000   26.466
HIP98492   FeII 5234.630 3.220 -2.180  50.7  2.4  6.205 -0.001  0.014 -0.017  0.004 0.068 0.000   11.795
HIP98492   FeII 5264.810 3.230 -3.130  14.7  0.8  6.244 -0.002  0.015 -0.003  0.003 0.040 0.000  203.312
HIP98492   FeII 5284.110 2.890 -3.110  22.8  1.2  6.210 -0.001  0.015 -0.004  0.004 0.041 0.000  148.791
HIP98492   FeII 5325.560 3.220 -3.160  11.7  0.7  6.219 -0.003  0.015 -0.001  0.003 0.039 0.000  227.352
HIP98492   FeII 5414.080 3.220 -3.580   5.6  0.5  6.279 -0.002  0.015 -0.001  0.003 0.046 0.000  171.017
HIP98492   FeII 5425.260 3.200 -3.220  11.7  0.7  6.226 -0.003  0.015 -0.003  0.003 0.040 0.000  197.196
HIP98492   FeII 5534.850 3.240 -2.750  29.0  1.4  6.325 -0.003  0.014 -0.006  0.004 0.043 0.000  128.341
HIP98492   FeII 6084.100 3.200 -3.790   5.2  0.5  6.267 -0.003  0.015 -0.001  0.003 0.061 0.000   94.290
HIP98492   FeII 6149.250 3.890 -2.690  10.4  0.7  6.269 -0.007  0.015 -0.001  0.003 0.043 0.000  175.119
HIP98492   FeII 6238.390 3.890 -2.600  12.1  0.8  6.279 -0.007  0.015 -0.003  0.003 0.047 0.000  134.593
HIP98492   FeII 6247.560 3.890 -2.300  20.0  1.0  6.304 -0.007  0.015 -0.004  0.003 0.040 0.000  171.123
HIP98492   FeII 6416.930 3.890 -2.640   9.0  0.6  6.244 -0.007  0.015 -0.001  0.003 0.045 0.000  161.024
HIP98492    NiI 4806.990 3.680 -0.600  10.5  0.7  4.918  0.024  0.001 -0.002  0.000 0.045 0.038   80.483
HIP98492    NiI 4829.030 3.540 -0.330  25.3  1.3  4.907  0.026  0.000 -0.004  0.001 0.043 0.038   77.745
HIP98492    NiI 4831.180 3.610 -0.380  21.1  1.1  4.947  0.025  0.001 -0.003  0.001 0.043 0.038   75.751
HIP98492    NiI 4904.420 3.540 -0.190  32.6  1.6  4.908  0.027  0.000 -0.006  0.001 0.044 0.038   70.275
HIP98492    NiI 4913.980 3.740 -0.620   9.4  0.7  4.883  0.024  0.002 -0.002  0.000 0.048 0.038   69.848
HIP98492    NiI 4935.830 3.940 -0.310  12.3  0.8  4.865  0.022  0.001 -0.002  0.000 0.047 0.038   91.973
HIP98492    NiI 4937.350 3.610 -0.380  23.2  1.2  5.031  0.025  0.000 -0.004  0.001 0.040 0.038   89.240
HIP98492    NiI 4953.210 3.740 -0.610  10.6  0.7  4.912  0.024  0.001 -0.001  0.000 0.044 0.038   77.437
HIP98492    NiI 4998.230 3.610 -0.760  10.3  0.7  4.902  0.025  0.001 -0.002  0.000 0.045 0.038   68.139
HIP98492    NiI 5010.940 3.630 -0.850   7.6  0.6  4.959  0.025  0.001 -0.001  0.001 0.060 0.038   44.287
HIP98492    NiI 5035.370 3.630  0.120  46.8  2.2  4.991  0.029 -0.002 -0.010  0.002 0.050 0.038   63.587
HIP98492    NiI 5081.120 3.850  0.220  37.5  1.8  4.919  0.027 -0.001 -0.008  0.001 0.045 0.038   76.930
HIP98492    NiI 5082.350 3.660 -0.550  12.9  0.8  4.815  0.024  0.001 -0.002  0.001 0.044 0.038   82.602
HIP98492    NiI 5084.100 3.680 -0.040  36.1  1.8  4.952  0.027  0.000 -0.008  0.000 0.044 0.038   75.544
HIP98492    NiI 5099.940 3.680 -0.180  31.2  1.6  5.056  0.027  0.000 -0.006  0.000 0.043 0.038   72.829
HIP98492    NiI 5102.970 1.680 -2.830   8.1  0.6  4.966  0.039  0.001 -0.002  0.000 0.072 0.038  -26.827
HIP98492    NiI 5115.400 3.830 -0.140  22.5  1.1  4.926  0.024  0.001 -0.003  0.001 0.036 0.038  106.424
HIP98492    NiI 5155.130 3.900 -0.630   6.6  0.6  4.848  0.022  0.001 -0.001  0.001 0.059 0.038   65.484
HIP98492    NiI 5155.770 3.900 -0.110  21.0  1.1  4.943  0.024  0.001 -0.003  0.001 0.042 0.038   90.465
HIP98492    NiI 5176.560 3.900 -0.460   8.6  0.6  4.851  0.022  0.001 -0.001  0.000 0.045 0.038   91.032
HIP98492    NiI 5578.730 1.680 -2.740  11.1  0.6  4.898  0.040  0.001 -0.001  0.000 0.047 0.038  -62.423
HIP98492    NiI 6108.130 1.680 -2.610  16.4  0.9  5.013  0.040  0.001 -0.003  0.001 0.044 0.038  -60.439
HIP98492    NiI 6175.370 4.090 -0.510   6.7  0.5  4.956  0.022  0.002 -0.001  0.000 0.061 0.038   59.464
HIP98492    NiI 6176.820 4.090 -0.310  10.3  0.7  4.893  0.023  0.001 -0.002  0.000 0.053 0.038   73.444
HIP98492    ZnI 4722.160 4.030 -0.390  31.6  1.5  3.471  0.010  0.007 -0.008  0.002 0.043 0.000  450.990
HIP98492    ZnI 4810.540 4.080 -0.170  38.7  1.9  3.484  0.011  0.006 -0.011  0.003 0.051 0.000  316.183
HIP98492    YII 4883.690 1.080  0.070  24.3  1.2  0.719  0.013  0.014 -0.006  0.004 0.042 0.000  345.745
HIP98492    YII 5087.430 1.080 -0.170  15.1  0.8  0.690  0.012  0.016 -0.004  0.005 0.039 0.000  377.604
HIP98492   BaII 4934.100 0.000 -1.151 125.9  5.8  0.556  0.033  0.011 -0.030  0.001 0.144 0.000   23.161
HIP98492   BaII 5853.700 0.604 -2.463  28.1  1.3  0.549  0.017  0.014 -0.010  0.004 0.043 0.000  346.385
HIP98492   BaII 6141.700 0.704 -2.855  72.6  3.4  0.647  0.028  0.005 -0.031  0.005 0.083 0.000   79.243
HIP98492   BaII 6496.896 0.604 -1.623  61.4  2.8  0.572  0.022  0.009 -0.027  0.006 0.081 0.000   84.977
LTT2415     MgI 5167.321 2.709 -0.854 110.2  5.1  5.902  0.080 -0.010 -0.056  0.002 0.095 0.000   53.719
LTT2415     MgI 5172.684 2.712 -0.363 144.1  6.6  5.840  0.090 -0.016 -0.043  0.002 0.085 0.000   55.169
LTT2415     MgI 5183.604 2.717 -0.168 174.9  8.1  5.887  0.096 -0.019 -0.032  0.002 0.078 0.000   56.847
LTT2415     CaI 4425.437 1.879 -0.358  30.8  1.5  4.751  0.051 -0.001 -0.014  0.002 0.062 0.035   16.176
LTT2415     CaI 4454.779 1.899  0.258  55.7  2.5  4.594  0.057 -0.003 -0.036  0.002 0.080 0.035   30.244
LTT2415     CaI 4455.887 1.899 -0.530  20.7  0.9  4.730  0.050 -0.001 -0.008  0.002 0.049 0.035   12.205
LTT2415     CaI 5265.556 2.523 -0.260  15.9  0.8  4.770  0.044  0.000 -0.008  0.002 0.044 0.035   50.688
LTT2415     CaI 5581.980 2.520 -0.710   8.3  0.3  4.773  0.042  0.001 -0.003  0.002 0.033 0.035   56.991
LTT2415     CaI 5588.749 2.526  0.210  33.9  1.6  4.668  0.045 -0.001 -0.019  0.002 0.069 0.035   43.594
LTT2415     CaI 5590.130 2.520 -0.710   6.6  0.3  4.697  0.042  0.001 -0.003  0.002 0.036 0.035   52.526
LTT2415     CaI 5594.462 2.523 -0.050  23.1  1.0  4.739  0.044  0.000 -0.011  0.002 0.052 0.035   49.678
LTT2415     CaI 5857.451 2.933  0.230  17.3  0.8  4.745  0.039 -0.001 -0.006  0.002 0.044 0.035   79.880
LTT2415     CaI 6122.217 1.886 -0.315  35.9  1.6  4.705  0.056 -0.002 -0.015  0.002 0.063 0.035    2.838
LTT2415     CaI 6162.173 1.899 -0.089  44.7  2.1  4.623  0.057 -0.003 -0.025  0.002 0.072 0.035   17.040
LTT2415     CaI 6169.040 2.520 -0.540   3.9  0.2  4.609  0.044 -0.001 -0.002  0.002 0.035 0.035   41.357
LTT2415     CaI 6169.560 2.520 -0.270   8.3  0.4  4.658  0.044  0.000 -0.002  0.002 0.039 0.035   33.670
LTT2415     CaI 6439.075 2.526  0.470  40.0  1.9  4.660  0.048 -0.002 -0.025  0.002 0.075 0.035   40.569
LTT2415     CaI 6493.781 2.521  0.140  19.1  0.9  4.741  0.044  0.000 -0.009  0.002 0.049 0.035   50.122
LTT2415     TiI 4981.731 0.848  0.570  22.3  1.0  3.546  0.072  0.000 -0.011  0.002 0.049 0.065   51.990
LTT2415     TiI 4999.510 0.830  0.320  12.4  0.6  3.416  0.071  0.001 -0.006  0.002 0.042 0.065   54.227
LTT2415     TiI 5192.980 0.020 -0.950   5.7  0.2  3.590  0.081  0.000 -0.002  0.002 0.031 0.065   38.171
LTT2415    TiII 4443.801 1.080 -0.710  59.5  2.7  3.124  0.041  0.012 -0.062  0.000 0.114 0.073   39.805
LTT2415    TiII 4450.482 1.084 -1.520  30.6  1.5  3.345  0.038  0.013 -0.015  0.002 0.070 0.073   67.931
LTT2415    TiII 4468.507 1.131 -0.630  64.7  3.0  3.191  0.041  0.012 -0.077  0.000 0.116 0.073   39.278
LTT2415    TiII 5336.789 1.582 -1.600   6.9  0.3  3.122  0.033  0.014 -0.003  0.000 0.038 0.073  105.161
LTT2415     CrI 5206.037 0.941  0.019  33.8  1.5  3.618  0.074 -0.001 -0.022  0.002 0.079 0.030   49.922
LTT2415     CrI 5345.810 1.000 -0.950   6.1  0.3  3.773  0.071  0.001 -0.002  0.002 0.035 0.030  112.527
LTT2415     FeI 4461.653 0.087 -3.210  25.7  1.2  5.577  0.093  0.000 -0.015  0.002 0.076 0.046  -53.302
LTT2415     FeI 4494.563 2.198 -1.140  27.6  1.2  5.496  0.066  0.000 -0.015  0.002 0.069 0.046    2.551
LTT2415     FeI 4871.318 2.865 -0.340  36.9  1.7  5.642  0.063 -0.001 -0.025  0.002 0.067 0.046   20.314
LTT2415     FeI 4872.138 2.882 -0.567  22.9  1.1  5.499  0.060  0.000 -0.012  0.002 0.059 0.046   16.994
LTT2415     FeI 4890.755 2.875 -0.380  33.8  1.5  5.541  0.062 -0.001 -0.020  0.002 0.068 0.046   19.338
LTT2415     FeI 4891.492 2.851 -0.112  51.4  2.4  5.596  0.066 -0.002 -0.042  0.002 0.084 0.046   22.415
LTT2415     FeI 4918.994 2.865 -0.342  38.1  1.7  5.553  0.063 -0.001 -0.025  0.002 0.072 0.046   18.623
LTT2415     FeI 4920.503 2.832  0.068  59.2  2.7  5.539  0.069 -0.004 -0.054  0.002 0.087 0.046   26.783
LTT2415     FeI 4957.299 2.851 -0.408  33.7  1.5  5.583  0.062 -0.001 -0.020  0.002 0.067 0.046   19.687
LTT2415     FeI 5049.819 2.279 -1.355  22.2  1.0  5.646  0.066  0.000 -0.012  0.002 0.055 0.046   -0.506
LTT2415     FeI 5074.750 4.220 -0.230  11.2  0.5  5.633  0.044  0.000 -0.005  0.002 0.037 0.046   89.447
LTT2415     FeI 5133.689 4.178  0.360  20.2  0.9  5.660  0.044 -0.001 -0.009  0.002 0.045 0.046   84.484
LTT2415     FeI 5139.252 2.998 -0.730  16.0  0.8  5.619  0.059  0.000 -0.008  0.002 0.044 0.046   22.249
LTT2415     FeI 5139.463 2.940 -0.509  28.4  1.4  5.475  0.060 -0.001 -0.015  0.002 0.066 0.046   19.160
LTT2415     FeI 5171.596 1.485 -1.793  31.7  1.5  5.441  0.078  0.000 -0.022  0.002 0.083 0.046  -15.238
LTT2415     FeI 5191.455 3.038 -0.551  19.1  0.9  5.543  0.057 -0.001 -0.009  0.002 0.051 0.046   27.905
LTT2415     FeI 5194.942 1.557 -2.090  18.1  0.8  5.569  0.075  0.000 -0.009  0.002 0.056 0.046  -32.310
LTT2415     FeI 5216.274 1.608 -2.150  13.9  0.7  5.520  0.075  0.001 -0.006  0.002 0.053 0.046  -40.211
LTT2415     FeI 5227.189 1.557 -1.228  58.8  2.8  5.461  0.083 -0.002 -0.070  0.002 0.108 0.046    8.431
LTT2415     FeI 5232.940 2.940 -0.057  47.6  2.2  5.510  0.065 -0.002 -0.036  0.002 0.080 0.046   22.212
LTT2415     FeI 5250.646 2.198 -2.181   6.0  0.3  5.588  0.068  0.000 -0.003  0.002 0.037 0.046  -24.971
LTT2415     FeI 5263.306 3.266 -0.870   8.4  0.4  5.616  0.054  0.000 -0.005  0.002 0.037 0.046   40.847
LTT2415     FeI 5266.555 2.998 -0.385  29.9  1.4  5.569  0.060 -0.001 -0.017  0.002 0.063 0.046   21.867
LTT2415     FeI 5328.531 1.557 -1.850  25.9  1.2  5.505  0.078  0.000 -0.015  0.002 0.071 0.046  -24.828
LTT2415     FeI 5339.929 3.266 -0.630  11.8  0.5  5.497  0.054  0.000 -0.005  0.002 0.042 0.046   36.984
LTT2415     FeI 5364.871 4.446  0.228  10.5  0.5  5.545  0.041  0.000 -0.005  0.002 0.039 0.046  100.364
LTT2415     FeI 5367.466 4.415  0.443  11.0  0.6  5.446  0.041  0.000 -0.005  0.002 0.042 0.046   93.590
LTT2415     FeI 5369.962 4.371  0.536  15.9  0.7  5.565  0.042  0.000 -0.008  0.002 0.042 0.046   92.442
LTT2415     FeI 5383.369 4.312  0.645  20.1  0.9  5.540  0.044  0.000 -0.009  0.002 0.049 0.046   76.297
LTT2415     FeI 5393.167 3.240 -0.715  12.9  0.6  5.626  0.054  0.000 -0.006  0.002 0.041 0.046   40.334
LTT2415     FeI 5397.128 0.915 -1.993  50.2  2.3  5.497  0.090 -0.001 -0.049  0.002 0.102 0.046  -11.513
LTT2415     FeI 5405.775 0.990 -1.844  61.0  2.8  5.669  0.090 -0.001 -0.074  0.002 0.110 0.046    1.127
LTT2415     FeI 5415.199 4.386  0.642  17.6  0.8  5.497  0.042  0.000 -0.008  0.002 0.046 0.046   84.965
LTT2415     FeI 5429.697 0.958 -1.879  59.4  2.7  5.447  0.090 -0.001 -0.071  0.002 0.108 0.046   -0.295
LTT2415     FeI 5434.524 1.011 -2.122  42.1  1.9  5.586  0.086 -0.001 -0.032  0.002 0.090 0.046  -17.725
LTT2415     FeI 5497.516 1.011 -2.849  14.3  0.7  5.650  0.081  0.001 -0.008  0.002 0.049 0.046  -63.246
LTT2415     FeI 5501.465 0.958 -3.047   7.2  0.3  5.513  0.084  0.000 -0.003  0.002 0.038 0.046 -100.362
LTT2415     FeI 5506.779 0.990 -2.797  14.9  0.7  5.647  0.084  0.000 -0.008  0.002 0.048 0.046  -73.104
LTT2415     FeI 5569.618 3.417 -0.520  12.9  0.6  5.529  0.054 -0.001 -0.005  0.002 0.043 0.046   38.191
LTT2415     FeI 5572.842 3.396 -0.280  21.6  1.0  5.589  0.054 -0.001 -0.011  0.002 0.051 0.046   40.653
LTT2415     FeI 5586.756 3.368 -0.110  27.0  1.3  5.519  0.056 -0.001 -0.015  0.002 0.060 0.046   34.390
LTT2415     FeI 6230.723 2.559 -1.281  15.2  0.7  5.486  0.065  0.000 -0.008  0.002 0.048 0.046   -1.853
LTT2415     FeI 6246.318 3.603 -0.770   6.5  0.3  5.626  0.051 -0.001 -0.003  0.002 0.033 0.046   58.604
LTT2415     FeI 6252.555 2.404 -1.687   7.2  0.3  5.450  0.066 -0.001 -0.003  0.002 0.039 0.046  -15.174
LTT2415     FeI 6336.824 3.686 -0.850   3.0  0.1  5.453  0.050  0.000 -0.002  0.002 0.030 0.046   64.720
LTT2415     FeI 6393.601 2.433 -1.576  12.7  0.6  5.615  0.066  0.000 -0.008  0.002 0.041 0.046   -8.633
LTT2415    FeII 4923.927 2.891 -1.260  60.2  2.8  5.355  0.020  0.013 -0.070  0.000 0.107 0.000   51.402
LTT2415    FeII 5018.440 2.891 -1.100  74.2  3.4  5.513  0.023  0.012 -0.101  0.002 0.116 0.000   38.993
LTT2415    FeII 5197.577 3.230 -2.220  11.7  0.5  5.440  0.011  0.014 -0.005  0.002 0.040 0.000  437.024
LTT2415    FeII 5234.630 3.220 -2.180  16.1  0.8  5.500  0.011  0.013 -0.009  0.002 0.047 0.000  336.263
LTT2415     NiI 5035.370 3.630  0.120   4.2  0.2  4.143  0.047  0.001 -0.002  0.002 0.032 0.000  320.751
LTT2415    BaII 4934.100 0.000 -1.151  38.3  1.8 -0.201  0.060  0.010 -0.008  0.003 0.104 0.000   24.169
LTT2415    BaII 6141.700 0.704 -2.855  14.6  0.7 -0.208  0.053  0.011 -0.009  0.002 0.063 0.000   86.084
LTT2415    BaII 6496.896 0.604 -1.623   8.7  0.4 -0.250  0.054  0.012 -0.006  0.002 0.054 0.000  102.508
G112-43     NaI 5688.227 2.100 -1.453  18.2  0.9  4.924  0.021  0.000  0.000  0.001 0.033 0.095   87.207
G112-43     NaI 5889.959 0.000 -0.193 205.5  9.4  4.760  0.055 -0.017 -0.009  0.003 0.091 0.095   44.046
G112-43     NaI 5895.910 0.000 -0.575 176.7  8.2  4.648  0.054 -0.014 -0.012  0.002 0.100 0.095   40.420
G112-43     MgI 5167.321 2.709 -0.854 200.0  9.2  6.528  0.056 -0.019 -0.007  0.002 0.081 0.000   31.589
G112-43     MgI 5172.684 2.712 -0.363 307.4 14.2  6.511  0.057 -0.021 -0.003  0.003 0.067 0.000   31.075
G112-43     MgI 5183.604 2.717 -0.168 380.6 17.5  6.491  0.057 -0.021 -0.002  0.003 0.064 0.000   32.042
G112-43     MgI 5528.405 4.346 -0.547 104.6  4.8  6.487  0.035 -0.010 -0.009  0.002 0.074 0.000   98.209
G112-43     MgI 5711.100 4.340 -1.842  25.5  1.2  6.535  0.023 -0.001 -0.002  0.001 0.035 0.000  492.654
G112-43     SiI 5690.430 4.930 -1.880   5.9  0.4  6.471  0.018  0.001  0.000  0.000 0.040 0.000  340.389
G112-43     SiI 6155.140 5.620 -0.890  13.5  0.7  6.457  0.014  0.001 -0.001  0.001 0.035 0.000  548.817
G112-43     SiI 6243.820 5.610 -1.330   4.9  0.4  6.444  0.014  0.001  0.000  0.000 0.059 0.000  187.773
G112-43     SiI 6244.480 5.610 -1.360   5.1  0.4  6.543  0.013  0.001  0.000  0.001 0.050 0.000  264.391
G112-43     SiI 6414.990 5.870 -1.080   4.9  0.5  6.468  0.012  0.001  0.000  0.001 0.056 0.000  224.649
G112-43     CaI 4425.437 1.879 -0.358  68.1  3.1  5.258  0.037 -0.006 -0.015  0.001 0.077 0.000   32.997
G112-43     CaI 4455.887 1.899 -0.530  70.2  3.2  5.508  0.038 -0.006 -0.015  0.001 0.071 0.000   33.647
G112-43     CaI 5265.556 2.523 -0.260  49.2  2.3  5.373  0.028 -0.002 -0.011  0.000 0.057 0.000  111.936
G112-43     CaI 5581.980 2.520 -0.710  33.2  1.5  5.382  0.027  0.000 -0.006  0.001 0.043 0.000  166.015
G112-43     CaI 5588.749 2.526  0.210  76.6  3.6  5.353  0.034 -0.005 -0.022  0.001 0.092 0.000   45.428
G112-43     CaI 5590.130 2.520 -0.710  28.7  1.4  5.317  0.028  0.000 -0.005  0.000 0.043 0.000  135.705
G112-43     CaI 5594.462 2.523 -0.050  59.6  2.7  5.336  0.031 -0.002 -0.015  0.001 0.070 0.000   68.401
G112-43     CaI 5857.451 2.933  0.230  60.1  2.8  5.466  0.030 -0.005 -0.010  0.001 0.059 0.000   91.956
G112-43     CaI 6102.723 1.879 -0.793  54.0  2.5  5.346  0.036 -0.003 -0.009  0.001 0.057 0.000   34.270
G112-43     CaI 6122.217 1.886 -0.315  87.2  4.0  5.376  0.044 -0.009 -0.016  0.001 0.081 0.000    8.106
G112-43     CaI 6162.173 1.899 -0.089  93.7  4.4  5.232  0.045 -0.010 -0.016  0.002 0.088 0.000    4.271
G112-43     CaI 6166.440 2.520 -0.900  12.5  0.6  5.357  0.027  0.000 -0.002  0.000 0.036 0.000  168.511
G112-43     CaI 6169.040 2.520 -0.540  23.5  1.1  5.333  0.028 -0.002 -0.003  0.000 0.038 0.000  160.034
G112-43     CaI 6169.560 2.520 -0.270  39.9  1.9  5.375  0.030 -0.002 -0.005  0.001 0.047 0.000   94.051
G112-43     CaI 6439.075 2.526  0.470  87.3  4.1  5.410  0.037 -0.006 -0.023  0.000 0.098 0.000   33.587
G112-43     CaI 6493.781 2.521  0.140  53.7  2.6  5.331  0.030 -0.001 -0.013  0.001 0.065 0.000   77.720
G112-43     TiI 4820.410 1.500 -0.380   4.1  0.4  3.848  0.040 -0.001 -0.001  0.001 0.052 0.028   57.355
G112-43     TiI 4913.620 1.870  0.220   8.1  0.5  4.025  0.037 -0.001 -0.001  0.001 0.041 0.028  101.258
G112-43     TiI 4981.731 0.848  0.570  62.4  2.9  4.126  0.049 -0.001 -0.022  0.001 0.075 0.028   43.611
G112-43     TiI 4991.065 0.836  0.450  52.0  2.4  3.996  0.048 -0.002 -0.015  0.001 0.062 0.028   45.956
G112-43     TiI 4999.510 0.830  0.320  48.8  2.3  4.025  0.046  0.000 -0.013  0.000 0.058 0.028   55.323
G112-43     TiI 5016.170 0.850 -0.480  12.4  0.6  4.023  0.045 -0.001 -0.002  0.001 0.035 0.028   53.944
G112-43     TiI 5022.870 0.830 -0.330  16.8  0.8  4.017  0.045 -0.001 -0.003  0.001 0.034 0.028   62.585
G112-43     TiI 5024.850 0.820 -0.530  12.6  0.6  3.935  0.045 -0.001 -0.002  0.001 0.035 0.028   53.892
G112-43     TiI 5039.960 0.020 -1.080  18.3  0.9  3.961  0.050  0.000 -0.002  0.000 0.036 0.028    1.423
G112-43     TiI 5210.390 0.050 -0.820  28.1  1.3  4.015  0.053 -0.001 -0.005  0.001 0.041 0.028   -7.042
G112-43     TiI 6261.110 1.430 -0.530   4.9  0.4  4.002  0.041 -0.001 -0.001  0.001 0.048 0.028   58.453
G112-43    TiII 4320.950 1.165 -1.880  49.4  2.3  4.016  0.019  0.011 -0.014  0.001 0.062 0.000  159.350
G112-43    TiII 4399.765 1.237 -1.200  86.8  4.0  4.131  0.023  0.008 -0.039  0.001 0.125 0.000   36.317
G112-43    TiII 4443.801 1.080 -0.710 100.8  4.6  3.935  0.028  0.005 -0.039  0.001 0.137 0.000   30.170
G112-43    TiII 4450.482 1.084 -1.520  73.7  3.5  4.101  0.022  0.010 -0.032  0.002 0.104 0.000   52.696
G112-43    TiII 4468.507 1.131 -0.630 107.8  5.0  4.027  0.029  0.003 -0.037  0.001 0.134 0.000   32.754
G112-43    TiII 5129.156 1.892 -1.340  40.8  1.9  4.039  0.013  0.012 -0.009  0.002 0.049 0.000  275.206
G112-43    TiII 5336.789 1.582 -1.600  43.5  2.0  4.032  0.016  0.012 -0.010  0.002 0.050 0.000  249.935
G112-43     CrI 4254.336 0.000 -0.090 101.0  4.7  4.260  0.065 -0.011 -0.036  0.002 0.134 0.078   21.817
G112-43     CrI 5206.037 0.941  0.019  87.2  4.1  4.472  0.055 -0.007 -0.032  0.001 0.111 0.078   32.286
G112-43     CrI 5296.700 0.980 -1.360  19.2  0.9  4.470  0.045 -0.001 -0.002  0.001 0.035 0.078   65.490
G112-43     CrI 5300.750 0.980 -2.000   2.5  0.3  4.273  0.044 -0.001  0.000  0.001 0.057 0.078   50.900
G112-43     CrI 5345.810 1.000 -0.950  39.2  1.8  4.540  0.046 -0.001 -0.010  0.001 0.045 0.078   64.743
G112-43     CrI 5348.330 1.000 -1.210  22.9  1.1  4.488  0.044  0.000 -0.004  0.001 0.038 0.078   66.742
G112-43     MnI 4783.415 2.298 -1.560  34.2  1.6  3.982  0.038 -0.001 -0.001  0.001 0.038 0.118   48.662
G112-43     MnI 4823.515 2.319 -2.980  37.0  1.7  3.982  0.039 -0.001 -0.006  0.001 0.042 0.118   48.652
G112-43     MnI 6013.478 3.072 -0.870   4.7  0.4  3.682  0.032  0.000  0.000  0.001 0.045 0.118   48.607
G112-43     MnI 6021.804 3.075 -2.760   7.4  0.4  3.962  0.032  0.000  0.000  0.001 0.040 0.118   50.145
G112-43     FeI 4134.678 2.831 -0.649  62.6  2.9  6.235  0.041 -0.002 -0.027  0.001 0.088 0.030   29.695
G112-43     FeI 4143.868 1.557 -0.511 131.2  6.0  6.206  0.065 -0.017 -0.021  0.002 0.105 0.030  -20.411
G112-43     FeI 4147.669 1.485 -2.104  56.1  2.6  6.210  0.050 -0.002 -0.022  0.001 0.075 0.030   -5.818
G112-43     FeI 4156.799 2.831 -0.809  60.5  2.8  6.232  0.040 -0.002 -0.026  0.001 0.083 0.030   33.872
G112-43     FeI 4175.636 2.845 -0.827  57.4  2.6  6.216  0.039 -0.002 -0.024  0.001 0.078 0.030   37.891
G112-43     FeI 4187.039 2.449 -0.560  82.7  3.9  6.194  0.052 -0.010 -0.025  0.002 0.101 0.030    3.117
G112-43     FeI 4187.795 2.425 -0.554  90.6  4.2  6.160  0.053 -0.012 -0.024  0.002 0.103 0.030    1.993
G112-43     FeI 4191.431 2.469 -0.666  82.9  3.8  6.236  0.052 -0.010 -0.025  0.002 0.099 0.030    3.242
G112-43     FeI 4199.095 3.047  0.170  87.9  4.1  6.221  0.045 -0.008 -0.037  0.001 0.127 0.030   19.827
G112-43     FeI 4202.029 1.485 -0.708 110.0  5.1  6.068  0.062 -0.014 -0.031  0.002 0.120 0.030   -6.835
G112-43     FeI 4222.213 2.449 -0.967  68.1  3.2  6.217  0.047 -0.006 -0.023  0.002 0.085 0.030   11.041
G112-43     FeI 4233.603 2.482 -0.600  88.3  4.1  6.287  0.053 -0.012 -0.024  0.002 0.100 0.030    2.070
G112-43     FeI 4238.810 3.396 -0.233  65.2  3.0  6.388  0.039 -0.006 -0.021  0.001 0.073 0.030   46.896
G112-43     FeI 4250.119 2.469 -0.405  87.8  4.1  6.076  0.053 -0.011 -0.025  0.002 0.104 0.030    2.537
G112-43     FeI 4250.787 1.557 -0.714 110.5  5.1  6.230  0.061 -0.013 -0.030  0.002 0.122 0.030   -5.566
G112-43     FeI 4271.154 2.449 -0.349 105.7  4.9  6.206  0.056 -0.015 -0.021  0.002 0.101 0.030   -2.783
G112-43     FeI 4271.761 1.485 -0.164 174.3  8.0  6.190  0.068 -0.020 -0.012  0.002 0.084 0.030  -48.686
G112-43     FeI 4375.930 0.000 -3.031  81.1  3.7  6.274  0.067 -0.004 -0.043  0.001 0.130 0.030  -13.397
G112-43     FeI 4404.750 1.557 -0.142 186.1  8.6  6.250  0.068 -0.020 -0.010  0.002 0.084 0.030  -51.899
G112-43     FeI 4427.310 0.052 -3.044  86.6  4.0  6.321  0.068 -0.006 -0.042  0.001 0.131 0.030  -13.049
G112-43     FeI 4466.552 2.831 -0.600  71.9  3.3  6.332  0.042 -0.002 -0.035  0.000 0.104 0.030   26.543
G112-43     FeI 4494.563 2.198 -1.140  72.8  3.4  6.196  0.049 -0.004 -0.028  0.001 0.096 0.030    7.281
G112-43     FeI 4788.757 3.236 -1.763   9.7  0.5  6.192  0.034 -0.001 -0.001  0.001 0.040 0.030   54.700
G112-43     FeI 4871.318 2.865 -0.340  78.2  3.6  6.222  0.048 -0.008 -0.023  0.001 0.088 0.030   11.349
G112-43     FeI 4872.138 2.882 -0.567  71.0  3.3  6.252  0.046 -0.007 -0.021  0.001 0.082 0.030   16.594
G112-43     FeI 4890.755 2.875 -0.380  84.5  4.0  6.293  0.050 -0.010 -0.023  0.002 0.092 0.030    7.868
G112-43     FeI 4891.492 2.851 -0.112 102.4  4.8  6.295  0.053 -0.013 -0.020  0.001 0.098 0.030    0.408
G112-43     FeI 4918.994 2.865 -0.342  90.5  4.2  6.324  0.051 -0.011 -0.022  0.001 0.093 0.030    6.683
G112-43     FeI 4920.503 2.832  0.068 114.1  5.2  6.247  0.056 -0.015 -0.018  0.002 0.096 0.030   -6.124
G112-43     FeI 4924.769 2.279 -2.114  21.8  1.0  6.231  0.042 -0.001 -0.004  0.001 0.034 0.030  -22.025
G112-43     FeI 4939.686 0.859 -3.340  31.5  1.5  6.249  0.053 -0.001 -0.006  0.001 0.042 0.030 -114.861
G112-43     FeI 4950.106 3.417 -1.500   9.9  0.6  6.219  0.033 -0.001 -0.001  0.001 0.044 0.030   55.574
G112-43     FeI 4957.299 2.851 -0.408  74.7  3.4  6.160  0.047 -0.008 -0.022  0.002 0.087 0.030   12.229
G112-43     FeI 4962.572 4.178 -1.182   5.4  0.4  6.192  0.026  0.000  0.000  0.001 0.044 0.030  113.790
G112-43     FeI 4973.102 3.960 -0.690  19.3  0.9  6.257  0.029 -0.001 -0.003  0.001 0.034 0.030  138.874
G112-43     FeI 5044.211 2.851 -2.017  11.3  0.6  6.224  0.037  0.000 -0.002  0.001 0.033 0.030   21.089
G112-43     FeI 5049.819 2.279 -1.355  62.8  2.9  6.274  0.046 -0.002 -0.023  0.001 0.078 0.030   11.337
G112-43     FeI 5074.750 4.220 -0.230  37.6  1.8  6.187  0.029 -0.001 -0.008  0.001 0.047 0.030  110.220
G112-43     FeI 5090.780 4.260 -0.490  18.9  0.9  6.243  0.027 -0.001 -0.003  0.001 0.037 0.030  142.788
G112-43     FeI 5127.359 0.915 -3.307  33.1  1.5  6.276  0.054  0.000 -0.008  0.002 0.043 0.030 -119.151
G112-43     FeI 5131.468 2.222 -2.515  15.4  0.8  6.244  0.041 -0.001 -0.003  0.001 0.038 0.030   -7.501
G112-43     FeI 5133.689 4.178  0.360  53.0  2.5  6.197  0.032 -0.003 -0.013  0.001 0.060 0.030   74.820
G112-43     FeI 5139.252 2.998 -0.730  54.9  2.5  6.260  0.041 -0.003 -0.015  0.001 0.059 0.030   32.223
G112-43     FeI 5139.463 2.940 -0.509  72.1  3.4  6.113  0.046 -0.006 -0.021  0.001 0.086 0.030   14.041
G112-43     FeI 5141.739 2.424 -2.238  16.4  0.8  6.249  0.040  0.000 -0.003  0.002 0.036 0.030   -8.117
G112-43     FeI 5171.596 1.485 -1.793  83.0  3.8  6.280  0.057 -0.005 -0.036  0.000 0.115 0.030   -1.936
G112-43     FeI 5216.274 1.608 -2.150  53.6  2.5  6.177  0.050 -0.001 -0.018  0.001 0.070 0.030  -14.908
G112-43     FeI 5225.526 0.110 -4.789   9.1  0.5  6.301  0.059 -0.001 -0.003  0.001 0.038 0.030 -209.329
G112-43     FeI 5227.189 1.557 -1.228 104.3  4.8  6.169  0.062 -0.011 -0.033  0.000 0.124 0.030   -6.421
G112-43     FeI 5232.940 2.940 -0.057  96.7  4.4  6.186  0.052 -0.012 -0.021  0.002 0.095 0.030    1.384
G112-43     FeI 5242.491 3.634 -0.830  22.7  1.0  6.286  0.030  0.000 -0.004  0.001 0.035 0.030  121.870
G112-43     FeI 5250.646 2.198 -2.181  31.7  1.5  6.224  0.043 -0.001 -0.007  0.001 0.044 0.030  -12.840
G112-43     FeI 5253.461 3.283 -1.580  11.1  0.6  6.264  0.034  0.000 -0.002  0.001 0.035 0.030   61.141
G112-43     FeI 5263.306 3.266 -0.870  35.7  1.6  6.219  0.036 -0.001 -0.006  0.001 0.044 0.030   52.325
G112-43     FeI 5266.555 2.998 -0.385  71.0  3.3  6.154  0.045 -0.006 -0.021  0.002 0.083 0.030   17.168
G112-43     FeI 5281.790 3.038 -0.834  50.4  2.3  6.243  0.040 -0.003 -0.013  0.001 0.056 0.030   34.845
G112-43     FeI 5288.524 3.695 -1.490   6.0  0.4  6.294  0.030  0.000 -0.001  0.001 0.044 0.030   80.329
G112-43     FeI 5307.361 1.608 -2.987  16.6  0.8  6.193  0.047 -0.001 -0.003  0.001 0.033 0.030  -94.572
G112-43     FeI 5322.040 2.279 -2.803   4.7  0.3  6.178  0.042  0.000  0.000  0.001 0.040 0.030  -42.674
G112-43     FeI 5328.038 0.915 -1.466 114.6  5.3  6.121  0.068 -0.012 -0.033  0.001 0.121 0.030  -16.595
G112-43     FeI 5328.531 1.557 -1.850  71.0  3.3  6.195  0.053 -0.003 -0.031  0.001 0.100 0.030   -1.029
G112-43     FeI 5339.929 3.266 -0.630  50.9  2.4  6.225  0.038 -0.003 -0.013  0.001 0.058 0.030   43.610
G112-43     FeI 5364.871 4.446  0.228  43.7  2.0  6.251  0.028 -0.002 -0.009  0.001 0.049 0.030  115.334
G112-43     FeI 5365.399 3.573 -1.020  14.8  0.8  6.219  0.032 -0.001 -0.002  0.001 0.035 0.030   89.004
G112-43     FeI 5367.466 4.415  0.443  46.6  2.2  6.184  0.030 -0.003 -0.009  0.001 0.052 0.030   98.303
G112-43     FeI 5369.962 4.371  0.536  50.9  2.4  6.195  0.030 -0.003 -0.011  0.001 0.056 0.030   93.474
G112-43     FeI 5373.708 4.473 -0.710   8.2  0.4  6.308  0.024  0.000 -0.001  0.000 0.033 0.030  194.693
G112-43     FeI 5379.574 3.695 -1.420   5.3  0.3  6.181  0.030  0.000 -0.002  0.001 0.037 0.030  102.979
G112-43     FeI 5383.369 4.312  0.645  60.6  2.8  6.224  0.032 -0.004 -0.015  0.001 0.066 0.030   69.026
G112-43     FeI 5397.128 0.915 -1.993  92.9  4.3  6.145  0.063 -0.007 -0.037  0.000 0.129 0.030   -8.183
G112-43     FeI 5405.775 0.990 -1.844  99.5  4.6  6.223  0.065 -0.008 -0.037  0.000 0.128 0.030   -9.804
G112-43     FeI 5415.199 4.386  0.642  60.0  2.7  6.239  0.032 -0.005 -0.015  0.001 0.063 0.030   78.821
G112-43     FeI 5429.697 0.958 -1.879 116.0  5.4  6.323  0.069 -0.012 -0.031  0.001 0.124 0.030  -18.751
G112-43     FeI 5434.524 1.011 -2.122  85.3  3.9  6.232  0.062 -0.005 -0.038  0.000 0.120 0.030   -8.953
G112-43     FeI 5567.391 2.609 -2.671   5.2  0.4  6.312  0.038  0.000 -0.002  0.001 0.049 0.030    6.336
G112-43     FeI 5569.618 3.417 -0.520  51.2  2.3  6.223  0.038 -0.003 -0.012  0.001 0.055 0.030   43.930
G112-43     FeI 5572.842 3.396 -0.280  67.5  3.1  6.306  0.042 -0.006 -0.017  0.001 0.070 0.030   27.369
G112-43     FeI 5586.756 3.368 -0.110  73.5  3.4  6.209  0.043 -0.007 -0.019  0.001 0.079 0.030   23.997
G112-43     FeI 5686.530 4.549 -0.446  11.5  0.6  6.290  0.024  0.000 -0.002  0.001 0.035 0.030  180.831
G112-43     FeI 5701.544 2.560 -2.216  13.6  0.7  6.139  0.040  0.000 -0.003  0.001 0.036 0.030   -5.567
G112-43     FeI 5717.833 4.284 -0.960   7.8  0.5  6.351  0.027 -0.001 -0.001  0.001 0.041 0.030  119.101
G112-43     FeI 6003.020 3.880 -1.100  12.8  0.6  6.310  0.030  0.000 -0.002  0.001 0.033 0.030  121.268
G112-43     FeI 6027.050 4.076 -1.089   8.4  0.5  6.138  0.028  0.000 -0.001  0.000 0.038 0.030  121.552
G112-43     FeI 6173.335 2.222 -2.880   6.5  0.5  6.149  0.042 -0.001 -0.001  0.001 0.046 0.030  -26.629
G112-43     FeI 6180.204 2.728 -2.649   3.6  0.4  6.127  0.039 -0.001 -0.001  0.001 0.060 0.030    1.241
G112-43     FeI 6200.313 2.609 -2.437   8.2  0.5  6.175  0.038  0.000 -0.001  0.001 0.045 0.030    3.677
G112-43     FeI 6213.430 2.223 -2.482  15.1  0.8  6.253  0.043 -0.001 -0.002  0.001 0.038 0.030  -39.178
G112-43     FeI 6219.281 2.198 -2.433  17.7  0.9  6.199  0.044  0.000 -0.003  0.002 0.038 0.030  -54.622
G112-43     FeI 6230.723 2.559 -1.281  57.0  2.7  6.199  0.044 -0.002 -0.018  0.001 0.069 0.030   12.709
G112-43     FeI 6246.318 3.603 -0.770  30.2  1.5  6.250  0.034 -0.002 -0.005  0.001 0.041 0.030   74.367
G112-43     FeI 6252.555 2.404 -1.687  43.9  2.0  6.266  0.043  0.000 -0.012  0.001 0.053 0.030    0.840
G112-43     FeI 6265.134 2.176 -2.550  17.1  0.9  6.338  0.044 -0.001 -0.003  0.001 0.036 0.030  -46.724
G112-43     FeI 6335.330 2.200 -2.177  25.4  1.2  6.188  0.044  0.000 -0.006  0.002 0.040 0.030  -35.734
G112-43     FeI 6336.824 3.686 -0.850  23.5  1.1  6.277  0.032 -0.001 -0.003  0.001 0.038 0.030   84.395
G112-43     FeI 6355.029 2.845 -2.291   9.6  0.6  6.331  0.037 -0.001 -0.001  0.001 0.042 0.030   18.076
G112-43     FeI 6358.690 0.859 -4.468   5.8  0.5  6.289  0.054 -0.001 -0.002  0.002 0.047 0.030 -120.246
G112-43     FeI 6393.601 2.433 -1.576  52.6  2.5  6.328  0.044 -0.001 -0.016  0.001 0.061 0.030    8.429
G112-43     FeI 6411.649 3.654 -0.590  36.1  1.7  6.259  0.034 -0.002 -0.007  0.001 0.044 0.030   73.870
G112-43     FeI 6421.350 2.279 -2.027  34.7  1.7  6.241  0.044  0.000 -0.008  0.001 0.047 0.030  -20.776
G112-43     FeI 6430.846 2.176 -2.006  41.8  1.9  6.279  0.045  0.000 -0.012  0.000 0.049 0.030   -8.724
G112-43    FeII 4178.862 2.583 -2.510  51.4  2.4  6.193  0.007  0.012 -0.018  0.001 0.068 0.000   90.939
G112-43    FeII 4923.927 2.891 -1.260  98.2  4.5  6.135  0.012  0.007 -0.035  0.001 0.124 0.000   31.191
G112-43    FeII 5234.630 3.220 -2.180  48.5  2.2  6.204  0.002  0.012 -0.015  0.001 0.060 0.000  136.469
G112-43    FeII 5284.110 2.890 -3.110  18.0  0.9  6.204  0.004  0.012 -0.003  0.001 0.038 0.000  350.698
G112-43    FeII 5325.560 3.220 -3.160  10.7  0.5  6.285  0.002  0.013 -0.001  0.001 0.034 0.000  422.091
G112-43    FeII 5414.080 3.220 -3.580   4.5  0.4  6.294  0.002  0.012  0.000  0.001 0.045 0.000  266.392
G112-43    FeII 5425.260 3.200 -3.220  10.1  0.5  6.266  0.003  0.012 -0.002  0.001 0.035 0.000  422.162
G112-43    FeII 5534.850 3.240 -2.750  21.1  1.0  6.213  0.002  0.013 -0.004  0.001 0.037 0.000  338.774
G112-43    FeII 6238.390 3.890 -2.600  10.0  0.6  6.232 -0.002  0.012 -0.002  0.001 0.044 0.000  294.548
G112-43    FeII 6416.930 3.890 -2.640   8.2  0.5  6.250 -0.003  0.013 -0.001  0.001 0.043 0.000  293.360
G112-43     NiI 4806.990 3.680 -0.600   7.3  0.4  5.093  0.028  0.000 -0.001  0.001 0.040 0.028   51.765
G112-43     NiI 4829.030 3.540 -0.330  16.2  0.8  5.011  0.030  0.000 -0.003  0.001 0.039 0.028   46.544
G112-43     NiI 4831.180 3.610 -0.380  13.1  0.6  5.042  0.028  0.000 -0.002  0.000 0.038 0.028   66.090
G112-43     NiI 4904.420 3.540 -0.190  21.1  1.0  4.988  0.030 -0.001 -0.004  0.001 0.037 0.028   70.073
G112-43     NiI 4913.980 3.740 -0.620   5.8  0.4  5.000  0.027  0.001 -0.001  0.001 0.045 0.028   47.029
G112-43     NiI 4935.830 3.940 -0.310  10.0  0.6  5.087  0.026  0.000 -0.002  0.001 0.045 0.028   79.317
G112-43     NiI 4937.350 3.610 -0.380  13.7  0.7  5.095  0.029  0.000 -0.002  0.001 0.035 0.028   56.346
G112-43     NiI 4953.210 3.740 -0.610   6.4  0.4  5.015  0.028  0.000  0.000  0.001 0.042 0.028   40.907
G112-43     NiI 4998.230 3.610 -0.760   7.2  0.4  5.088  0.028  0.000 -0.001  0.001 0.040 0.028   51.765
G112-43     NiI 5010.940 3.630 -0.850   4.0  0.3  5.019  0.028  0.000 -0.001  0.001 0.058 0.028   29.308
G112-43     NiI 5035.370 3.630  0.120  32.2  1.5  5.032  0.030 -0.001 -0.006  0.001 0.040 0.028   80.052
G112-43     NiI 5081.120 3.850  0.220  31.8  1.5  5.121  0.028  0.000 -0.007  0.000 0.040 0.028  105.988
G112-43     NiI 5084.100 3.680 -0.040  20.7  1.0  4.934  0.029  0.000 -0.003  0.001 0.036 0.028   63.665
G112-43     NiI 5099.940 3.680 -0.180  17.0  0.8  5.036  0.029  0.000 -0.003  0.001 0.034 0.028   68.957
G112-43     NiI 5115.400 3.830 -0.140  14.2  0.7  5.004  0.028  0.000 -0.002  0.001 0.031 0.028   79.930
G112-43     NiI 5155.130 3.900 -0.630   4.2  0.4  4.971  0.027  0.001 -0.001  0.001 0.059 0.028   30.045
G112-43     NiI 5155.770 3.900 -0.110  13.5  0.7  5.030  0.027  0.000 -0.002  0.001 0.039 0.028   72.776
G112-43     NiI 5176.560 3.900 -0.460   5.6  0.4  4.980  0.027  0.000 -0.001  0.001 0.046 0.028   51.124
G112-43     NiI 6175.370 4.090 -0.510   4.1  0.4  5.047  0.025  0.000 -0.001  0.001 0.067 0.028   43.494
G112-43     NiI 6176.820 4.090 -0.310   6.6  0.5  4.997  0.025  0.001 -0.001  0.001 0.055 0.028   55.550
G112-43     ZnI 4722.160 4.030 -0.390  28.1  1.3  3.634  0.024  0.003 -0.006  0.001 0.038 0.000  423.068
G112-43     ZnI 4810.540 4.080 -0.170  33.6  1.6  3.602  0.025  0.003 -0.008  0.001 0.044 0.000  329.069
G112-43     YII 4883.690 1.080  0.070  16.8  0.8  0.810  0.020  0.011 -0.004  0.002 0.037 0.000  374.857
G112-43     YII 5087.430 1.080 -0.170  10.7  0.6  0.830  0.018  0.013 -0.002  0.001 0.038 0.000  350.771
G112-43    BaII 4934.100 0.000 -1.151 110.7  5.1  0.643  0.026  0.008 -0.014  0.008 0.126 0.000   35.807
G112-43    BaII 5853.700 0.604 -2.463  17.1  0.8  0.611  0.027  0.011 -0.004  0.001 0.037 0.000  364.448
G112-43    BaII 6496.896 0.604 -1.623  45.1  2.1  0.539  0.029  0.011 -0.017  0.001 0.066 0.000  128.212
HD59392     NaI 5682.633 2.102 -0.706   4.2  0.3  0.163  0.000  0.000  0.000  0.000   nan 0.000 1040.583
HD59392     NaI 5688.227 2.100 -1.453   8.0  0.4  0.163  0.000  0.000  0.000  0.000   nan 0.000 1890.359
HD59392     NaI 5889.959 0.000 -0.193 183.2  8.5  0.163  0.000  0.000  0.000  0.000   nan 0.000  216.263
HD59392     NaI 5895.910 0.000 -0.575 168.2  7.7  0.163  0.000  0.000  0.000  0.000   nan 0.000  192.901
HD59392     MgI 4167.271 4.346 -0.746  80.6  3.7  0.144  0.000  0.000  0.000  0.000   nan 0.078  124.705
HD59392     MgI 4730.040 4.340 -2.379   4.4  0.2  0.144  0.000  0.000  0.000  0.000   nan 0.078  153.282
HD59392     MgI 5167.321 2.709 -0.854 172.3  7.9  0.144  0.000  0.000  0.000  0.000   nan 0.078  103.275
HD59392     MgI 5172.684 2.712 -0.363 260.3 12.0  0.144  0.000  0.000  0.000  0.000   nan 0.078  117.870
HD59392     MgI 5183.604 2.717 -0.168 325.1 15.0  0.144  0.000  0.000  0.000  0.000   nan 0.078  121.967
HD59392     MgI 5528.405 4.346 -0.547  91.1  4.2  0.144  0.000  0.000  0.000  0.000   nan 0.078  115.155
HD59392     MgI 5711.100 4.340 -1.842  17.7  0.8  0.144  0.000  0.000  0.000  0.000   nan 0.078  151.242
HD59392     SiI 5690.430 4.930 -1.880   3.5  0.2  0.070  0.000  0.000  0.000  0.000   nan 0.031  606.938
HD59392     SiI 6142.490 5.620 -1.520   2.6  0.3  0.070  0.000  0.000  0.000  0.000   nan 0.031  279.907
HD59392     SiI 6145.020 5.610 -1.460   1.9  0.2  0.070  0.000  0.000  0.000  0.000   nan 0.031  314.405
HD59392     SiI 6155.140 5.620 -0.890   8.3  0.4  0.070  0.000  0.000  0.000  0.000   nan 0.031  666.393
HD59392     SiI 6237.330 5.610 -1.150   4.6  0.3  0.070  0.000  0.000  0.000  0.000   nan 0.031  551.689
HD59392     SiI 6243.820 5.610 -1.330   3.0  0.3  0.070  0.000  0.000  0.000  0.000   nan 0.031  323.875
HD59392     SiI 6244.480 5.610 -1.360   2.5  0.2  0.070  0.000  0.000  0.000  0.000   nan 0.031  455.246
HD59392     SiI 6414.990 5.870 -1.080   2.8  0.2  0.070  0.000  0.000  0.000  0.000   nan 0.031  501.099
HD59392     CaI 4226.728 0.000  0.244 285.7 13.2  0.173  0.000  0.000  0.000  0.000   nan 0.113   67.848
HD59392     CaI 4283.011 1.886 -0.224  71.5  3.3  0.173  0.000  0.000  0.000  0.000   nan 0.113   60.847
HD59392     CaI 4289.367 1.879 -0.300  63.4  2.9  0.173  0.000  0.000  0.000  0.000   nan 0.113   64.422
HD59392     CaI 4318.652 1.899 -0.210  66.9  3.1  0.173  0.000  0.000  0.000  0.000   nan 0.113   62.198
HD59392     CaI 4425.437 1.879 -0.358  64.2  3.0  0.173  0.000  0.000  0.000  0.000   nan 0.113   63.981
HD59392     CaI 4454.779 1.899  0.258 100.5  4.6  0.173  0.000  0.000  0.000  0.000   nan 0.113   58.130
HD59392     CaI 4455.887 1.899 -0.530  52.4  2.4  0.173  0.000  0.000  0.000  0.000   nan 0.113   68.668
HD59392     CaI 5265.556 2.523 -0.260  39.5  1.8  0.173  0.000  0.000  0.000  0.000   nan 0.113   71.379
HD59392     CaI 5512.990 2.930 -0.300  14.4  0.7  0.173  0.000  0.000  0.000  0.000   nan 0.113   74.970
HD59392     CaI 5581.980 2.520 -0.710  24.5  1.1  0.173  0.000  0.000  0.000  0.000   nan 0.113   74.086
HD59392     CaI 5588.749 2.526  0.210  67.7  3.1  0.173  0.000  0.000  0.000  0.000   nan 0.113   60.847
HD59392     CaI 5590.130 2.520 -0.710  23.2  1.1  0.173  0.000  0.000  0.000  0.000   nan 0.113   74.086
HD59392     CaI 5594.462 2.523 -0.050  51.7  2.4  0.173  0.000  0.000  0.000  0.000   nan 0.113   67.432
HD59392     CaI 5857.451 2.933  0.230  43.1  2.0  0.173  0.000  0.000  0.000  0.000   nan 0.113   71.379
HD59392     CaI 6102.723 1.879 -0.793  45.3  2.1  0.173  0.000  0.000  0.000  0.000   nan 0.113   70.633
HD59392     CaI 6122.217 1.886 -0.315  75.1  3.4  0.173  0.000  0.000  0.000  0.000   nan 0.113   63.537
HD59392     CaI 6161.290 2.520 -1.030   7.7  0.4  0.173  0.000  0.000  0.000  0.000   nan 0.113   75.246
HD59392     CaI 6162.173 1.899 -0.089  90.3  4.1  0.173  0.000  0.000  0.000  0.000   nan 0.113   60.847
HD59392     CaI 6166.440 2.520 -0.900   8.8  0.5  0.173  0.000  0.000  0.000  0.000   nan 0.113   74.390
HD59392     CaI 6169.040 2.520 -0.540  18.0  0.9  0.173  0.000  0.000  0.000  0.000   nan 0.113   74.390
HD59392     CaI 6169.560 2.520 -0.270  30.2  1.5  0.173  0.000  0.000  0.000  0.000   nan 0.113   72.792
HD59392     CaI 6439.075 2.526  0.470  74.7  3.4  0.173  0.000  0.000  0.000  0.000   nan 0.113   59.036
HD59392     CaI 6493.781 2.521  0.140  46.1  2.1  0.173  0.000  0.000  0.000  0.000   nan 0.113   69.470
HD59392     TiI 4820.410 1.500 -0.380   3.5  0.2  0.121  0.000  0.000  0.000  0.000   nan 0.074  164.362
HD59392     TiI 4913.620 1.870  0.220   4.7  0.3  0.121  0.000  0.000  0.000  0.000   nan 0.074  160.022
HD59392     TiI 4981.731 0.848  0.570  45.9  2.1  0.121  0.000  0.000  0.000  0.000   nan 0.074  139.429
HD59392     TiI 4991.065 0.836  0.450  41.6  1.9  0.121  0.000  0.000  0.000  0.000   nan 0.074  145.940
HD59392     TiI 4999.510 0.830  0.320  37.0  1.7  0.121  0.000  0.000  0.000  0.000   nan 0.074  150.758
HD59392     TiI 5016.170 0.850 -0.480   7.7  0.4  0.121  0.000  0.000  0.000  0.000   nan 0.074  165.751
HD59392     TiI 5022.870 0.830 -0.330  10.8  0.5  0.121  0.000  0.000  0.000  0.000   nan 0.074  168.432
HD59392     TiI 5024.850 0.820 -0.530   9.4  0.5  0.121  0.000  0.000  0.000  0.000   nan 0.074  164.362
HD59392     TiI 5039.960 0.020 -1.080  13.6  0.6  0.121  0.000  0.000  0.000  0.000   nan 0.074  168.432
HD59392     TiI 5147.480 0.000 -1.940   1.6  0.2  0.121  0.000  0.000  0.000  0.000   nan 0.074  117.039
HD59392     TiI 5192.980 0.020 -0.950  16.8  0.8  0.121  0.000  0.000  0.000  0.000   nan 0.074  164.362
HD59392     TiI 5210.390 0.050 -0.820  19.8  1.0  0.121  0.000  0.000  0.000  0.000   nan 0.074  161.495
HD59392     TiI 5866.420 1.070 -0.790   4.6  0.3  0.121  0.000  0.000  0.000  0.000   nan 0.074  158.526
HD59392     TiI 6258.110 1.440 -0.390   4.7  0.3  0.121  0.000  0.000  0.000  0.000   nan 0.074  160.022
HD59392     TiI 6258.710 1.460 -0.280   5.9  0.3  0.121  0.000  0.000  0.000  0.000   nan 0.074  167.109
HD59392     TiI 6261.110 1.430 -0.530   3.0  0.2  0.121  0.000  0.000  0.000  0.000   nan 0.074  158.526
HD59392    TiII 4025.129 0.607 -2.110  52.6  2.5 -0.023  0.000  0.000  0.000  0.000   nan 0.075  114.879
HD59392    TiII 4028.338 1.892 -0.920  46.7  2.2 -0.023  0.000  0.000  0.000  0.000   nan 0.075  128.571
HD59392    TiII 4053.821 1.893 -1.070  34.0  1.6 -0.023  0.000  0.000  0.000  0.000   nan 0.075  148.703
HD59392    TiII 4300.042 1.180 -0.460  92.3  4.2 -0.023  0.000  0.000  0.000  0.000   nan 0.075   65.907
HD59392    TiII 4301.922 1.161 -1.210  79.2  3.7 -0.023  0.000  0.000  0.000  0.000   nan 0.075   72.203
HD59392    TiII 4320.950 1.165 -1.880  39.2  1.9 -0.023  0.000  0.000  0.000  0.000   nan 0.075  142.596
HD59392    TiII 4394.059 1.221 -1.770  42.6  1.9 -0.023  0.000  0.000  0.000  0.000   nan 0.075  139.493
HD59392    TiII 4395.031 1.084 -0.540 100.6  4.7 -0.023  0.000  0.000  0.000  0.000   nan 0.075   65.907
HD59392    TiII 4399.765 1.237 -1.200  72.9  3.4 -0.023  0.000  0.000  0.000  0.000   nan 0.075   80.271
HD59392    TiII 4443.801 1.080 -0.710  94.0  4.4 -0.023  0.000  0.000  0.000  0.000   nan 0.075   65.063
HD59392    TiII 4450.482 1.084 -1.520  60.8  2.8 -0.023  0.000  0.000  0.000  0.000   nan 0.075  106.238
HD59392    TiII 4468.507 1.131 -0.630  96.0  4.4 -0.023  0.000  0.000  0.000  0.000   nan 0.075   67.637
HD59392    TiII 5129.156 1.892 -1.340  29.1  1.4 -0.023  0.000  0.000  0.000  0.000   nan 0.075  153.144
HD59392    TiII 5336.789 1.582 -1.600  32.1  1.5 -0.023  0.000  0.000  0.000  0.000   nan 0.075  151.680
HD59392     CrI 4254.336 0.000 -0.090  95.3  4.4  0.278  0.000  0.000  0.000  0.000   nan 0.053   84.511
HD59392     CrI 5206.037 0.941  0.019  71.7  3.3  0.278  0.000  0.000  0.000  0.000   nan 0.053  122.899
HD59392     CrI 5296.700 0.980 -1.360  10.4  0.5  0.278  0.000  0.000  0.000  0.000   nan 0.053  295.528
HD59392     CrI 5300.750 0.980 -2.000   1.9  0.1  0.278  0.000  0.000  0.000  0.000   nan 0.053  295.528
HD59392     CrI 5345.810 1.000 -0.950  21.9  1.0  0.278  0.000  0.000  0.000  0.000   nan 0.053  282.743
HD59392     CrI 5348.330 1.000 -1.210  12.3  0.6  0.278  0.000  0.000  0.000  0.000   nan 0.053  291.310
HD59392     MnI 4030.730 0.000 -1.060  93.1  4.4  0.163  0.000  0.000  0.000  0.000   nan 0.136   35.697
HD59392     MnI 4033.044 0.000 -1.230  83.7  3.9  0.163  0.000  0.000  0.000  0.000   nan 0.136   37.952
HD59392     MnI 4034.469 0.000 -1.360  73.2  3.4  0.163  0.000  0.000  0.000  0.000   nan 0.136   40.760
HD59392     MnI 4041.323 2.114  0.280  28.5  1.3  0.163  0.000  0.000  0.000  0.000   nan 0.136   50.946
HD59392     MnI 4783.415 2.298 -1.560  16.5  0.8  0.163  0.000  0.000  0.000  0.000   nan 0.136   52.003
HD59392     MnI 4823.515 2.319 -2.980  18.7  0.9  0.163  0.000  0.000  0.000  0.000   nan 0.136   51.865
HD59392     MnI 6013.478 3.072 -0.870   3.5  0.2  0.163  0.000  0.000  0.000  0.000   nan 0.136   52.003
HD59392     MnI 6021.804 3.075 -2.760   3.0  0.2  0.163  0.000  0.000  0.000  0.000   nan 0.136   51.270
HD59392     FeI 4005.242 1.557 -0.610 117.9  5.4  0.161  0.000  0.000  0.000  0.000   nan 0.092   69.945
HD59392     FeI 4021.867 2.758 -0.729  52.0  2.4  0.161  0.000  0.000  0.000  0.000   nan 0.092   85.786
HD59392     FeI 4045.812 1.485  0.280 198.9  9.1  0.161  0.000  0.000  0.000  0.000   nan 0.092   90.736
HD59392     FeI 4063.594 1.557  0.062 163.4  7.5  0.161  0.000  0.000  0.000  0.000   nan 0.092   84.140
HD59392     FeI 4071.738 1.608 -0.022 145.8  6.7  0.161  0.000  0.000  0.000  0.000   nan 0.092   80.065
HD59392     FeI 4118.545 3.573  0.270  54.0  2.5  0.161  0.000  0.000  0.000  0.000   nan 0.092   84.140
HD59392     FeI 4134.678 2.831 -0.649  52.2  2.4  0.161  0.000  0.000  0.000  0.000   nan 0.092   87.436
HD59392     FeI 4143.415 3.047 -0.210  64.6  3.0  0.161  0.000  0.000  0.000  0.000   nan 0.092   78.456
HD59392     FeI 4143.868 1.557 -0.511 115.0  5.3  0.161  0.000  0.000  0.000  0.000   nan 0.092   67.742
HD59392     FeI 4147.669 1.485 -2.104  47.4  2.1  0.161  0.000  0.000  0.000  0.000   nan 0.092   94.823
HD59392     FeI 4154.499 2.831 -0.688  55.3  2.6  0.161  0.000  0.000  0.000  0.000   nan 0.092   86.611
HD59392     FeI 4154.806 3.368 -0.400  42.8  1.9  0.161  0.000  0.000  0.000  0.000   nan 0.092  100.352
HD59392     FeI 4156.799 2.831 -0.809  49.6  2.3  0.161  0.000  0.000  0.000  0.000   nan 0.092   89.912
HD59392     FeI 4175.636 2.845 -0.827  47.6  2.2  0.161  0.000  0.000  0.000  0.000   nan 0.092   92.379
HD59392     FeI 4181.755 2.831 -0.371  64.8  3.0  0.161  0.000  0.000  0.000  0.000   nan 0.092   72.203
HD59392     FeI 4187.039 2.449 -0.560  71.9  3.4  0.161  0.000  0.000  0.000  0.000   nan 0.092   75.290
HD59392     FeI 4187.795 2.425 -0.554  80.7  3.7  0.161  0.000  0.000  0.000  0.000   nan 0.092   72.966
HD59392     FeI 4191.431 2.469 -0.666  70.0  3.3  0.161  0.000  0.000  0.000  0.000   nan 0.092   76.075
HD59392     FeI 4199.095 3.047  0.170  77.1  3.5  0.161  0.000  0.000  0.000  0.000   nan 0.092   62.151
HD59392     FeI 4202.029 1.485 -0.708 105.2  4.8  0.161  0.000  0.000  0.000  0.000   nan 0.092   62.826
HD59392     FeI 4216.184 0.000 -3.356  59.0  2.7  0.161  0.000  0.000  0.000  0.000   nan 0.092   77.658
HD59392     FeI 4222.213 2.449 -0.967  57.1  2.6  0.161  0.000  0.000  0.000  0.000   nan 0.092   88.262
HD59392     FeI 4233.603 2.482 -0.600  72.5  3.4  0.161  0.000  0.000  0.000  0.000   nan 0.092   75.290
HD59392     FeI 4238.810 3.396 -0.233  44.6  2.1  0.161  0.000  0.000  0.000  0.000   nan 0.092   98.021
HD59392     FeI 4250.119 2.469 -0.405  82.6  3.8  0.161  0.000  0.000  0.000  0.000   nan 0.092   72.203
HD59392     FeI 4250.787 1.557 -0.714  97.3  4.5  0.161  0.000  0.000  0.000  0.000   nan 0.092   59.517
HD59392     FeI 4260.474 2.399  0.077 115.1  5.3  0.161  0.000  0.000  0.000  0.000   nan 0.092   76.864
HD59392     FeI 4271.154 2.449 -0.349  91.4  4.2  0.161  0.000  0.000  0.000  0.000   nan 0.092   72.203
HD59392     FeI 4271.761 1.485 -0.164 149.2  6.8  0.161  0.000  0.000  0.000  0.000   nan 0.092   80.065
HD59392     FeI 4282.403 2.176 -0.779  74.0  3.4  0.161  0.000  0.000  0.000  0.000   nan 0.092   59.517
HD59392     FeI 4375.930 0.000 -3.031  71.8  3.3  0.161  0.000  0.000  0.000  0.000   nan 0.092   62.151
HD59392     FeI 4383.545 1.485  0.200 197.9  9.2  0.161  0.000  0.000  0.000  0.000   nan 0.092   88.262
HD59392     FeI 4404.750 1.557 -0.142 150.9  7.0  0.161  0.000  0.000  0.000  0.000   nan 0.092   80.065
HD59392     FeI 4427.310 0.052 -3.044  74.9  3.4  0.161  0.000  0.000  0.000  0.000   nan 0.092   61.482
HD59392     FeI 4442.339 2.198 -1.255  63.3  2.9  0.161  0.000  0.000  0.000  0.000   nan 0.092   80.065
HD59392     FeI 4461.653 0.087 -3.210  62.5  2.9  0.161  0.000  0.000  0.000  0.000   nan 0.092   73.736
HD59392     FeI 4466.552 2.831 -0.600  57.9  2.6  0.161  0.000  0.000  0.000  0.000   nan 0.092   80.874
HD59392     FeI 4494.563 2.198 -1.140  63.2  2.9  0.161  0.000  0.000  0.000  0.000   nan 0.092   80.065
HD59392     FeI 4788.757 3.236 -1.763   6.3  0.4  0.161  0.000  0.000  0.000  0.000   nan 0.092  106.147
HD59392     FeI 4800.649 4.143 -1.029   3.4  0.2  0.161  0.000  0.000  0.000  0.000   nan 0.092  108.109
HD59392     FeI 4871.318 2.865 -0.340  65.6  3.0  0.161  0.000  0.000  0.000  0.000   nan 0.092   84.140
HD59392     FeI 4872.138 2.882 -0.567  57.2  2.7  0.161  0.000  0.000  0.000  0.000   nan 0.092   89.087
HD59392     FeI 4890.755 2.875 -0.380  67.7  3.1  0.161  0.000  0.000  0.000  0.000   nan 0.092   82.502
HD59392     FeI 4891.492 2.851 -0.112  82.7  3.9  0.161  0.000  0.000  0.000  0.000   nan 0.092   74.511
HD59392     FeI 4918.994 2.865 -0.342  71.4  3.3  0.161  0.000  0.000  0.000  0.000   nan 0.092   80.065
HD59392     FeI 4920.503 2.832  0.068  94.6  4.4  0.161  0.000  0.000  0.000  0.000   nan 0.092   74.511
HD59392     FeI 4924.769 2.279 -2.114  14.4  0.6  0.161  0.000  0.000  0.000  0.000   nan 0.092  111.050
HD59392     FeI 4939.686 0.859 -3.340  22.2  1.0  0.161  0.000  0.000  0.000  0.000   nan 0.092  108.732
HD59392     FeI 4950.106 3.417 -1.500   6.0  0.4  0.161  0.000  0.000  0.000  0.000   nan 0.092  104.768
HD59392     FeI 4957.299 2.851 -0.408  65.5  3.0  0.161  0.000  0.000  0.000  0.000   nan 0.092   83.320
HD59392     FeI 4962.572 4.178 -1.182   3.3  0.2  0.161  0.000  0.000  0.000  0.000   nan 0.092  108.109
HD59392     FeI 4973.102 3.960 -0.690  11.2  0.5  0.161  0.000  0.000  0.000  0.000   nan 0.092  111.050
HD59392     FeI 5044.211 2.851 -2.017   7.0  0.3  0.161  0.000  0.000  0.000  0.000   nan 0.092  111.583
HD59392     FeI 5049.819 2.279 -1.355  49.9  2.3  0.161  0.000  0.000  0.000  0.000   nan 0.092   92.379
HD59392     FeI 5054.642 3.640 -1.921   0.9  0.2  0.161  0.000  0.000  0.000  0.000   nan 0.092   55.173
HD59392     FeI 5074.750 4.220 -0.230  27.2  1.3  0.161  0.000  0.000  0.000  0.000   nan 0.092  106.147
HD59392     FeI 5090.780 4.260 -0.490  11.1  0.6  0.161  0.000  0.000  0.000  0.000   nan 0.092  108.109
HD59392     FeI 5127.359 0.915 -3.307  22.5  1.1  0.161  0.000  0.000  0.000  0.000   nan 0.092  106.816
HD59392     FeI 5131.468 2.222 -2.515   9.6  0.5  0.161  0.000  0.000  0.000  0.000   nan 0.092  109.338
HD59392     FeI 5133.689 4.178  0.360  40.9  1.9  0.161  0.000  0.000  0.000  0.000   nan 0.092  101.113
HD59392     FeI 5139.252 2.998 -0.730  40.7  1.8  0.161  0.000  0.000  0.000  0.000   nan 0.092  102.607
HD59392     FeI 5139.463 2.940 -0.509  65.2  3.0  0.161  0.000  0.000  0.000  0.000   nan 0.092   84.140
HD59392     FeI 5141.739 2.424 -2.238  10.1  0.5  0.161  0.000  0.000  0.000  0.000   nan 0.092  109.338
HD59392     FeI 5145.093 2.198 -2.876   2.4  0.2  0.161  0.000  0.000  0.000  0.000   nan 0.092  101.113
HD59392     FeI 5171.596 1.485 -1.793  71.1  3.3  0.161  0.000  0.000  0.000  0.000   nan 0.092   69.205
HD59392     FeI 5187.914 4.143 -1.371   2.3  0.2  0.161  0.000  0.000  0.000  0.000   nan 0.092   99.583
HD59392     FeI 5191.455 3.038 -0.551  49.4  2.3  0.161  0.000  0.000  0.000  0.000   nan 0.092   95.630
HD59392     FeI 5194.942 1.557 -2.090  50.4  2.4  0.161  0.000  0.000  0.000  0.000   nan 0.092   90.736
HD59392     FeI 5198.711 2.222 -2.135  19.1  0.9  0.161  0.000  0.000  0.000  0.000   nan 0.092  108.732
HD59392     FeI 5216.274 1.608 -2.150  45.8  2.2  0.161  0.000  0.000  0.000  0.000   nan 0.092   94.012
HD59392     FeI 5225.526 0.110 -4.789   5.3  0.3  0.161  0.000  0.000  0.000  0.000   nan 0.092  108.109
HD59392     FeI 5226.862 3.038 -0.550  49.0  2.3  0.161  0.000  0.000  0.000  0.000   nan 0.092   95.630
HD59392     FeI 5227.189 1.557 -1.228  95.0  4.4  0.161  0.000  0.000  0.000  0.000   nan 0.092   60.165
HD59392     FeI 5232.940 2.940 -0.057  83.8  3.9  0.161  0.000  0.000  0.000  0.000   nan 0.092   76.075
HD59392     FeI 5242.491 3.634 -0.830  13.0  0.6  0.161  0.000  0.000  0.000  0.000   nan 0.092  110.498
HD59392     FeI 5247.060 0.087 -4.946   4.4  0.3  0.161  0.000  0.000  0.000  0.000   nan 0.092  105.464
HD59392     FeI 5250.209 0.121 -4.938   3.9  0.2  0.161  0.000  0.000  0.000  0.000   nan 0.092  110.498
HD59392     FeI 5250.646 2.198 -2.181  22.5  1.1  0.161  0.000  0.000  0.000  0.000   nan 0.092  106.816
HD59392     FeI 5253.461 3.283 -1.580   6.2  0.3  0.161  0.000  0.000  0.000  0.000   nan 0.092  111.050
HD59392     FeI 5263.306 3.266 -0.870  25.0  1.2  0.161  0.000  0.000  0.000  0.000   nan 0.092  106.816
HD59392     FeI 5266.555 2.998 -0.385  62.0  2.9  0.161  0.000  0.000  0.000  0.000   nan 0.092   86.611
HD59392     FeI 5281.790 3.038 -0.834  37.2  1.8  0.161  0.000  0.000  0.000  0.000   nan 0.092  101.865
HD59392     FeI 5288.524 3.695 -1.490   3.0  0.2  0.161  0.000  0.000  0.000  0.000   nan 0.092  106.147
HD59392     FeI 5307.361 1.608 -2.987  11.8  0.5  0.161  0.000  0.000  0.000  0.000   nan 0.092  111.583
HD59392     FeI 5322.040 2.279 -2.803   3.2  0.2  0.161  0.000  0.000  0.000  0.000   nan 0.092  107.470
HD59392     FeI 5328.038 0.915 -1.466 107.3  4.9  0.161  0.000  0.000  0.000  0.000   nan 0.092   62.151
HD59392     FeI 5328.531 1.557 -1.850  62.8  2.9  0.161  0.000  0.000  0.000  0.000   nan 0.092   78.456
HD59392     FeI 5339.929 3.266 -0.630  38.2  1.8  0.161  0.000  0.000  0.000  0.000   nan 0.092  101.865
HD59392     FeI 5364.871 4.446  0.228  29.3  1.4  0.161  0.000  0.000  0.000  0.000   nan 0.092  105.464
HD59392     FeI 5365.399 3.573 -1.020   9.2  0.4  0.161  0.000  0.000  0.000  0.000   nan 0.092  111.583
HD59392     FeI 5367.466 4.415  0.443  35.1  1.6  0.161  0.000  0.000  0.000  0.000   nan 0.092  104.768
HD59392     FeI 5369.962 4.371  0.536  38.6  1.8  0.161  0.000  0.000  0.000  0.000   nan 0.092  102.607
HD59392     FeI 5373.708 4.473 -0.710   3.9  0.2  0.161  0.000  0.000  0.000  0.000   nan 0.092  110.498
HD59392     FeI 5379.574 3.695 -1.420   3.4  0.2  0.161  0.000  0.000  0.000  0.000   nan 0.092  108.109
HD59392     FeI 5383.369 4.312  0.645  46.5  2.2  0.161  0.000  0.000  0.000  0.000   nan 0.092   97.230
HD59392     FeI 5393.167 3.240 -0.715  34.1  1.6  0.161  0.000  0.000  0.000  0.000   nan 0.092  104.059
HD59392     FeI 5397.128 0.915 -1.993  86.6  4.0  0.161  0.000  0.000  0.000  0.000   nan 0.092   59.517
HD59392     FeI 5405.775 0.990 -1.844  89.0  4.1  0.161  0.000  0.000  0.000  0.000   nan 0.092   59.517
HD59392     FeI 5415.199 4.386  0.642  44.9  2.1  0.161  0.000  0.000  0.000  0.000   nan 0.092   99.583
HD59392     FeI 5429.697 0.958 -1.879  97.8  4.5  0.161  0.000  0.000  0.000  0.000   nan 0.092   59.517
HD59392     FeI 5434.524 1.011 -2.122  75.7  3.5  0.161  0.000  0.000  0.000  0.000   nan 0.092   65.596
HD59392     FeI 5473.900 4.154 -0.720   7.9  0.4  0.161  0.000  0.000  0.000  0.000   nan 0.092  109.927
HD59392     FeI 5497.516 1.011 -2.849  42.7  2.0  0.161  0.000  0.000  0.000  0.000   nan 0.092   97.230
HD59392     FeI 5501.465 0.958 -3.047  33.2  1.5  0.161  0.000  0.000  0.000  0.000   nan 0.092  104.768
HD59392     FeI 5506.779 0.990 -2.797  43.7  2.0  0.161  0.000  0.000  0.000  0.000   nan 0.092   97.230
HD59392     FeI 5567.391 2.609 -2.671   2.6  0.2  0.161  0.000  0.000  0.000  0.000   nan 0.092  103.339
HD59392     FeI 5569.618 3.417 -0.520  38.4  1.8  0.161  0.000  0.000  0.000  0.000   nan 0.092  101.865
HD59392     FeI 5572.842 3.396 -0.280  49.7  2.3  0.161  0.000  0.000  0.000  0.000   nan 0.092   96.433
HD59392     FeI 5586.756 3.368 -0.110  60.6  2.8  0.161  0.000  0.000  0.000  0.000   nan 0.092   89.087
HD59392     FeI 5686.530 4.549 -0.446   5.8  0.3  0.161  0.000  0.000  0.000  0.000   nan 0.092  109.927
HD59392     FeI 5701.544 2.560 -2.216  10.3  0.5  0.161  0.000  0.000  0.000  0.000   nan 0.092  109.927
HD59392     FeI 5717.833 4.284 -0.960   3.4  0.2  0.161  0.000  0.000  0.000  0.000   nan 0.092  108.109
HD59392     FeI 5856.088 4.294 -1.328   2.9  0.2  0.161  0.000  0.000  0.000  0.000   nan 0.092  105.464
HD59392     FeI 6003.020 3.880 -1.100   6.4  0.3  0.161  0.000  0.000  0.000  0.000   nan 0.092  111.050
HD59392     FeI 6027.050 4.076 -1.089   5.9  0.3  0.161  0.000  0.000  0.000  0.000   nan 0.092  109.927
HD59392     FeI 6151.615 2.223 -3.573   1.9  0.2  0.161  0.000  0.000  0.000  0.000   nan 0.092   94.012
HD59392     FeI 6165.360 4.143 -1.474   1.3  0.2  0.161  0.000  0.000  0.000  0.000   nan 0.092   76.075
HD59392     FeI 6173.335 2.222 -2.880   4.8  0.3  0.161  0.000  0.000  0.000  0.000   nan 0.092  106.816
HD59392     FeI 6180.204 2.728 -2.649   2.7  0.2  0.161  0.000  0.000  0.000  0.000   nan 0.092  104.059
HD59392     FeI 6200.313 2.609 -2.437   5.6  0.4  0.161  0.000  0.000  0.000  0.000   nan 0.092  104.059
HD59392     FeI 6213.430 2.223 -2.482   9.3  0.5  0.161  0.000  0.000  0.000  0.000   nan 0.092  108.732
HD59392     FeI 6219.281 2.198 -2.433  12.3  0.6  0.161  0.000  0.000  0.000  0.000   nan 0.092  109.338
HD59392     FeI 6230.723 2.559 -1.281  46.9  2.1  0.161  0.000  0.000  0.000  0.000   nan 0.092   97.230
HD59392     FeI 6246.318 3.603 -0.770  19.3  0.9  0.161  0.000  0.000  0.000  0.000   nan 0.092  109.338
HD59392     FeI 6252.555 2.404 -1.687  31.4  1.5  0.161  0.000  0.000  0.000  0.000   nan 0.092  104.059
HD59392     FeI 6265.134 2.176 -2.550   8.9  0.4  0.161  0.000  0.000  0.000  0.000   nan 0.092  111.050
HD59392     FeI 6335.330 2.200 -2.177  18.6  0.9  0.161  0.000  0.000  0.000  0.000   nan 0.092  108.109
HD59392     FeI 6336.824 3.686 -0.850  13.6  0.7  0.161  0.000  0.000  0.000  0.000   nan 0.092  108.732
HD59392     FeI 6355.029 2.845 -2.291   4.7  0.3  0.161  0.000  0.000  0.000  0.000   nan 0.092  106.816
HD59392     FeI 6358.690 0.859 -4.468   3.3  0.2  0.161  0.000  0.000  0.000  0.000   nan 0.092  108.109
HD59392     FeI 6393.601 2.433 -1.576  36.5  1.6  0.161  0.000  0.000  0.000  0.000   nan 0.092  104.059
HD59392     FeI 6411.649 3.654 -0.590  23.4  1.1  0.161  0.000  0.000  0.000  0.000   nan 0.092  107.470
HD59392     FeI 6421.350 2.279 -2.027  24.3  1.2  0.161  0.000  0.000  0.000  0.000   nan 0.092  106.147
HD59392     FeI 6430.846 2.176 -2.006  29.0  1.3  0.161  0.000  0.000  0.000  0.000   nan 0.092  106.147
HD59392    FeII 4178.862 2.583 -2.510  42.5  1.9  0.075  0.000  0.000  0.000  0.000   nan 0.062  179.391
HD59392    FeII 4233.172 2.583 -1.970  73.5  3.3  0.075  0.000  0.000  0.000  0.000   nan 0.062   94.927
HD59392    FeII 4923.927 2.891 -1.260  90.5  4.2  0.075  0.000  0.000  0.000  0.000   nan 0.062   85.241
HD59392    FeII 4993.350 2.810 -3.620   4.9  0.3  0.075  0.000  0.000  0.000  0.000   nan 0.062  214.988
HD59392    FeII 5018.440 2.891 -1.100  98.7  4.5  0.075  0.000  0.000  0.000  0.000   nan 0.062   87.878
HD59392    FeII 5132.670 2.810 -4.080   2.2  0.2  0.075  0.000  0.000  0.000  0.000   nan 0.062  182.102
HD59392    FeII 5197.577 3.230 -2.220  33.7  1.6  0.075  0.000  0.000  0.000  0.000   nan 0.062  201.352
HD59392    FeII 5234.630 3.220 -2.180  38.3  1.8  0.075  0.000  0.000  0.000  0.000   nan 0.062  190.316
HD59392    FeII 5264.810 3.230 -3.130   7.1  0.4  0.075  0.000  0.000  0.000  0.000   nan 0.062  220.292
HD59392    FeII 5284.110 2.890 -3.110  12.2  0.6  0.075  0.000  0.000  0.000  0.000   nan 0.062  225.458
HD59392    FeII 5325.560 3.220 -3.160   5.8  0.3  0.075  0.000  0.000  0.000  0.000   nan 0.062  227.976
HD59392    FeII 5414.080 3.220 -3.580   2.3  0.1  0.075  0.000  0.000  0.000  0.000   nan 0.062  237.506
HD59392    FeII 5425.260 3.200 -3.220   5.7  0.3  0.075  0.000  0.000  0.000  0.000   nan 0.062  225.458
HD59392    FeII 5534.850 3.240 -2.750  14.1  0.7  0.075  0.000  0.000  0.000  0.000   nan 0.062  222.895
HD59392    FeII 6084.100 3.200 -3.790   2.2  0.2  0.075  0.000  0.000  0.000  0.000   nan 0.062  182.102
HD59392    FeII 6149.250 3.890 -2.690   5.1  0.3  0.075  0.000  0.000  0.000  0.000   nan 0.062  220.292
HD59392    FeII 6238.390 3.890 -2.600   5.9  0.4  0.075  0.000  0.000  0.000  0.000   nan 0.062  206.850
HD59392    FeII 6247.560 3.890 -2.300  10.1  0.5  0.075  0.000  0.000  0.000  0.000   nan 0.062  225.458
HD59392    FeII 6416.930 3.890 -2.640   4.6  0.3  0.075  0.000  0.000  0.000  0.000   nan 0.062  209.581
HD59392    FeII 6432.680 2.890 -3.570   8.9  0.5  0.075  0.000  0.000  0.000  0.000   nan 0.062  217.655
HD59392     NiI 4806.990 3.680 -0.600   3.0  0.2  0.113  0.000  0.000  0.000  0.000   nan 0.133   53.506
HD59392     NiI 4829.030 3.540 -0.330   8.5  0.5  0.113  0.000  0.000  0.000  0.000   nan 0.133   53.840
HD59392     NiI 4831.180 3.610 -0.380   6.3  0.4  0.113  0.000  0.000  0.000  0.000   nan 0.133   53.506
HD59392     NiI 4904.420 3.540 -0.190  12.0  0.6  0.113  0.000  0.000  0.000  0.000   nan 0.133   54.155
HD59392     NiI 4913.980 3.740 -0.620   2.9  0.2  0.113  0.000  0.000  0.000  0.000   nan 0.133   53.332
HD59392     NiI 4935.830 3.940 -0.310   4.2  0.3  0.113  0.000  0.000  0.000  0.000   nan 0.133   52.970
HD59392     NiI 4937.350 3.610 -0.380   5.9  0.3  0.113  0.000  0.000  0.000  0.000   nan 0.133   54.450
HD59392     NiI 4953.210 3.740 -0.610   3.1  0.2  0.113  0.000  0.000  0.000  0.000   nan 0.133   53.675
HD59392     NiI 4998.230 3.610 -0.760   3.0  0.2  0.113  0.000  0.000  0.000  0.000   nan 0.133   53.506
HD59392     NiI 5010.940 3.630 -0.850   1.9  0.2  0.113  0.000  0.000  0.000  0.000   nan 0.133   50.004
HD59392     NiI 5035.370 3.630  0.120  18.2  0.8  0.113  0.000  0.000  0.000  0.000   nan 0.133   54.450
HD59392     NiI 5081.120 3.850  0.220  15.1  0.7  0.113  0.000  0.000  0.000  0.000   nan 0.133   54.450
HD59392     NiI 5082.350 3.660 -0.550   4.7  0.3  0.113  0.000  0.000  0.000  0.000   nan 0.133   53.506
HD59392     NiI 5084.100 3.680 -0.040  13.0  0.6  0.113  0.000  0.000  0.000  0.000   nan 0.133   54.590
HD59392     NiI 5099.940 3.680 -0.180   8.5  0.4  0.113  0.000  0.000  0.000  0.000   nan 0.133   54.590
HD59392     NiI 5102.970 1.680 -2.830   1.4  0.2  0.113  0.000  0.000  0.000  0.000   nan 0.133   45.959
HD59392     NiI 5115.400 3.830 -0.140   7.4  0.3  0.113  0.000  0.000  0.000  0.000   nan 0.133   55.095
HD59392     NiI 5155.130 3.900 -0.630   2.2  0.2  0.113  0.000  0.000  0.000  0.000   nan 0.133   51.574
HD59392     NiI 5155.770 3.900 -0.110   6.6  0.4  0.113  0.000  0.000  0.000  0.000   nan 0.133   53.675
HD59392     NiI 5176.560 3.900 -0.460   2.9  0.2  0.113  0.000  0.000  0.000  0.000   nan 0.133   53.332
HD59392     NiI 5578.730 1.680 -2.740   2.3  0.2  0.113  0.000  0.000  0.000  0.000   nan 0.133   51.785
HD59392     NiI 5587.870 1.930 -2.410   2.1  0.1  0.113  0.000  0.000  0.000  0.000   nan 0.133   54.853
HD59392     NiI 5682.210 4.100 -0.430   9.5  0.5  0.113  0.000  0.000  0.000  0.000   nan 0.133   54.305
HD59392     NiI 6108.130 1.680 -2.610   2.8  0.2  0.113  0.000  0.000  0.000  0.000   nan 0.133   53.153
HD59392     NiI 6175.370 4.090 -0.510   1.8  0.2  0.113  0.000  0.000  0.000  0.000   nan 0.133   49.528
HD59392     NiI 6176.820 4.090 -0.310   3.3  0.3  0.113  0.000  0.000  0.000  0.000   nan 0.133   51.360
HD59392     ZnI 4722.160 4.030 -0.390  12.9  0.6  0.124  0.000  0.000  0.000  0.000   nan 0.000 1736.111
HD59392     ZnI 4810.540 4.080 -0.170  17.3  0.8  0.124  0.000  0.000  0.000  0.000   nan 0.000 1479.290
HD59392     YII 4883.690 1.080  0.070  18.8  0.9  0.067  0.000  0.000  0.000  0.000   nan 0.000 1371.742
HD59392     YII 5087.430 1.080 -0.170  11.7  0.6  0.067  0.000  0.000  0.000  0.000   nan 0.000 1479.290
HD59392    BaII 4934.100 0.000 -1.151 111.2  5.2 -0.197  0.000  0.000  0.000  0.000   nan 0.076   63.274
HD59392    BaII 5853.700 0.604 -2.463  18.5  0.9 -0.197  0.000  0.000  0.000  0.000   nan 0.076  153.062
HD59392    BaII 6141.700 0.704 -2.855  59.2  2.7 -0.197  0.000  0.000  0.000  0.000   nan 0.076  109.072
HD59392    BaII 6496.896 0.604 -1.623  50.6  2.4 -0.197  0.000  0.000  0.000  0.000   nan 0.076  121.873
