Name,Species,Ion,l_logepsX,logepsX,e_[X/Fe],e_[X/H]
2MJ0213-0005,11.0,Na I,,4.3,,
2MJ0213-0005,12.0,Mg I,,5.95,0.0,
2MJ0213-0005,14.0,Si I,,6.3,0.0,
2MJ0213-0005,19.0,K I,,3.79,0.02,
2MJ0213-0005,20.0,Ca I,,4.69,0.0,
2MJ0213-0005,21.1,Sc II,,1.43,0.1,
2MJ0213-0005,22.0,Ti I,,3.64,0.01,
2MJ0213-0005,22.1,Ti II,,3.44,0.06,
2MJ0213-0005,24.0,Cr I,,4.02,0.03,
2MJ0213-0005,26.0,Fe I,,5.62,,0.02
2MJ0213-0005,26.1,Fe II,,5.57,,0.08
2MJ0213-0005,27.0,Co I,,3.5,0.02,
2MJ0213-0005,28.0,Ni I,,4.53,0.0,
2MJ0213-0005,38.1,Sr II,,0.45,0.08,
2MJ0213-0005,56.1,Ba II,,0.35,0.07,
2MJ0213-0005,63.1,Eu II,<,-1.2,0.06,
2MJ0213-0005,106.0,C-H,,6.17,0.02,
2MJ1144-1128,12.0,Mg I,,5.52,0.0,
2MJ1144-1128,19.0,K I,,2.99,0.03,
2MJ1144-1128,20.0,Ca I,,4.21,0.0,
2MJ1144-1128,21.1,Sc II,,0.64,0.1,
2MJ1144-1128,22.0,Ti I,,2.81,0.01,
2MJ1144-1128,22.1,Ti II,,2.8,0.03,
2MJ1144-1128,23.0,V I,,2.42,0.01,
2MJ1144-1128,24.0,Cr I,,3.36,0.01,
2MJ1144-1128,25.0,Mn I,,2.42,0.82,
2MJ1144-1128,26.0,Fe I,,5.08,,0.01
2MJ1144-1128,26.1,Fe II,,5.05,,0.02
2MJ1144-1128,27.0,Co I,,2.51,0.04,
2MJ1144-1128,28.0,Ni I,,3.74,0.0,
2MJ1144-1128,30.0,Zn I,,2.19,0.02,
2MJ1144-1128,38.1,Sr II,,0.48,0.02,
2MJ1144-1128,56.1,Ba II,,-0.53,0.1,
2MJ1144-1128,63.1,Eu II,,-1.55,0.07,
2MJ1144-1128,106.0,C-H,,5.67,0.01,
2MJ1209-1415,12.0,Mg I,,5.85,0.0,
2MJ1209-1415,14.0,Si I,,5.71,0.0,
2MJ1209-1415,19.0,K I,,3.4,0.1,
2MJ1209-1415,20.0,Ca I,,4.58,0.03,
2MJ1209-1415,21.1,Sc II,,1.04,0.1,
2MJ1209-1415,22.0,Ti I,,3.04,0.0,
2MJ1209-1415,22.1,Ti II,,3.09,0.02,
2MJ1209-1415,23.0,V I,,2.69,0.01,
2MJ1209-1415,24.0,Cr I,,3.64,0.0,
2MJ1209-1415,25.0,Mn I,,2.93,0.14,
2MJ1209-1415,26.0,Fe I,,5.39,,0.01
2MJ1209-1415,26.1,Fe II,,5.4,,0.02
2MJ1209-1415,27.0,Co I,,2.81,0.09,
2MJ1209-1415,28.0,Ni I,,4.04,0.03,
2MJ1209-1415,29.0,Cu I,,1.03,0.01,
2MJ1209-1415,30.0,Zn I,,2.44,0.01,
2MJ1209-1415,38.1,Sr II,,0.75,0.02,
2MJ1209-1415,39.1,Y II,,-0.19,0.1,
2MJ1209-1415,40.1,Zr II,,0.76,0.07,
2MJ1209-1415,56.1,Ba II,,0.18,0.15,
2MJ1209-1415,57.1,La II,,-0.7,0.02,
2MJ1209-1415,58.1,Ce II,,-0.42,0.07,
2MJ1209-1415,60.1,Nd II,,-0.36,0.06,
2MJ1209-1415,63.1,Eu II,,-0.78,0.2,
2MJ1209-1415,66.1,Dy II,,-0.37,0.02,
2MJ1209-1415,76.0,Os I,,0.09,0.0,
2MJ1209-1415,106.0,C-H,,6.52,0.01,
2MJ1307-0931,11.0,Na I,,4.16,0.06,
2MJ1307-0931,12.0,Mg I,,6.02,0.0,
2MJ1307-0931,14.0,Si I,,5.89,0.05,
2MJ1307-0931,19.0,K I,,3.59,0.1,
2MJ1307-0931,20.0,Ca I,,4.67,0.03,
2MJ1307-0931,21.1,Sc II,,1.18,0.1,
2MJ1307-0931,22.0,Ti I,,3.23,0.01,
2MJ1307-0931,22.1,Ti II,,3.16,0.02,
2MJ1307-0931,23.0,V I,,2.62,0.01,
2MJ1307-0931,24.0,Cr I,,3.8,0.01,
2MJ1307-0931,25.0,Mn I,,3.03,0.54,
2MJ1307-0931,26.0,Fe I,,5.52,,0.02
2MJ1307-0931,26.1,Fe II,,5.5,,0.03
2MJ1307-0931,27.0,Co I,,2.9,0.05,
2MJ1307-0931,28.0,Ni I,,4.17,0.04,
2MJ1307-0931,29.0,Cu I,,1.26,0.06,
2MJ1307-0931,30.0,Zn I,,2.62,0.01,
2MJ1307-0931,38.1,Sr II,,0.91,0.03,
2MJ1307-0931,39.1,Y II,,-0.15,0.05,
2MJ1307-0931,40.1,Zr II,,0.67,0.07,
2MJ1307-0931,56.1,Ba II,,-0.18,0.16,
2MJ1307-0931,57.1,La II,,-0.96,0.02,
2MJ1307-0931,58.1,Ce II,,-0.33,0.11,
2MJ1307-0931,59.1,Pr II,,-0.79,0.14,
2MJ1307-0931,60.1,Nd II,,-0.74,0.11,
2MJ1307-0931,63.1,Eu II,,-1.36,0.2,
2MJ1307-0931,66.1,Dy II,,-0.54,0.1,
2MJ1307-0931,106.0,C-H,,6.83,0.02,
2MJ1325-1747,12.0,Mg I,,5.7,0.0,
2MJ1325-1747,14.0,Si I,,5.8,0.0,
2MJ1325-1747,19.0,K I,,3.18,0.1,
2MJ1325-1747,20.0,Ca I,,4.32,0.04,
2MJ1325-1747,21.1,Sc II,,0.88,0.1,
2MJ1325-1747,22.0,Ti I,,2.85,0.01,
2MJ1325-1747,22.1,Ti II,,2.83,0.02,
2MJ1325-1747,23.0,V I,,2.34,0.01,
2MJ1325-1747,24.0,Cr I,,3.39,0.01,
2MJ1325-1747,25.0,Mn I,,2.64,0.52,
2MJ1325-1747,26.0,Fe I,,5.18,,0.01
2MJ1325-1747,26.1,Fe II,,5.2,,0.06
2MJ1325-1747,27.0,Co I,,2.89,0.06,
2MJ1325-1747,28.0,Ni I,,3.85,0.02,
2MJ1325-1747,29.0,Cu I,,0.97,0.07,
2MJ1325-1747,30.0,Zn I,,2.18,0.01,
2MJ1325-1747,38.1,Sr II,,0.53,0.06,
2MJ1325-1747,39.1,Y II,,-0.44,0.1,
2MJ1325-1747,40.1,Zr II,,0.19,0.07,
2MJ1325-1747,56.1,Ba II,,-0.58,0.1,
2MJ1325-1747,57.1,La II,,-1.24,0.02,
2MJ1325-1747,58.1,Ce II,,-0.76,0.1,
2MJ1325-1747,59.1,Pr II,,-1.12,0.07,
2MJ1325-1747,60.1,Nd II,,-0.82,0.1,
2MJ1325-1747,63.1,Eu II,,-1.4,0.2,
2MJ1325-1747,106.0,C-H,,6.29,0.01,
2MJ1340-0016,11.0,Na I,,3.96,0.11,
2MJ1340-0016,12.0,Mg I,,5.57,0.0,
2MJ1340-0016,14.0,Si I,,5.63,0.1,
2MJ1340-0016,19.0,K I,,3.34,0.1,
2MJ1340-0016,20.0,Ca I,,4.31,0.06,
2MJ1340-0016,21.1,Sc II,,0.91,0.1,
2MJ1340-0016,22.0,Ti I,,2.87,0.01,
2MJ1340-0016,22.1,Ti II,,2.87,0.02,
2MJ1340-0016,23.0,V I,,1.36,0.01,
2MJ1340-0016,24.0,Cr I,,3.39,0.01,
2MJ1340-0016,25.0,Mn I,,2.62,0.0,
2MJ1340-0016,26.0,Fe I,,5.07,,0.02
2MJ1340-0016,26.1,Fe II,,5.02,,0.05
2MJ1340-0016,27.0,Co I,,2.77,0.04,
2MJ1340-0016,28.0,Ni I,,3.79,0.03,
2MJ1340-0016,30.0,Zn I,,2.38,0.01,
2MJ1340-0016,38.1,Sr II,,0.49,0.05,
2MJ1340-0016,39.1,Y II,,-0.2,0.0,
2MJ1340-0016,40.1,Zr II,,0.4,0.1,
2MJ1340-0016,56.1,Ba II,,-0.55,0.16,
2MJ1340-0016,57.1,La II,,-1.18,0.02,
2MJ1340-0016,58.1,Ce II,,-0.85,0.1,
2MJ1340-0016,60.1,Nd II,,-0.81,0.07,
2MJ1340-0016,63.1,Eu II,,-1.62,0.2,
2MJ1340-0016,106.0,C-H,,6.0,0.02,
2MJ1343-2358,12.0,Mg I,,5.69,0.0,
2MJ1343-2358,14.0,Si I,,5.15,0.0,
2MJ1343-2358,19.0,K I,,2.64,0.1,
2MJ1343-2358,20.0,Ca I,,4.1,0.28,
2MJ1343-2358,21.1,Sc II,,0.51,0.1,
2MJ1343-2358,22.0,Ti I,,2.71,0.01,
2MJ1343-2358,22.1,Ti II,,2.57,0.03,
2MJ1343-2358,23.0,V I,,3.71,0.01,
2MJ1343-2358,24.0,Cr I,,3.16,0.02,
2MJ1343-2358,25.0,Mn I,,2.76,0.13,
2MJ1343-2358,26.0,Fe I,,5.03,,0.02
2MJ1343-2358,26.1,Fe II,,5.01,,0.06
2MJ1343-2358,27.0,Co I,,2.06,0.08,
2MJ1343-2358,28.0,Ni I,,3.7,0.08,
2MJ1343-2358,30.0,Zn I,,2.1,0.02,
2MJ1343-2358,38.1,Sr II,,0.03,0.06,
2MJ1343-2358,39.1,Y II,,-0.73,0.0,
2MJ1343-2358,56.1,Ba II,,-1.06,0.12,
2MJ1343-2358,63.1,Eu II,<,-1.8,0.2,
2MJ1343-2358,106.0,C-H,,6.68,0.02,
2MJ1404+0011,12.0,Mg I,,6.06,0.0,
2MJ1404+0011,14.0,Si I,,6.11,0.0,
2MJ1404+0011,19.0,K I,,3.59,0.1,
2MJ1404+0011,20.0,Ca I,,4.84,0.03,
2MJ1404+0011,21.1,Sc II,,1.34,0.1,
2MJ1404+0011,22.0,Ti I,,3.22,0.01,
2MJ1404+0011,22.1,Ti II,,3.27,0.02,
2MJ1404+0011,23.0,V I,,1.91,0.01,
2MJ1404+0011,24.0,Cr I,,3.88,0.01,
2MJ1404+0011,25.0,Mn I,,2.97,0.03,
2MJ1404+0011,26.0,Fe I,,5.63,,0.01
2MJ1404+0011,26.1,Fe II,,5.61,,0.05
2MJ1404+0011,27.0,Co I,,3.03,0.23,
2MJ1404+0011,28.0,Ni I,,4.32,0.06,
2MJ1404+0011,30.0,Zn I,,2.62,0.01,
2MJ1404+0011,38.1,Sr II,,1.43,0.05,
2MJ1404+0011,39.1,Y II,,0.33,0.0,
2MJ1404+0011,40.1,Zr II,,0.99,0.07,
2MJ1404+0011,56.1,Ba II,,0.69,0.2,
2MJ1404+0011,57.1,La II,,-0.27,0.02,
2MJ1404+0011,58.1,Ce II,,0.17,0.11,
2MJ1404+0011,59.1,Pr II,,-0.67,0.05,
2MJ1404+0011,60.1,Nd II,,0.05,0.04,
2MJ1404+0011,62.1,Sm II,,-0.25,0.09,
2MJ1404+0011,63.1,Eu II,,-0.77,0.2,
2MJ1404+0011,66.1,Dy II,,0.0,0.02,
2MJ1404+0011,76.0,Os I,,-0.02,0.07,
2MJ1404+0011,106.0,C-H,,7.52,0.01,
2MJ1521-0607,11.0,Na I,,4.18,0.07,
2MJ1521-0607,12.0,Mg I,,5.9,0.0,
2MJ1521-0607,14.0,Si I,,5.94,0.07,
2MJ1521-0607,19.0,K I,,3.59,0.1,
2MJ1521-0607,20.0,Ca I,,4.65,0.02,
2MJ1521-0607,21.1,Sc II,,1.17,0.1,
2MJ1521-0607,22.0,Ti I,,3.22,0.01,
2MJ1521-0607,22.1,Ti II,,3.19,0.01,
2MJ1521-0607,23.0,V I,,3.17,0.01,
2MJ1521-0607,24.0,Cr I,,3.76,0.01,
2MJ1521-0607,25.0,Mn I,,3.04,0.49,
2MJ1521-0607,26.0,Fe I,,5.5,,0.01
2MJ1521-0607,26.1,Fe II,,5.48,,0.03
2MJ1521-0607,27.0,Co I,,3.14,0.06,
2MJ1521-0607,28.0,Ni I,,4.16,0.05,
2MJ1521-0607,29.0,Cu I,,1.24,0.08,
2MJ1521-0607,30.0,Zn I,,2.69,0.01,
2MJ1521-0607,38.1,Sr II,,0.69,0.03,
2MJ1521-0607,39.1,Y II,,0.14,0.1,
2MJ1521-0607,40.1,Zr II,,0.87,0.07,
2MJ1521-0607,56.1,Ba II,,0.28,0.1,
2MJ1521-0607,57.1,La II,,-0.61,0.04,
2MJ1521-0607,58.1,Ce II,,-0.13,0.06,
2MJ1521-0607,59.1,Pr II,,-0.72,0.06,
2MJ1521-0607,60.1,Nd II,,-0.04,0.04,
2MJ1521-0607,62.1,Sm II,,-0.37,0.06,
2MJ1521-0607,63.1,Eu II,,-0.55,0.2,
2MJ1521-0607,66.1,Dy II,,0.04,0.02,
2MJ1521-0607,76.0,Os I,,0.5,0.09,
2MJ1521-0607,90.1,Th II,,-1.36,0.1,
2MJ1521-0607,106.0,C-H,,6.77,0.01,
2MJ2256-0719,12.0,Mg I,,5.76,0.0,
2MJ2256-0719,14.0,Si I,,5.86,0.0,
2MJ2256-0719,19.0,K I,,3.06,0.1,
2MJ2256-0719,20.0,Ca I,,4.38,0.05,
2MJ2256-0719,21.1,Sc II,,1.03,0.1,
2MJ2256-0719,22.0,Ti I,,2.87,0.01,
2MJ2256-0719,22.1,Ti II,,3.0,0.02,
2MJ2256-0719,23.0,V I,,2.31,0.01,
2MJ2256-0719,24.0,Cr I,,3.63,0.01,
2MJ2256-0719,25.0,Mn I,,2.89,0.55,
2MJ2256-0719,26.0,Fe I,,5.24,,0.01
2MJ2256-0719,26.1,Fe II,,5.26,,0.04
2MJ2256-0719,27.0,Co I,,2.9,0.04,
2MJ2256-0719,28.0,Ni I,,3.96,0.02,
2MJ2256-0719,29.0,Cu I,,1.03,0.05,
2MJ2256-0719,30.0,Zn I,,2.49,0.01,
2MJ2256-0719,38.1,Sr II,,0.69,0.04,
2MJ2256-0719,39.1,Y II,,-0.07,0.1,
2MJ2256-0719,40.1,Zr II,,0.65,0.04,
2MJ2256-0719,56.1,Ba II,,0.18,0.16,
2MJ2256-0719,57.1,La II,,-0.59,0.09,
2MJ2256-0719,58.1,Ce II,,-0.29,0.07,
2MJ2256-0719,59.1,Pr II,,-0.7,0.05,
2MJ2256-0719,60.1,Nd II,,-0.09,0.06,
2MJ2256-0719,62.1,Sm II,,-0.44,0.04,
2MJ2256-0719,63.1,Eu II,,-0.64,0.2,
2MJ2256-0719,66.1,Dy II,,-0.13,0.03,
2MJ2256-0719,76.0,Os I,,0.14,0.07,
2MJ2256-0719,90.1,Th II,,-1.66,0.07,
2MJ2256-0719,106.0,C-H,,6.35,0.01,
BD-01 2582,11.0,Na I,,,0.05,
BD-01 2582,12.0,Mg I,,,0.0,
BD-01 2582,14.0,Si I,,,0.05,
BD-01 2582,19.0,K I,,,0.02,
BD-01 2582,20.0,Ca I,,,0.0,
BD-01 2582,21.1,Sc II,,,0.1,
BD-01 2582,22.0,Ti I,,,0.0,
BD-01 2582,22.1,Ti II,,,0.02,
BD-01 2582,24.0,Cr I,,,0.01,
BD-01 2582,25.0,Mn I,,,0.0,
BD-01 2582,26.0,Fe I,,,,
BD-01 2582,26.1,Fe II,,,,
BD-01 2582,27.0,Co I,,,0.07,
BD-01 2582,28.0,Ni I,,,0.01,
BD-01 2582,30.0,Zn I,,,0.01,
BD-01 2582,38.1,Sr II,,,,
BD-01 2582,39.1,Y II,,,0.0,
BD-01 2582,40.1,Zr II,,,0.05,
BD-01 2582,56.1,Ba II,,,,
BD-01 2582,57.1,La II,,,0.02,
BD-01 2582,58.1,Ce II,,,0.1,
BD-01 2582,59.1,Pr II,,,0.05,
BD-01 2582,60.1,Nd II,,,0.03,
BD-01 2582,63.1,Eu II,,,0.15,
BD-02 5957,12.0,Mg I,,,0.0,
BD-02 5957,14.0,Si I,,,0.0,
BD-02 5957,19.0,K I,,,0.01,
BD-02 5957,20.0,Ca I,,,0.0,
BD-02 5957,21.1,Sc II,,,0.1,
BD-02 5957,22.0,Ti I,,,0.01,
BD-02 5957,22.1,Ti II,,,0.03,
BD-02 5957,25.0,Mn I,,,0.0,
BD-02 5957,26.0,Fe I,,,,
BD-02 5957,26.1,Fe II,,,,
BD-02 5957,27.0,Co I,,,0.0,
BD-02 5957,28.0,Ni I,,,0.02,
BD-02 5957,38.1,Sr II,,,,
BD-02 5957,39.1,Y II,,,0.0,
BD-02 5957,40.1,Zr II,,,0.0,
BD-02 5957,56.1,Ba II,,,,
BD-02 5957,57.1,La II,,,0.02,
BD-02 5957,58.1,Ce II,,,0.07,
BD-02 5957,59.1,Pr II,,,0.03,
BD-02 5957,60.1,Nd II,,,0.06,
BD-02 5957,62.1,Sm II,,,0.1,
BD-02 5957,63.1,Eu II,,,0.2,
BD-02 5957,66.1,Dy II,,,0.04,
BD-13 3442,11.0,Na I,,,,
BD-13 3442,12.0,Mg I,,,0.0,
BD-13 3442,20.0,Ca I,,,0.0,
BD-13 3442,21.1,Sc II,,,0.0,
BD-13 3442,22.1,Ti II,,,0.03,
BD-13 3442,26.0,Fe I,,,,
BD-13 3442,26.1,Fe II,,,,
BD-13 3442,38.1,Sr II,,,,
BD-13 3442,56.1,Ba II,,,,
BD-13 3442,63.1,Eu II,<,,0.09,
CS 22169-035,12.0,Mg I,,,0.0,
CS 22169-035,19.0,K I,,,0.04,
CS 22169-035,20.0,Ca I,,,0.0,
CS 22169-035,21.1,Sc II,,,0.1,
CS 22169-035,22.0,Ti I,,,0.01,
CS 22169-035,22.1,Ti II,,,0.05,
CS 22169-035,25.0,Mn I,,,0.0,
CS 22169-035,26.0,Fe I,,,,
CS 22169-035,26.1,Fe II,,,,
CS 22169-035,27.0,Co I,,,0.0,
CS 22169-035,28.0,Ni I,,,0.0,
CS 22169-035,38.1,Sr II,,,,
CS 22169-035,39.1,Y II,,,0.0,
CS 22169-035,56.1,Ba II,,,,
CS 22169-035,63.1,Eu II,<,,0.2,
CS 31082-001,12.0,Mg I,,,0.0,
CS 31082-001,19.0,K I,,,0.04,
CS 31082-001,20.0,Ca I,,,0.0,
CS 31082-001,21.1,Sc II,,,0.1,
CS 31082-001,22.0,Ti I,,,0.01,
CS 31082-001,22.1,Ti II,,,0.04,
CS 31082-001,24.0,Cr I,,,0.01,
CS 31082-001,25.0,Mn I,,,0.0,
CS 31082-001,26.0,Fe I,,,,
CS 31082-001,26.1,Fe II,,,,
CS 31082-001,27.0,Co I,,,0.01,
CS 31082-001,28.0,Ni I,,,0.0,
CS 31082-001,30.0,Zn I,,,0.02,
CS 31082-001,38.1,Sr II,,,,
CS 31082-001,39.1,Y II,,,0.0,
CS 31082-001,40.1,Zr II,,,0.07,
CS 31082-001,56.1,Ba II,,,,
CS 31082-001,57.1,La II,,,0.05,
CS 31082-001,58.1,Ce II,,,0.1,
CS 31082-001,59.1,Pr II,,,0.05,
CS 31082-001,60.1,Nd II,,,0.05,
CS 31082-001,62.1,Sm II,,,0.06,
CS 31082-001,63.1,Eu II,,,0.1,
CS 31082-001,66.1,Dy II,,,0.05,
CS 31082-001,76.0,Os I,,,0.05,
HD 122563,12.0,Mg I,,,0.0,
HD 122563,19.0,K I,,,0.02,
HD 122563,20.0,Ca I,,,0.0,
HD 122563,21.1,Sc II,,,0.1,
HD 122563,22.0,Ti I,,,0.01,
HD 122563,22.1,Ti II,,,0.02,
HD 122563,23.0,V I,,,0.0,
HD 122563,24.0,Cr I,,,0.01,
HD 122563,25.0,Mn I,,,0.01,
HD 122563,26.0,Fe I,,,,
HD 122563,26.1,Fe II,,,,
HD 122563,27.0,Co I,,,0.06,
HD 122563,28.0,Ni I,,,0.01,
HD 122563,30.0,Zn I,,,0.01,
HD 122563,38.1,Sr II,,,,
HD 122563,39.1,Y II,,,0.0,
HD 122563,56.1,Ba II,,,,
HD 122563,63.1,Eu II,,,0.1,
HE 1116-0634,11.0,Na I,,,,
HE 1116-0634,12.0,Mg I,,,0.0,
HE 1116-0634,14.0,Si I,,,0.08,
HE 1116-0634,19.0,K I,,,0.01,
HE 1116-0634,20.0,Ca I,,,0.0,
HE 1116-0634,21.1,Sc II,,,0.1,
HE 1116-0634,22.0,Ti I,,,0.02,
HE 1116-0634,22.1,Ti II,,,0.03,
HE 1116-0634,23.0,V I,,,0.01,
HE 1116-0634,24.0,Cr I,,,0.01,
HE 1116-0634,25.0,Mn I,,,0.0,
HE 1116-0634,26.0,Fe I,,,,
HE 1116-0634,26.1,Fe II,,,,
HE 1116-0634,27.0,Co I,,,0.03,
HE 1116-0634,28.0,Ni I,,,0.0,
HE 1116-0634,38.1,Sr II,,,,
HE 1116-0634,56.1,Ba II,,,,
HE 1116-0634,63.1,Eu II,<,,0.07,
HE 1317-0407,12.0,Mg I,,,0.0,
HE 1317-0407,14.0,Si I,,,0.0,
HE 1317-0407,19.0,K I,,,0.06,
HE 1317-0407,20.0,Ca I,,,0.0,
HE 1317-0407,21.1,Sc II,,,0.1,
HE 1317-0407,22.0,Ti I,,,0.01,
HE 1317-0407,22.1,Ti II,,,0.03,
HE 1317-0407,23.0,V I,,,0.01,
HE 1317-0407,24.0,Cr I,,,0.01,
HE 1317-0407,25.0,Mn I,,,0.0,
HE 1317-0407,26.0,Fe I,,,,
HE 1317-0407,26.1,Fe II,,,,
HE 1317-0407,27.0,Co I,,,0.01,
HE 1317-0407,28.0,Ni I,,,0.0,
HE 1317-0407,30.0,Zn I,,,0.01,
HE 1317-0407,38.1,Sr II,,,,
HE 1317-0407,39.1,Y II,,,0.0,
HE 1317-0407,56.1,Ba II,,,,
HE 1317-0407,57.1,La II,,,0.04,
HE 1317-0407,58.1,Ce II,,,0.0,
HE 1317-0407,63.1,Eu II,,,0.1,
HE 1320-1339,12.0,Mg I,,,0.0,
HE 1320-1339,14.0,Si I,,,0.0,
HE 1320-1339,20.0,Ca I,,,0.0,
HE 1320-1339,21.1,Sc II,,,0.0,
HE 1320-1339,22.0,Ti I,,,0.01,
HE 1320-1339,22.1,Ti II,,,0.02,
HE 1320-1339,23.0,V I,,,0.01,
HE 1320-1339,24.0,Cr I,,,0.01,
HE 1320-1339,25.0,Mn I,,,0.0,
HE 1320-1339,26.0,Fe I,,,,
HE 1320-1339,26.1,Fe II,,,,
HE 1320-1339,27.0,Co I,,,0.01,
HE 1320-1339,28.0,Ni I,,,0.21,
HE 1320-1339,30.0,Zn I,,,0.02,
HE 1320-1339,38.1,Sr II,,,,
HE 1320-1339,39.1,Y II,,,0.0,
HE 1320-1339,56.1,Ba II,,,,
HE 1320-1339,63.1,Eu II,,,0.14,
HE 1523-0901,12.0,Mg I,,,0.0,
HE 1523-0901,19.0,K I,,,0.01,
HE 1523-0901,20.0,Ca I,,,0.0,
HE 1523-0901,21.1,Sc II,,,0.1,
HE 1523-0901,22.0,Ti I,,,0.01,
HE 1523-0901,22.1,Ti II,,,0.04,
HE 1523-0901,23.0,V I,,,0.01,
HE 1523-0901,24.0,Cr I,,,0.01,
HE 1523-0901,25.0,Mn I,,,0.0,
HE 1523-0901,26.0,Fe I,,,,
HE 1523-0901,26.1,Fe II,,,,
HE 1523-0901,27.0,Co I,,,0.01,
HE 1523-0901,28.0,Ni I,,,0.03,
HE 1523-0901,30.0,Zn I,,,0.02,
HE 1523-0901,38.1,Sr II,,,,
HE 1523-0901,39.1,Y II,,,0.0,
HE 1523-0901,40.1,Zr II,,,0.1,
HE 1523-0901,56.1,Ba II,,,,
HE 1523-0901,57.1,La II,,,0.02,
HE 1523-0901,58.1,Ce II,,,0.05,
HE 1523-0901,59.1,Pr II,,,0.02,
HE 1523-0901,60.1,Nd II,,,0.02,
HE 1523-0901,62.1,Sm II,,,0.08,
HE 1523-0901,63.1,Eu II,,,0.2,
HE 1523-0901,66.1,Dy II,,,0.02,
HE 1523-0901,76.0,Os I,,,0.05,
J0007-0345,11.0,Na I,,4.2,0.04,
J0007-0345,12.0,Mg I,,5.82,0.0,
J0007-0345,14.0,Si I,,5.85,0.04,
J0007-0345,19.0,K I,,3.4,0.1,
J0007-0345,20.0,Ca I,,4.58,0.04,
J0007-0345,21.1,Sc II,,1.2,0.1,
J0007-0345,22.0,Ti I,,3.03,0.01,
J0007-0345,22.1,Ti II,,3.14,0.02,
J0007-0345,23.0,V I,,3.24,0.01,
J0007-0345,24.0,Cr I,,3.81,0.01,
J0007-0345,25.0,Mn I,,2.93,0.59,
J0007-0345,26.0,Fe I,,5.41,,0.01
J0007-0345,26.1,Fe II,,5.4,,0.03
J0007-0345,27.0,Co I,,2.92,0.04,
J0007-0345,28.0,Ni I,,4.13,0.04,
J0007-0345,29.0,Cu I,,1.43,0.04,
J0007-0345,30.0,Zn I,,2.59,0.01,
J0007-0345,38.1,Sr II,,1.19,0.03,
J0007-0345,39.1,Y II,,-0.05,0.05,
J0007-0345,56.1,Ba II,,0.2,0.07,
J0007-0345,57.1,La II,,-0.85,0.02,
J0007-0345,58.1,Ce II,,-0.41,0.0,
J0007-0345,59.1,Pr II,,-0.91,0.05,
J0007-0345,60.1,Nd II,,-0.29,0.04,
J0007-0345,62.1,Sm II,,-0.42,0.11,
J0007-0345,63.1,Eu II,,-0.84,0.2,
J0007-0345,66.1,Dy II,,-0.36,0.02,
J0007-0345,76.0,Os I,,0.11,0.06,
J0007-0345,106.0,C-H,,6.51,0.01,
J0012-1816,12.0,Mg I,,5.63,0.0,
J0012-1816,20.0,Ca I,,4.23,0.0,
J0012-1816,21.1,Sc II,,0.57,0.0,
J0012-1816,22.0,Ti I,,2.86,0.01,
J0012-1816,22.1,Ti II,,2.81,0.02,
J0012-1816,23.0,V I,,3.48,0.01,
J0012-1816,24.0,Cr I,,3.44,0.01,
J0012-1816,25.0,Mn I,,2.64,0.63,
J0012-1816,26.0,Fe I,,5.22,,0.01
J0012-1816,26.1,Fe II,,5.23,,0.02
J0012-1816,27.0,Co I,,2.62,0.04,
J0012-1816,28.0,Ni I,,3.92,0.03,
J0012-1816,30.0,Zn I,,2.51,0.01,
J0012-1816,38.1,Sr II,,0.08,0.02,
J0012-1816,56.1,Ba II,,-0.73,0.15,
J0012-1816,63.1,Eu II,<,-1.88,0.1,
J0012-1816,106.0,C-H,,5.89,0.01,
J0022-1724,12.0,Mg I,,5.26,0.0,
J0022-1724,14.0,Si I,,5.78,0.0,
J0022-1724,20.0,Ca I,,3.31,0.32,
J0022-1724,21.1,Sc II,,0.2,0.0,
J0022-1724,22.0,Ti I,,2.03,0.04,
J0022-1724,22.1,Ti II,,2.02,0.08,
J0022-1724,23.0,V I,,2.63,0.04,
J0022-1724,24.0,Cr I,,3.62,0.06,
J0022-1724,26.0,Fe I,,4.12,,0.03
J0022-1724,26.1,Fe II,,4.06,,0.11
J0022-1724,27.0,Co I,,2.51,0.06,
J0022-1724,28.0,Ni I,,3.41,0.0,
J0022-1724,38.1,Sr II,,-1.34,0.11,
J0022-1724,56.1,Ba II,,-1.93,0.13,
J0022-1724,63.1,Eu II,<,-0.74,0.1,
J0022-1724,106.0,C-H,,6.92,0.03,
J0030-1007,12.0,Mg I,,5.49,0.0,
J0030-1007,14.0,Si I,,6.31,0.0,
J0030-1007,20.0,Ca I,,4.27,0.12,
J0030-1007,21.1,Sc II,,0.7,0.0,
J0030-1007,22.0,Ti I,,2.86,0.01,
J0030-1007,22.1,Ti II,,2.84,0.05,
J0030-1007,23.0,V I,,3.03,0.01,
J0030-1007,24.0,Cr I,,3.74,0.02,
J0030-1007,25.0,Mn I,,2.79,0.1,
J0030-1007,26.0,Fe I,,5.15,,0.02
J0030-1007,26.1,Fe II,,5.16,,0.06
J0030-1007,27.0,Co I,,2.71,0.1,
J0030-1007,28.0,Ni I,,3.95,0.07,
J0030-1007,30.0,Zn I,,2.69,0.02,
J0030-1007,38.1,Sr II,,1.02,0.06,
J0030-1007,39.1,Y II,,0.01,0.0,
J0030-1007,56.1,Ba II,,-0.88,0.2,
J0030-1007,63.1,Eu II,,-1.83,0.2,
J0030-1007,106.0,C-H,,6.58,0.02,
J0053-0253,11.0,Na I,,4.05,0.02,
J0053-0253,12.0,Mg I,,5.92,0.0,
J0053-0253,14.0,Si I,,5.73,0.02,
J0053-0253,19.0,K I,,3.43,0.1,
J0053-0253,20.0,Ca I,,4.61,0.03,
J0053-0253,21.1,Sc II,,1.11,0.1,
J0053-0253,22.0,Ti I,,3.07,0.01,
J0053-0253,22.1,Ti II,,3.11,0.02,
J0053-0253,23.0,V I,,1.58,0.01,
J0053-0253,24.0,Cr I,,3.57,0.01,
J0053-0253,25.0,Mn I,,2.84,0.05,
J0053-0253,26.0,Fe I,,5.34,,0.01
J0053-0253,26.1,Fe II,,5.34,,0.04
J0053-0253,27.0,Co I,,2.9,0.05,
J0053-0253,28.0,Ni I,,4.02,0.03,
J0053-0253,29.0,Cu I,,1.08,0.01,
J0053-0253,30.0,Zn I,,2.48,0.01,
J0053-0253,38.1,Sr II,,0.66,0.04,
J0053-0253,39.1,Y II,,-0.26,0.05,
J0053-0253,40.1,Zr II,,0.48,0.02,
J0053-0253,56.1,Ba II,,-0.22,0.07,
J0053-0253,57.1,La II,,-1.26,0.02,
J0053-0253,58.1,Ce II,,-0.87,0.1,
J0053-0253,59.1,Pr II,,-1.27,0.15,
J0053-0253,60.1,Nd II,,-0.71,0.05,
J0053-0253,62.1,Sm II,,-1.1,0.05,
J0053-0253,63.1,Eu II,,-1.25,0.1,
J0053-0253,66.1,Dy II,,-0.72,0.02,
J0053-0253,76.0,Os I,,-0.76,0.05,
J0053-0253,90.1,Th II,,-2.14,0.1,
J0053-0253,106.0,C-H,,6.67,0.01,
J0054-0611,12.0,Mg I,,5.8,0.0,
J0054-0611,14.0,Si I,,6.0,0.0,
J0054-0611,20.0,Ca I,,4.26,0.08,
J0054-0611,21.1,Sc II,,0.69,0.0,
J0054-0611,22.0,Ti I,,2.79,0.02,
J0054-0611,22.1,Ti II,,2.74,0.05,
J0054-0611,23.0,V I,,2.38,0.02,
J0054-0611,24.0,Cr I,,3.42,0.02,
J0054-0611,25.0,Mn I,,2.78,0.0,
J0054-0611,26.0,Fe I,,5.18,,0.02
J0054-0611,26.1,Fe II,,5.13,,0.08
J0054-0611,28.0,Ni I,,3.76,0.06,
J0054-0611,30.0,Zn I,,2.14,0.02,
J0054-0611,38.1,Sr II,,0.81,0.08,
J0054-0611,39.1,Y II,,-0.36,0.0,
J0054-0611,56.1,Ba II,,-0.35,0.14,
J0054-0611,58.1,Ce II,,-0.06,0.0,
J0054-0611,60.1,Nd II,,0.06,0.14,
J0054-0611,63.1,Eu II,,-1.21,0.2,
J0054-0611,106.0,C-H,,6.61,0.02,
J0107-0524,12.0,Mg I,,5.57,0.0,
J0107-0524,19.0,K I,,3.04,0.01,
J0107-0524,20.0,Ca I,,4.22,0.0,
J0107-0524,21.1,Sc II,,0.62,0.1,
J0107-0524,22.0,Ti I,,2.97,0.01,
J0107-0524,22.1,Ti II,,2.86,0.04,
J0107-0524,25.0,Mn I,,2.65,0.0,
J0107-0524,26.0,Fe I,,5.18,,0.01
J0107-0524,26.1,Fe II,,5.14,,0.03
J0107-0524,27.0,Co I,,2.55,0.0,
J0107-0524,28.0,Ni I,,3.91,0.07,
J0107-0524,38.1,Sr II,,0.69,0.03,
J0107-0524,56.1,Ba II,,-0.75,0.07,
J0107-0524,63.1,Eu II,<,-1.64,0.1,
J0107-0524,106.0,C-H,,6.02,0.01,
J0145-2800,14.0,Si I,,5.6,0.0,
J0145-2800,19.0,K I,,2.6,0.0,
J0145-2800,20.0,Ca I,,4.02,0.38,
J0145-2800,21.1,Sc II,,0.5,0.1,
J0145-2800,22.0,Ti I,,2.63,0.01,
J0145-2800,22.1,Ti II,,2.64,0.03,
J0145-2800,23.0,V I,,3.88,0.01,
J0145-2800,24.0,Cr I,,2.79,0.02,
J0145-2800,25.0,Mn I,,2.46,0.0,
J0145-2800,26.0,Fe I,,4.9,,0.02
J0145-2800,26.1,Fe II,,4.92,,0.05
J0145-2800,28.0,Ni I,,3.64,0.15,
J0145-2800,30.0,Zn I,,2.36,0.02,
J0145-2800,38.1,Sr II,,0.25,0.05,
J0145-2800,39.1,Y II,,-0.48,0.0,
J0145-2800,56.1,Ba II,,-1.47,0.15,
J0145-2800,63.1,Eu II,<,-1.98,0.2,
J0145-2800,106.0,C-H,,6.17,0.02,
J0156-1402,12.0,Mg I,,5.89,0.0,
J0156-1402,14.0,Si I,,5.95,0.0,
J0156-1402,19.0,K I,,3.55,0.1,
J0156-1402,20.0,Ca I,,4.55,0.05,
J0156-1402,21.1,Sc II,,1.04,0.1,
J0156-1402,22.0,Ti I,,3.2,0.01,
J0156-1402,22.1,Ti II,,3.03,0.01,
J0156-1402,23.0,V I,,1.55,0.01,
J0156-1402,24.0,Cr I,,3.71,0.01,
J0156-1402,25.0,Mn I,,2.99,0.26,
J0156-1402,26.0,Fe I,,5.42,,0.02
J0156-1402,26.1,Fe II,,5.43,,0.05
J0156-1402,28.0,Ni I,,4.1,0.02,
J0156-1402,29.0,Cu I,,1.38,0.0,
J0156-1402,30.0,Zn I,,2.58,0.01,
J0156-1402,38.1,Sr II,,0.89,0.05,
J0156-1402,39.1,Y II,,-0.1,0.05,
J0156-1402,56.1,Ba II,,-0.01,0.13,
J0156-1402,57.1,La II,,-0.65,0.04,
J0156-1402,58.1,Ce II,,-0.23,0.0,
J0156-1402,59.1,Pr II,,-0.74,0.07,
J0156-1402,60.1,Nd II,,-0.34,0.04,
J0156-1402,62.1,Sm II,,-0.37,0.07,
J0156-1402,63.1,Eu II,,-0.8,0.2,
J0156-1402,66.1,Dy II,,-0.16,0.04,
J0156-1402,76.0,Os I,,0.12,0.1,
J0156-1402,106.0,C-H,,6.72,0.02,
J0227-0519,12.0,Mg I,,5.63,0.0,
J0227-0519,14.0,Si I,,5.63,0.0,
J0227-0519,19.0,K I,,3.1,0.1,
J0227-0519,20.0,Ca I,,4.27,0.04,
J0227-0519,21.1,Sc II,,0.96,0.1,
J0227-0519,22.0,Ti I,,2.84,0.01,
J0227-0519,22.1,Ti II,,2.86,0.02,
J0227-0519,23.0,V I,,2.22,0.01,
J0227-0519,24.0,Cr I,,3.45,0.01,
J0227-0519,25.0,Mn I,,2.65,0.54,
J0227-0519,26.0,Fe I,,5.12,,0.02
J0227-0519,26.1,Fe II,,5.1,,0.05
J0227-0519,27.0,Co I,,2.83,0.04,
J0227-0519,28.0,Ni I,,3.81,0.07,
J0227-0519,29.0,Cu I,,0.86,0.06,
J0227-0519,30.0,Zn I,,2.39,0.01,
J0227-0519,38.1,Sr II,,1.21,0.05,
J0227-0519,39.1,Y II,,-0.29,0.05,
J0227-0519,40.1,Zr II,,0.47,0.07,
J0227-0519,56.1,Ba II,,-0.38,0.14,
J0227-0519,57.1,La II,,-1.0,0.03,
J0227-0519,58.1,Ce II,,-0.6,0.1,
J0227-0519,59.1,Pr II,,-1.34,0.07,
J0227-0519,60.1,Nd II,,-0.69,0.08,
J0227-0519,63.1,Eu II,,-1.44,0.1,
J0227-0519,66.1,Dy II,,-0.56,0.03,
J0227-0519,106.0,C-H,,6.13,0.02,
J0229-1307,12.0,Mg I,,6.5,0.0,
J0229-1307,14.0,Si I,,6.82,0.0,
J0229-1307,19.0,K I,,3.99,0.1,
J0229-1307,20.0,Ca I,,5.02,0.01,
J0229-1307,21.1,Sc II,,1.65,0.1,
J0229-1307,22.0,Ti I,,4.07,0.02,
J0229-1307,22.1,Ti II,,3.6,0.02,
J0229-1307,23.0,V I,,4.55,0.04,
J0229-1307,24.0,Cr I,,4.89,0.04,
J0229-1307,25.0,Mn I,,4.41,0.3,
J0229-1307,26.0,Fe I,,6.08,,0.05
J0229-1307,26.1,Fe II,,6.05,,0.1
J0229-1307,28.0,Ni I,,4.78,0.01,
J0229-1307,38.1,Sr II,,1.08,0.1,
J0229-1307,56.1,Ba II,,0.44,0.2,
J0229-1307,63.1,Eu II,<,0.05,0.14,
J0229-1307,106.0,C-H,,7.41,0.05,
J0236-1202,8.0,O I,,7.61,0.08,
J0236-1202,12.0,Mg I,,6.07,0.0,
J0236-1202,14.0,Si I,,6.03,0.0,
J0236-1202,20.0,Ca I,,4.52,0.07,
J0236-1202,21.1,Sc II,,1.01,0.0,
J0236-1202,22.0,Ti I,,3.08,0.01,
J0236-1202,22.1,Ti II,,3.19,0.03,
J0236-1202,23.0,V I,,3.66,0.02,
J0236-1202,24.0,Cr I,,3.7,0.02,
J0236-1202,25.0,Mn I,,2.45,0.66,
J0236-1202,26.0,Fe I,,5.37,,0.03
J0236-1202,26.1,Fe II,,5.38,,0.05
J0236-1202,27.0,Co I,,2.41,0.05,
J0236-1202,28.0,Ni I,,3.96,0.0,
J0236-1202,30.0,Zn I,,2.33,0.05,
J0236-1202,38.1,Sr II,,0.33,0.05,
J0236-1202,39.1,Y II,,0.12,0.0,
J0236-1202,56.1,Ba II,,-0.24,0.2,
J0236-1202,63.1,Eu II,<,-1.31,0.1,
J0236-1202,106.0,C-H,,6.13,0.03,
J0241-0427,12.0,Mg I,,5.63,0.0,
J0241-0427,14.0,Si I,,5.51,0.0,
J0241-0427,19.0,K I,,2.84,0.05,
J0241-0427,20.0,Ca I,,4.27,0.04,
J0241-0427,21.1,Sc II,,0.8,0.1,
J0241-0427,22.0,Ti I,,2.76,0.01,
J0241-0427,22.1,Ti II,,2.76,0.01,
J0241-0427,23.0,V I,,2.84,0.01,
J0241-0427,24.0,Cr I,,3.3,0.01,
J0241-0427,25.0,Mn I,,2.69,0.45,
J0241-0427,26.0,Fe I,,5.02,,0.01
J0241-0427,26.1,Fe II,,4.98,,0.02
J0241-0427,27.0,Co I,,2.76,0.04,
J0241-0427,28.0,Ni I,,3.72,0.06,
J0241-0427,30.0,Zn I,,2.25,0.01,
J0241-0427,38.1,Sr II,,0.63,0.02,
J0241-0427,39.1,Y II,,-0.54,0.0,
J0241-0427,40.1,Zr II,,0.32,0.07,
J0241-0427,56.1,Ba II,,-0.56,0.07,
J0241-0427,57.1,La II,,-1.32,0.03,
J0241-0427,60.1,Nd II,,-0.75,0.0,
J0241-0427,62.1,Sm II,,-1.18,0.0,
J0241-0427,63.1,Eu II,,-1.48,0.2,
J0241-0427,106.0,C-H,,6.35,0.01,
J0242-0707,11.0,Na I,,3.75,,
J0242-0707,12.0,Mg I,,5.65,0.0,
J0242-0707,20.0,Ca I,,4.48,0.0,
J0242-0707,21.1,Sc II,,1.44,0.0,
J0242-0707,22.0,Ti I,,3.43,0.02,
J0242-0707,22.1,Ti II,,3.27,0.09,
J0242-0707,26.0,Fe I,,5.46,,0.02
J0242-0707,26.1,Fe II,,5.44,,0.08
J0242-0707,28.0,Ni I,,4.22,0.0,
J0242-0707,38.1,Sr II,,1.2,0.08,
J0242-0707,56.1,Ba II,,0.06,0.2,
J0242-0707,63.1,Eu II,<,-0.48,0.13,
J0242-0707,106.0,C-H,,6.79,0.02,
J0243-3249,19.0,K I,,2.88,0.0,
J0243-3249,20.0,Ca I,,3.96,0.0,
J0243-3249,21.1,Sc II,,0.63,0.1,
J0243-3249,22.0,Ti I,,2.61,0.01,
J0243-3249,22.1,Ti II,,2.57,0.03,
J0243-3249,23.0,V I,,1.69,0.02,
J0243-3249,24.0,Cr I,,3.29,0.02,
J0243-3249,25.0,Mn I,,2.41,0.0,
J0243-3249,26.0,Fe I,,4.88,,0.02
J0243-3249,26.1,Fe II,,4.87,,0.08
J0243-3249,28.0,Ni I,,3.68,0.03,
J0243-3249,38.1,Sr II,<,-0.34,0.08,
J0243-3249,39.1,Y II,,-0.49,0.0,
J0243-3249,56.1,Ba II,,-1.39,0.25,
J0243-3249,63.1,Eu II,<,-1.17,,
J0243-3249,106.0,C-H,,6.3,0.02,
J0246-1518,11.0,Na I,,3.49,0.07,
J0246-1518,12.0,Mg I,,5.28,0.0,
J0246-1518,14.0,Si I,,6.44,0.1,
J0246-1518,19.0,K I,,2.9,0.09,
J0246-1518,20.0,Ca I,,4.15,0.11,
J0246-1518,21.1,Sc II,,0.69,0.1,
J0246-1518,22.0,Ti I,,2.79,0.02,
J0246-1518,22.1,Ti II,,2.7,0.04,
J0246-1518,23.0,V I,,4.29,0.02,
J0246-1518,24.0,Cr I,,3.75,0.02,
J0246-1518,25.0,Mn I,,2.67,0.37,
J0246-1518,26.0,Fe I,,5.05,,0.03
J0246-1518,26.1,Fe II,,5.02,,0.06
J0246-1518,27.0,Co I,,3.07,0.16,
J0246-1518,28.0,Ni I,,3.92,0.0,
J0246-1518,38.1,Sr II,,0.75,0.06,
J0246-1518,39.1,Y II,,-0.11,0.0,
J0246-1518,56.1,Ba II,,0.38,0.2,
J0246-1518,58.1,Ce II,,0.16,0.0,
J0246-1518,60.1,Nd II,,-0.03,0.1,
J0246-1518,63.1,Eu II,,-0.64,0.2,
J0246-1518,90.1,Th II,,-1.4,0.0,
J0246-1518,106.0,C-H,,5.91,0.03,
J0307-0534,11.0,Na I,,4.09,0.07,
J0307-0534,12.0,Mg I,,5.9,0.0,
J0307-0534,14.0,Si I,,5.8,0.07,
J0307-0534,19.0,K I,,3.28,0.1,
J0307-0534,20.0,Ca I,,4.49,0.04,
J0307-0534,21.1,Sc II,,1.0,0.1,
J0307-0534,22.0,Ti I,,2.98,0.01,
J0307-0534,22.1,Ti II,,3.04,0.02,
J0307-0534,23.0,V I,,2.97,0.01,
J0307-0534,24.0,Cr I,,3.55,0.01,
J0307-0534,25.0,Mn I,,2.73,0.34,
J0307-0534,26.0,Fe I,,5.27,,0.01
J0307-0534,26.1,Fe II,,5.29,,0.04
J0307-0534,27.0,Co I,,2.9,0.04,
J0307-0534,28.0,Ni I,,3.98,0.02,
J0307-0534,29.0,Cu I,,1.16,0.05,
J0307-0534,30.0,Zn I,,2.64,0.01,
J0307-0534,38.1,Sr II,,1.02,0.04,
J0307-0534,39.1,Y II,,0.09,0.1,
J0307-0534,40.1,Zr II,,0.73,0.07,
J0307-0534,56.1,Ba II,,0.12,0.07,
J0307-0534,57.1,La II,,-0.97,0.02,
J0307-0534,58.1,Ce II,,-0.4,0.1,
J0307-0534,60.1,Nd II,,-0.47,0.04,
J0307-0534,62.1,Sm II,,-1.09,0.0,
J0307-0534,63.1,Eu II,,-1.21,0.2,
J0307-0534,66.1,Dy II,,-0.72,0.02,
J0307-0534,76.0,Os I,,-0.63,0.1,
J0307-0534,106.0,C-H,,6.64,0.01,
J0313-1020,11.0,Na I,,4.09,0.07,
J0313-1020,12.0,Mg I,,5.87,0.0,
J0313-1020,14.0,Si I,,5.94,0.1,
J0313-1020,19.0,K I,,3.72,0.1,
J0313-1020,20.0,Ca I,,4.64,0.05,
J0313-1020,21.1,Sc II,,1.08,0.1,
J0313-1020,22.0,Ti I,,3.18,0.01,
J0313-1020,22.1,Ti II,,3.1,0.01,
J0313-1020,23.0,V I,,3.29,0.01,
J0313-1020,24.0,Cr I,,3.78,0.01,
J0313-1020,25.0,Mn I,,2.89,0.34,
J0313-1020,26.0,Fe I,,5.45,,0.02
J0313-1020,26.1,Fe II,,5.42,,0.04
J0313-1020,27.0,Co I,,2.93,0.04,
J0313-1020,28.0,Ni I,,4.05,0.03,
J0313-1020,30.0,Zn I,,2.56,0.01,
J0313-1020,38.1,Sr II,,0.65,0.04,
J0313-1020,39.1,Y II,,-0.18,0.0,
J0313-1020,40.1,Zr II,,0.61,0.07,
J0313-1020,56.1,Ba II,,0.01,0.07,
J0313-1020,57.1,La II,,-0.82,0.03,
J0313-1020,58.1,Ce II,,-0.34,0.1,
J0313-1020,59.1,Pr II,,-1.06,0.06,
J0313-1020,60.1,Nd II,,-0.32,0.1,
J0313-1020,63.1,Eu II,,-1.11,0.2,
J0313-1020,66.1,Dy II,,-0.67,0.06,
J0313-1020,90.1,Th II,,-1.3,0.1,
J0313-1020,106.0,C-H,,6.55,0.02,
J0343-0924,11.0,Na I,,4.17,0.07,
J0343-0924,12.0,Mg I,,6.16,0.0,
J0343-0924,14.0,Si I,,6.07,0.07,
J0343-0924,19.0,K I,,3.49,0.1,
J0343-0924,20.0,Ca I,,4.84,0.04,
J0343-0924,21.1,Sc II,,1.11,0.1,
J0343-0924,22.0,Ti I,,3.36,0.01,
J0343-0924,22.1,Ti II,,3.31,0.02,
J0343-0924,23.0,V I,,2.17,0.01,
J0343-0924,24.0,Cr I,,3.98,0.01,
J0343-0924,25.0,Mn I,,3.06,0.04,
J0343-0924,26.0,Fe I,,5.58,,0.01
J0343-0924,26.1,Fe II,,5.6,,0.05
J0343-0924,27.0,Co I,,3.0,0.05,
J0343-0924,28.0,Ni I,,4.27,0.03,
J0343-0924,29.0,Cu I,,1.44,0.09,
J0343-0924,30.0,Zn I,,2.61,0.01,
J0343-0924,38.1,Sr II,,0.93,0.05,
J0343-0924,39.1,Y II,,-0.03,0.07,
J0343-0924,40.1,Zr II,,0.61,0.07,
J0343-0924,56.1,Ba II,,0.19,0.12,
J0343-0924,57.1,La II,,-0.89,0.02,
J0343-0924,58.1,Ce II,,-0.61,0.07,
J0343-0924,59.1,Pr II,,-0.97,0.07,
J0343-0924,60.1,Nd II,,-0.36,0.11,
J0343-0924,63.1,Eu II,,-1.02,0.2,
J0343-0924,66.1,Dy II,,-0.39,0.02,
J0343-0924,90.1,Th II,,-1.52,0.07,
J0343-0924,106.0,C-H,,6.75,0.01,
J0346-0730,11.0,Na I,,4.05,0.06,
J0346-0730,12.0,Mg I,,5.95,0.0,
J0346-0730,14.0,Si I,,5.88,0.1,
J0346-0730,19.0,K I,,3.62,0.1,
J0346-0730,20.0,Ca I,,4.68,0.04,
J0346-0730,21.1,Sc II,,1.17,0.1,
J0346-0730,22.0,Ti I,,3.23,0.01,
J0346-0730,22.1,Ti II,,3.16,0.01,
J0346-0730,23.0,V I,,1.59,0.01,
J0346-0730,24.0,Cr I,,3.75,0.01,
J0346-0730,25.0,Mn I,,3.07,0.05,
J0346-0730,26.0,Fe I,,5.51,,0.01
J0346-0730,26.1,Fe II,,5.49,,0.03
J0346-0730,27.0,Co I,,3.0,0.05,
J0346-0730,28.0,Ni I,,4.13,0.02,
J0346-0730,29.0,Cu I,,1.25,0.01,
J0346-0730,30.0,Zn I,,2.49,0.01,
J0346-0730,38.1,Sr II,,0.99,0.03,
J0346-0730,39.1,Y II,,-0.26,0.05,
J0346-0730,40.1,Zr II,,0.6,0.07,
J0346-0730,56.1,Ba II,,0.0,0.1,
J0346-0730,57.1,La II,,-1.13,0.02,
J0346-0730,58.1,Ce II,,-0.5,0.11,
J0346-0730,59.1,Pr II,,-0.96,0.07,
J0346-0730,60.1,Nd II,,-0.53,0.1,
J0346-0730,63.1,Eu II,,-1.31,0.1,
J0346-0730,106.0,C-H,,6.72,0.01,
J0355-0637,12.0,Mg I,,5.69,0.0,
J0355-0637,14.0,Si I,,6.11,0.0,
J0355-0637,19.0,K I,,2.88,0.05,
J0355-0637,20.0,Ca I,,4.4,0.01,
J0355-0637,21.1,Sc II,,0.77,0.1,
J0355-0637,22.0,Ti I,,3.01,0.01,
J0355-0637,22.1,Ti II,,2.85,0.03,
J0355-0637,23.0,V I,,4.24,0.01,
J0355-0637,24.0,Cr I,,3.31,0.01,
J0355-0637,25.0,Mn I,,2.86,0.0,
J0355-0637,26.0,Fe I,,5.12,,0.02
J0355-0637,26.1,Fe II,,5.12,,0.05
J0355-0637,27.0,Co I,,2.76,0.06,
J0355-0637,28.0,Ni I,,3.93,0.0,
J0355-0637,30.0,Zn I,,2.23,0.02,
J0355-0637,38.1,Sr II,,0.99,0.05,
J0355-0637,39.1,Y II,,-0.35,0.0,
J0355-0637,40.1,Zr II,,0.38,0.13,
J0355-0637,56.1,Ba II,,-0.48,0.4,
J0355-0637,63.1,Eu II,,-1.61,0.15,
J0355-0637,106.0,C-H,,5.76,0.02,
J0419-0517,11.0,Na I,,4.16,0.07,
J0419-0517,12.0,Mg I,,6.12,0.0,
J0419-0517,14.0,Si I,,5.86,0.1,
J0419-0517,19.0,K I,,3.64,0.1,
J0419-0517,20.0,Ca I,,4.66,0.04,
J0419-0517,21.1,Sc II,,1.31,0.1,
J0419-0517,22.0,Ti I,,3.1,0.01,
J0419-0517,22.1,Ti II,,3.25,0.01,
J0419-0517,23.0,V I,,2.23,0.01,
J0419-0517,24.0,Cr I,,3.98,0.01,
J0419-0517,25.0,Mn I,,3.04,0.18,
J0419-0517,26.0,Fe I,,5.48,,0.01
J0419-0517,26.1,Fe II,,5.45,,0.04
J0419-0517,27.0,Co I,,2.95,0.04,
J0419-0517,28.0,Ni I,,4.17,0.04,
J0419-0517,29.0,Cu I,,1.31,0.08,
J0419-0517,30.0,Zn I,,2.61,0.01,
J0419-0517,38.1,Sr II,,1.08,0.04,
J0419-0517,39.1,Y II,,0.09,0.1,
J0419-0517,40.1,Zr II,,0.56,0.07,
J0419-0517,56.1,Ba II,,0.16,0.13,
J0419-0517,57.1,La II,,-0.69,0.02,
J0419-0517,58.1,Ce II,,-0.4,0.1,
J0419-0517,59.1,Pr II,,-0.92,0.1,
J0419-0517,60.1,Nd II,,-0.32,0.07,
J0419-0517,62.1,Sm II,,-0.83,0.1,
J0419-0517,63.1,Eu II,,-1.1,0.2,
J0419-0517,106.0,C-H,,6.61,0.01,
J0423-1315,12.0,Mg I,,5.64,0.0,
J0423-1315,14.0,Si I,,5.65,0.0,
J0423-1315,20.0,Ca I,,4.22,0.07,
J0423-1315,21.1,Sc II,,0.93,0.0,
J0423-1315,22.0,Ti I,,2.71,0.01,
J0423-1315,22.1,Ti II,,2.83,0.02,
J0423-1315,23.0,V I,,1.97,0.01,
J0423-1315,24.0,Cr I,,3.27,0.01,
J0423-1315,25.0,Mn I,,2.7,0.33,
J0423-1315,26.0,Fe I,,5.12,,0.01
J0423-1315,26.1,Fe II,,5.14,,0.04
J0423-1315,27.0,Co I,,2.57,0.09,
J0423-1315,28.0,Ni I,,3.71,0.04,
J0423-1315,29.0,Cu I,,0.81,0.03,
J0423-1315,30.0,Zn I,,2.06,0.01,
J0423-1315,38.1,Sr II,,0.25,0.04,
J0423-1315,39.1,Y II,,-0.53,0.1,
J0423-1315,56.1,Ba II,,-0.49,0.15,
J0423-1315,60.1,Nd II,,-0.9,0.0,
J0423-1315,63.1,Eu II,,-1.78,0.2,
J0423-1315,106.0,C-H,,6.63,0.01,
J0434-2325,11.0,Na I,,5.12,,
J0434-2325,14.0,Si I,,6.0,0.05,
J0434-2325,20.0,Ca I,,4.87,0.02,
J0434-2325,21.1,Sc II,,1.75,0.0,
J0434-2325,22.0,Ti I,,3.49,0.01,
J0434-2325,22.1,Ti II,,3.39,0.01,
J0434-2325,23.0,V I,,2.4,0.01,
J0434-2325,24.0,Cr I,,4.06,0.01,
J0434-2325,25.0,Mn I,,3.19,0.01,
J0434-2325,26.0,Fe I,,5.61,,0.02
J0434-2325,26.1,Fe II,,5.63,,0.04
J0434-2325,27.0,Co I,,3.17,0.05,
J0434-2325,28.0,Ni I,,4.27,0.04,
J0434-2325,29.0,Cu I,,1.67,0.03,
J0434-2325,30.0,Zn I,,2.75,0.01,
J0434-2325,38.1,Sr II,,0.56,0.04,
J0434-2325,39.1,Y II,,-0.77,0.06,
J0434-2325,56.1,Ba II,,-1.98,0.13,
J0434-2325,63.1,Eu II,<,-1.9,0.07,
J0434-2325,106.0,C-H,,6.77,0.02,
J0441-2303,12.0,Mg I,,5.35,0.0,
J0441-2303,14.0,Si I,,6.57,0.0,
J0441-2303,19.0,K I,,2.88,0.18,
J0441-2303,20.0,Ca I,,4.09,0.41,
J0441-2303,21.1,Sc II,,0.45,0.1,
J0441-2303,22.0,Ti I,,2.89,0.02,
J0441-2303,22.1,Ti II,,2.76,0.07,
J0441-2303,23.0,V I,,2.09,0.07,
J0441-2303,24.0,Cr I,,3.52,0.02,
J0441-2303,26.0,Fe I,,5.02,,0.03
J0441-2303,26.1,Fe II,,4.99,,0.05
J0441-2303,28.0,Ni I,,3.8,0.0,
J0441-2303,38.1,Sr II,,0.17,0.05,
J0441-2303,56.1,Ba II,,-0.71,0.2,
J0441-2303,63.1,Eu II,<,-1.41,0.2,
J0441-2303,106.0,C-H,,6.59,0.03,
J0453-2437,14.0,Si I,,5.78,0.0,
J0453-2437,19.0,K I,,2.89,0.0,
J0453-2437,20.0,Ca I,,4.12,0.04,
J0453-2437,21.1,Sc II,,0.77,0.1,
J0453-2437,22.0,Ti I,,2.79,0.01,
J0453-2437,22.1,Ti II,,2.75,0.03,
J0453-2437,23.0,V I,,2.35,0.01,
J0453-2437,24.0,Cr I,,3.14,0.01,
J0453-2437,25.0,Mn I,,2.45,0.34,
J0453-2437,26.0,Fe I,,5.06,,0.01
J0453-2437,26.1,Fe II,,5.07,,0.04
J0453-2437,27.0,Co I,,2.43,0.06,
J0453-2437,28.0,Ni I,,3.65,0.02,
J0453-2437,30.0,Zn I,,2.34,0.01,
J0453-2437,38.1,Sr II,,0.22,0.04,
J0453-2437,39.1,Y II,,-0.56,0.0,
J0453-2437,56.1,Ba II,,-0.3,0.2,
J0453-2437,58.1,Ce II,,-0.47,0.0,
J0453-2437,60.1,Nd II,,-0.53,0.1,
J0453-2437,63.1,Eu II,,-1.33,0.1,
J0453-2437,106.0,C-H,,5.95,0.01,
J0456-3115,8.0,O I,,6.9,0.1,
J0456-3115,12.0,Mg I,,5.82,0.1,
J0456-3115,14.0,Si I,,5.65,0.0,
J0456-3115,19.0,K I,,3.26,0.1,
J0456-3115,20.0,Ca I,,4.52,0.04,
J0456-3115,21.1,Sc II,,1.07,0.1,
J0456-3115,22.0,Ti I,,2.98,0.0,
J0456-3115,22.1,Ti II,,3.04,0.01,
J0456-3115,23.0,V I,,1.91,0.0,
J0456-3115,24.0,Cr I,,3.54,0.01,
J0456-3115,25.0,Mn I,,2.98,0.05,
J0456-3115,26.0,Fe I,,5.31,,0.01
J0456-3115,26.1,Fe II,,5.29,,0.04
J0456-3115,27.0,Co I,,2.89,0.07,
J0456-3115,28.0,Ni I,,3.97,0.03,
J0456-3115,29.0,Cu I,,1.15,0.06,
J0456-3115,30.0,Zn I,,2.7,0.01,
J0456-3115,38.1,Sr II,,0.7,0.04,
J0456-3115,39.1,Y II,,-0.22,0.07,
J0456-3115,56.1,Ba II,,-0.34,0.17,
J0456-3115,57.1,La II,,-0.75,0.02,
J0456-3115,58.1,Ce II,,-0.79,0.0,
J0456-3115,60.1,Nd II,,-0.76,0.1,
J0456-3115,63.1,Eu II,,-1.33,0.2,
J0456-3115,106.0,C-H,,6.69,0.01,
J0505-2145,12.0,Mg I,,5.73,0.0,
J0505-2145,14.0,Si I,,5.94,0.0,
J0505-2145,19.0,K I,,3.27,0.1,
J0505-2145,20.0,Ca I,,4.5,0.04,
J0505-2145,21.1,Sc II,,0.89,0.1,
J0505-2145,22.0,Ti I,,3.17,0.01,
J0505-2145,22.1,Ti II,,2.97,0.02,
J0505-2145,23.0,V I,,2.58,0.02,
J0505-2145,24.0,Cr I,,3.51,0.01,
J0505-2145,25.0,Mn I,,2.85,0.23,
J0505-2145,26.0,Fe I,,5.34,,0.02
J0505-2145,26.1,Fe II,,5.36,,0.04
J0505-2145,27.0,Co I,,2.74,0.07,
J0505-2145,28.0,Ni I,,3.98,0.01,
J0505-2145,30.0,Zn I,,2.55,0.01,
J0505-2145,38.1,Sr II,,0.49,0.04,
J0505-2145,39.1,Y II,,-0.17,0.0,
J0505-2145,56.1,Ba II,,-0.3,0.18,
J0505-2145,63.1,Eu II,,-1.49,0.2,
J0505-2145,106.0,C-H,,6.71,0.02,
J0517-1342,12.0,Mg I,,5.78,0.0,
J0517-1342,14.0,Si I,,6.06,0.0,
J0517-1342,19.0,K I,,3.15,0.01,
J0517-1342,20.0,Ca I,,4.48,0.09,
J0517-1342,21.1,Sc II,,0.89,0.1,
J0517-1342,22.0,Ti I,,3.0,0.0,
J0517-1342,22.1,Ti II,,2.94,0.02,
J0517-1342,23.0,V I,,1.39,0.01,
J0517-1342,24.0,Cr I,,3.64,0.01,
J0517-1342,25.0,Mn I,,2.72,0.04,
J0517-1342,26.0,Fe I,,5.36,,0.01
J0517-1342,26.1,Fe II,,5.34,,0.03
J0517-1342,27.0,Co I,,2.81,0.06,
J0517-1342,28.0,Ni I,,3.99,0.01,
J0517-1342,30.0,Zn I,,2.32,0.01,
J0517-1342,38.1,Sr II,,0.3,0.03,
J0517-1342,39.1,Y II,,-0.31,0.0,
J0517-1342,40.1,Zr II,,0.36,0.07,
J0517-1342,56.1,Ba II,,-0.39,0.1,
J0517-1342,63.1,Eu II,,-1.41,0.11,
J0517-1342,106.0,C-H,,6.33,0.01,
J0525-3049,12.0,Mg I,,5.94,0.0,
J0525-3049,14.0,Si I,,6.16,0.0,
J0525-3049,19.0,K I,,3.53,0.02,
J0525-3049,20.0,Ca I,,4.65,0.09,
J0525-3049,21.1,Sc II,,1.09,0.1,
J0525-3049,22.0,Ti I,,3.33,0.02,
J0525-3049,22.1,Ti II,,3.06,0.03,
J0525-3049,24.0,Cr I,,3.52,0.02,
J0525-3049,25.0,Mn I,,2.94,0.0,
J0525-3049,26.0,Fe I,,5.32,,0.02
J0525-3049,26.1,Fe II,,5.32,,0.08
J0525-3049,28.0,Ni I,,4.33,0.01,
J0525-3049,38.1,Sr II,,1.09,0.08,
J0525-3049,39.1,Y II,,0.08,0.0,
J0525-3049,56.1,Ba II,,0.02,0.3,
J0525-3049,63.1,Eu II,,-1.54,0.15,
J0525-3049,106.0,C-H,,6.46,0.02,
J0610-3141,12.0,Mg I,,4.92,0.0,
J0610-3141,19.0,K I,,2.48,0.1,
J0610-3141,20.0,Ca I,,3.88,0.0,
J0610-3141,21.1,Sc II,,0.47,0.1,
J0610-3141,22.0,Ti I,,2.54,0.02,
J0610-3141,22.1,Ti II,,2.46,0.09,
J0610-3141,23.0,V I,,3.62,0.04,
J0610-3141,24.0,Cr I,,3.28,0.02,
J0610-3141,25.0,Mn I,,2.55,0.3,
J0610-3141,26.0,Fe I,,4.76,,0.03
J0610-3141,26.1,Fe II,,4.72,,0.06
J0610-3141,28.0,Ni I,,3.8,0.06,
J0610-3141,38.1,Sr II,,-0.24,0.06,
J0610-3141,56.1,Ba II,,-2.13,,
J0610-3141,63.1,Eu II,<,-0.92,0.2,
J0610-3141,106.0,C-H,<,6.29,0.03,
J0705-3343,12.0,Mg I,,5.64,0.0,
J0705-3343,14.0,Si I,,5.94,0.0,
J0705-3343,19.0,K I,,3.06,0.1,
J0705-3343,20.0,Ca I,,4.35,0.05,
J0705-3343,21.1,Sc II,,0.79,0.1,
J0705-3343,22.0,Ti I,,2.94,0.01,
J0705-3343,22.1,Ti II,,2.79,0.02,
J0705-3343,23.0,V I,,2.89,0.01,
J0705-3343,24.0,Cr I,,3.45,0.01,
J0705-3343,25.0,Mn I,,2.82,1.05,
J0705-3343,26.0,Fe I,,5.26,,0.02
J0705-3343,26.1,Fe II,,5.23,,0.04
J0705-3343,27.0,Co I,,3.04,0.09,
J0705-3343,28.0,Ni I,,3.9,0.07,
J0705-3343,30.0,Zn I,,2.37,0.01,
J0705-3343,38.1,Sr II,,0.66,0.04,
J0705-3343,39.1,Y II,,-0.29,0.0,
J0705-3343,56.1,Ba II,,-0.23,0.12,
J0705-3343,58.1,Ce II,,-0.43,0.0,
J0705-3343,63.1,Eu II,,-1.1,0.15,
J0705-3343,106.0,C-H,,6.46,0.02,
J0711-3432,12.0,Mg I,,5.95,0.0,
J0711-3432,14.0,Si I,,6.05,0.0,
J0711-3432,19.0,K I,,3.45,0.1,
J0711-3432,20.0,Ca I,,4.66,0.04,
J0711-3432,21.1,Sc II,,1.08,0.1,
J0711-3432,22.0,Ti I,,3.14,0.01,
J0711-3432,22.1,Ti II,,3.18,0.02,
J0711-3432,23.0,V I,,3.59,0.01,
J0711-3432,24.0,Cr I,,3.93,0.02,
J0711-3432,25.0,Mn I,,3.27,0.04,
J0711-3432,26.0,Fe I,,5.54,,0.02
J0711-3432,26.1,Fe II,,5.49,,0.06
J0711-3432,28.0,Ni I,,4.16,0.01,
J0711-3432,30.0,Zn I,,2.65,0.02,
J0711-3432,38.1,Sr II,<,1.15,0.06,
J0711-3432,39.1,Y II,,0.32,0.0,
J0711-3432,56.1,Ba II,,0.72,0.4,
J0711-3432,57.1,La II,,-0.04,0.04,
J0711-3432,63.1,Eu II,,-0.14,,
J0711-3432,106.0,C-H,,6.94,0.02,
J0910-1444,12.0,Mg I,,4.89,0.0,
J0910-1444,14.0,Si I,,5.19,0.0,
J0910-1444,19.0,K I,,2.47,0.06,
J0910-1444,20.0,Ca I,,3.49,0.44,
J0910-1444,21.1,Sc II,,-0.08,0.1,
J0910-1444,22.0,Ti I,,1.81,0.03,
J0910-1444,22.1,Ti II,,1.81,0.04,
J0910-1444,24.0,Cr I,,3.33,0.02,
J0910-1444,26.0,Fe I,,4.46,,0.02
J0910-1444,26.1,Fe II,,4.46,,0.05
J0910-1444,27.0,Co I,,2.53,0.02,
J0910-1444,28.0,Ni I,,3.41,0.0,
J0910-1444,38.1,Sr II,,-0.37,0.05,
J0910-1444,39.1,Y II,,-0.98,0.0,
J0910-1444,56.1,Ba II,,-2.5,0.3,
J0910-1444,63.1,Eu II,<,-2.49,0.14,
J0910-1444,106.0,C-H,,5.63,0.02,
J0918-2311,12.0,Mg I,,5.78,0.0,
J0918-2311,14.0,Si I,,5.71,0.0,
J0918-2311,19.0,K I,,3.15,0.1,
J0918-2311,20.0,Ca I,,4.46,0.03,
J0918-2311,21.1,Sc II,,1.02,0.1,
J0918-2311,22.0,Ti I,,3.03,0.01,
J0918-2311,22.1,Ti II,,3.02,0.01,
J0918-2311,23.0,V I,,2.75,0.0,
J0918-2311,24.0,Cr I,,3.66,0.01,
J0918-2311,25.0,Mn I,,2.92,0.3,
J0918-2311,26.0,Fe I,,5.45,,0.01
J0918-2311,26.1,Fe II,,5.42,,0.03
J0918-2311,27.0,Co I,,2.96,0.08,
J0918-2311,28.0,Ni I,,4.01,0.03,
J0918-2311,30.0,Zn I,,2.49,0.01,
J0918-2311,38.1,Sr II,,0.31,0.03,
J0918-2311,39.1,Y II,,-0.28,0.0,
J0918-2311,56.1,Ba II,,0.07,0.1,
J0918-2311,57.1,La II,,-0.79,0.02,
J0918-2311,58.1,Ce II,,-0.41,0.0,
J0918-2311,59.1,Pr II,,-0.85,0.04,
J0918-2311,60.1,Nd II,,-0.36,0.06,
J0918-2311,62.1,Sm II,,-0.75,0.07,
J0918-2311,63.1,Eu II,,-0.82,0.1,
J0918-2311,66.1,Dy II,,-0.31,0.02,
J0918-2311,106.0,C-H,,6.7,0.01,
J0929-2905,12.0,Mg I,,5.51,0.0,
J0929-2905,19.0,K I,,3.17,0.1,
J0929-2905,20.0,Ca I,,4.36,0.0,
J0929-2905,21.1,Sc II,,0.8,0.1,
J0929-2905,22.0,Ti I,,2.87,0.01,
J0929-2905,22.1,Ti II,,2.9,0.02,
J0929-2905,23.0,V I,,3.75,0.01,
J0929-2905,24.0,Cr I,,3.54,0.01,
J0929-2905,25.0,Mn I,,2.7,0.28,
J0929-2905,26.0,Fe I,,5.18,,0.02
J0929-2905,26.1,Fe II,,5.18,,0.06
J0929-2905,27.0,Co I,,2.31,0.01,
J0929-2905,28.0,Ni I,,3.8,0.01,
J0929-2905,30.0,Zn I,,2.29,0.01,
J0929-2905,38.1,Sr II,,0.19,0.06,
J0929-2905,39.1,Y II,,-0.48,0.0,
J0929-2905,56.1,Ba II,,-0.51,0.13,
J0929-2905,63.1,Eu II,,-1.66,0.2,
J0929-2905,106.0,C-H,,6.22,0.02,
J0946-0626,11.0,Na I,,4.06,0.08,
J0946-0626,12.0,Mg I,,6.01,0.0,
J0946-0626,14.0,Si I,,5.94,0.1,
J0946-0626,19.0,K I,,3.58,0.1,
J0946-0626,20.0,Ca I,,4.79,0.04,
J0946-0626,21.1,Sc II,,1.23,0.1,
J0946-0626,22.0,Ti I,,3.27,0.01,
J0946-0626,22.1,Ti II,,3.22,0.01,
J0946-0626,23.0,V I,,2.14,0.01,
J0946-0626,24.0,Cr I,,3.92,0.01,
J0946-0626,25.0,Mn I,,3.09,0.04,
J0946-0626,26.0,Fe I,,5.51,,0.02
J0946-0626,26.1,Fe II,,5.49,,0.04
J0946-0626,27.0,Co I,,3.12,0.07,
J0946-0626,28.0,Ni I,,4.17,0.05,
J0946-0626,29.0,Cu I,,0.89,0.05,
J0946-0626,30.0,Zn I,,2.61,0.01,
J0946-0626,38.1,Sr II,,0.91,0.04,
J0946-0626,39.1,Y II,,0.03,0.1,
J0946-0626,40.1,Zr II,,0.82,0.07,
J0946-0626,56.1,Ba II,,0.12,0.13,
J0946-0626,57.1,La II,,-0.81,0.02,
J0946-0626,58.1,Ce II,,-0.19,0.15,
J0946-0626,59.1,Pr II,,-1.06,0.07,
J0946-0626,60.1,Nd II,,-0.35,0.05,
J0946-0626,62.1,Sm II,,-0.9,0.07,
J0946-0626,63.1,Eu II,,-1.12,0.1,
J0946-0626,106.0,C-H,,6.65,0.02,
J0949-1617,12.0,Mg I,,5.64,0.0,
J0949-1617,14.0,Si I,,5.66,0.0,
J0949-1617,19.0,K I,,3.04,0.1,
J0949-1617,20.0,Ca I,,4.42,0.02,
J0949-1617,21.1,Sc II,,0.91,0.1,
J0949-1617,22.0,Ti I,,3.01,0.01,
J0949-1617,22.1,Ti II,,2.99,0.02,
J0949-1617,23.0,V I,,3.17,0.01,
J0949-1617,24.0,Cr I,,3.58,0.01,
J0949-1617,25.0,Mn I,,2.75,1.43,
J0949-1617,26.0,Fe I,,5.26,,0.02
J0949-1617,26.1,Fe II,,5.29,,0.03
J0949-1617,27.0,Co I,,2.72,0.09,
J0949-1617,28.0,Ni I,,3.93,0.06,
J0949-1617,30.0,Zn I,,2.39,0.02,
J0949-1617,38.1,Sr II,,0.79,0.03,
J0949-1617,39.1,Y II,,-0.06,0.0,
J0949-1617,56.1,Ba II,,0.55,0.16,
J0949-1617,57.1,La II,,-0.53,0.03,
J0949-1617,58.1,Ce II,,-0.1,0.0,
J0949-1617,60.1,Nd II,,-0.24,0.02,
J0949-1617,63.1,Eu II,,-1.36,0.15,
J0949-1617,106.0,C-H,,7.45,0.02,
J0950-2506,12.0,Mg I,,5.52,0.0,
J0950-2506,14.0,Si I,,5.98,0.0,
J0950-2506,19.0,K I,,2.86,0.09,
J0950-2506,20.0,Ca I,,4.05,0.03,
J0950-2506,21.1,Sc II,,0.77,0.1,
J0950-2506,22.0,Ti I,,2.71,0.01,
J0950-2506,22.1,Ti II,,2.6,0.09,
J0950-2506,23.0,V I,,2.16,0.02,
J0950-2506,24.0,Cr I,,3.19,0.02,
J0950-2506,26.0,Fe I,,4.94,,0.02
J0950-2506,26.1,Fe II,,4.96,,0.08
J0950-2506,27.0,Co I,,3.43,0.04,
J0950-2506,28.0,Ni I,,3.67,0.0,
J0950-2506,38.1,Sr II,,-0.11,0.08,
J0950-2506,39.1,Y II,,-0.57,0.0,
J0950-2506,56.1,Ba II,,-0.95,0.14,
J0950-2506,63.1,Eu II,<,-1.94,0.2,
J0950-2506,106.0,C-H,,6.08,0.02,
J0952-0855,12.0,Mg I,,5.22,0.0,
J0952-0855,14.0,Si I,,5.82,0.0,
J0952-0855,19.0,K I,,2.35,0.03,
J0952-0855,20.0,Ca I,,3.86,0.23,
J0952-0855,21.1,Sc II,,0.23,0.1,
J0952-0855,22.0,Ti I,,2.29,0.02,
J0952-0855,22.1,Ti II,,2.4,0.02,
J0952-0855,23.0,V I,,2.86,0.01,
J0952-0855,24.0,Cr I,,2.91,0.01,
J0952-0855,25.0,Mn I,,2.36,0.0,
J0952-0855,26.0,Fe I,,4.71,,0.02
J0952-0855,26.1,Fe II,,4.69,,0.05
J0952-0855,27.0,Co I,,2.62,0.01,
J0952-0855,28.0,Ni I,,3.38,0.01,
J0952-0855,38.1,Sr II,,0.08,0.05,
J0952-0855,39.1,Y II,,-0.76,0.0,
J0952-0855,56.1,Ba II,,-1.66,0.1,
J0952-0855,63.1,Eu II,<,-2.03,0.2,
J0952-0855,106.0,C-H,,6.23,0.02,
J0958-1446,12.0,Mg I,,5.74,0.0,
J0958-1446,14.0,Si I,,5.68,0.0,
J0958-1446,19.0,K I,,3.03,0.03,
J0958-1446,20.0,Ca I,,4.38,0.05,
J0958-1446,21.1,Sc II,,0.91,0.1,
J0958-1446,22.0,Ti I,,2.92,0.01,
J0958-1446,22.1,Ti II,,2.88,0.02,
J0958-1446,23.0,V I,,2.15,0.01,
J0958-1446,24.0,Cr I,,3.49,0.01,
J0958-1446,25.0,Mn I,,2.48,0.54,
J0958-1446,26.0,Fe I,,5.17,,0.02
J0958-1446,26.1,Fe II,,5.18,,0.06
J0958-1446,27.0,Co I,,2.67,0.07,
J0958-1446,28.0,Ni I,,3.92,0.06,
J0958-1446,30.0,Zn I,,2.29,0.01,
J0958-1446,38.1,Sr II,,1.13,0.06,
J0958-1446,39.1,Y II,,-0.32,0.0,
J0958-1446,56.1,Ba II,,0.05,0.13,
J0958-1446,60.1,Nd II,,-0.72,0.0,
J0958-1446,63.1,Eu II,,-1.22,0.2,
J0958-1446,106.0,C-H,,6.13,0.02,
J1004-2706,12.0,Mg I,,5.65,0.0,
J1004-2706,19.0,K I,,2.88,0.02,
J1004-2706,20.0,Ca I,,4.21,0.0,
J1004-2706,21.1,Sc II,,0.68,0.1,
J1004-2706,22.0,Ti I,,2.78,0.01,
J1004-2706,22.1,Ti II,,2.7,0.03,
J1004-2706,23.0,V I,,4.87,0.01,
J1004-2706,24.0,Cr I,,3.57,0.01,
J1004-2706,25.0,Mn I,,2.59,0.0,
J1004-2706,26.0,Fe I,,5.1,,0.02
J1004-2706,26.1,Fe II,,5.08,,0.04
J1004-2706,28.0,Ni I,,3.78,0.0,
J1004-2706,30.0,Zn I,,2.36,0.01,
J1004-2706,38.1,Sr II,,0.47,0.04,
J1004-2706,39.1,Y II,,-0.05,0.0,
J1004-2706,56.1,Ba II,,-0.6,0.14,
J1004-2706,63.1,Eu II,,-1.47,0.15,
J1004-2706,106.0,C-H,,6.58,0.02,
J1022-3400,12.0,Mg I,,5.91,0.0,
J1022-3400,14.0,Si I,,5.83,0.0,
J1022-3400,19.0,K I,,3.35,0.02,
J1022-3400,20.0,Ca I,,4.59,0.04,
J1022-3400,21.1,Sc II,,0.98,0.1,
J1022-3400,22.0,Ti I,,3.04,0.01,
J1022-3400,22.1,Ti II,,3.04,0.01,
J1022-3400,23.0,V I,,3.49,0.01,
J1022-3400,24.0,Cr I,,3.63,0.01,
J1022-3400,25.0,Mn I,,2.72,0.62,
J1022-3400,26.0,Fe I,,5.36,,0.02
J1022-3400,26.1,Fe II,,5.31,,0.04
J1022-3400,27.0,Co I,,2.88,0.04,
J1022-3400,28.0,Ni I,,4.02,0.03,
J1022-3400,30.0,Zn I,,2.41,0.01,
J1022-3400,38.1,Sr II,,1.08,0.04,
J1022-3400,39.1,Y II,,-0.25,0.0,
J1022-3400,56.1,Ba II,,-0.25,0.1,
J1022-3400,57.1,La II,,-0.47,0.05,
J1022-3400,63.1,Eu II,,-1.25,0.2,
J1022-3400,106.0,C-H,,6.44,0.02,
J1031-0827,12.0,Mg I,,5.71,0.0,
J1031-0827,19.0,K I,,2.92,0.02,
J1031-0827,20.0,Ca I,,4.45,0.0,
J1031-0827,21.1,Sc II,,0.86,0.1,
J1031-0827,22.0,Ti I,,3.06,0.01,
J1031-0827,22.1,Ti II,,2.97,0.02,
J1031-0827,24.0,Cr I,,3.72,0.01,
J1031-0827,25.0,Mn I,,2.69,0.0,
J1031-0827,26.0,Fe I,,5.26,,0.02
J1031-0827,26.1,Fe II,,5.22,,0.06
J1031-0827,27.0,Co I,,2.66,0.1,
J1031-0827,28.0,Ni I,,3.94,0.08,
J1031-0827,30.0,Zn I,,2.32,0.01,
J1031-0827,38.1,Sr II,,0.87,0.06,
J1031-0827,39.1,Y II,,-0.16,0.0,
J1031-0827,56.1,Ba II,,-0.29,0.1,
J1031-0827,63.1,Eu II,,-1.46,0.2,
J1031-0827,106.0,C-H,,5.96,0.02,
J1036-1934,11.0,Na I,,4.19,0.06,
J1036-1934,12.0,Mg I,,5.95,0.0,
J1036-1934,14.0,Si I,,6.2,0.1,
J1036-1934,20.0,Ca I,,4.73,0.02,
J1036-1934,21.1,Sc II,,1.09,0.0,
J1036-1934,22.0,Ti I,,3.23,0.01,
J1036-1934,22.1,Ti II,,3.14,0.02,
J1036-1934,23.0,V I,,3.17,0.01,
J1036-1934,24.0,Cr I,,3.69,0.01,
J1036-1934,25.0,Mn I,,2.86,0.31,
J1036-1934,26.0,Fe I,,5.5,,0.02
J1036-1934,26.1,Fe II,,5.48,,0.05
J1036-1934,27.0,Co I,,2.79,0.05,
J1036-1934,28.0,Ni I,,4.07,0.01,
J1036-1934,30.0,Zn I,,2.54,0.01,
J1036-1934,38.1,Sr II,,1.09,0.05,
J1036-1934,39.1,Y II,,-0.06,0.0,
J1036-1934,56.1,Ba II,,-0.2,0.1,
J1036-1934,57.1,La II,,-0.88,0.05,
J1036-1934,63.1,Eu II,,-1.22,0.2,
J1036-1934,106.0,C-H,,6.76,0.02,
J1049-1154,12.0,Mg I,,5.7,0.0,
J1049-1154,14.0,Si I,,6.24,0.0,
J1049-1154,19.0,K I,,3.48,0.1,
J1049-1154,20.0,Ca I,,4.5,0.06,
J1049-1154,21.1,Sc II,,1.09,0.1,
J1049-1154,22.0,Ti I,,2.98,0.01,
J1049-1154,22.1,Ti II,,3.16,0.03,
J1049-1154,23.0,V I,,3.11,0.01,
J1049-1154,24.0,Cr I,,3.95,0.02,
J1049-1154,25.0,Mn I,,2.69,0.38,
J1049-1154,26.0,Fe I,,5.32,,0.02
J1049-1154,26.1,Fe II,,5.28,,0.05
J1049-1154,27.0,Co I,,2.61,0.04,
J1049-1154,28.0,Ni I,,4.01,0.07,
J1049-1154,30.0,Zn I,,2.48,0.04,
J1049-1154,38.1,Sr II,,0.63,0.05,
J1049-1154,39.1,Y II,,-0.23,0.0,
J1049-1154,56.1,Ba II,,-0.16,0.1,
J1049-1154,63.1,Eu II,,-1.33,0.2,
J1049-1154,106.0,C-H,,5.84,0.02,
J1051-2115,11.0,Na I,,4.46,0.07,
J1051-2115,12.0,Mg I,,6.31,0.0,
J1051-2115,14.0,Si I,,6.37,0.07,
J1051-2115,20.0,Ca I,,5.04,0.01,
J1051-2115,21.1,Sc II,,1.37,0.0,
J1051-2115,22.0,Ti I,,3.43,0.01,
J1051-2115,22.1,Ti II,,3.43,0.01,
J1051-2115,23.0,V I,,2.18,0.01,
J1051-2115,24.0,Cr I,,4.04,0.01,
J1051-2115,25.0,Mn I,,3.17,0.04,
J1051-2115,26.0,Fe I,,5.77,,0.01
J1051-2115,26.1,Fe II,,5.74,,0.04
J1051-2115,27.0,Co I,,3.26,0.05,
J1051-2115,28.0,Ni I,,4.44,0.08,
J1051-2115,29.0,Cu I,,1.61,0.01,
J1051-2115,30.0,Zn I,,3.03,0.01,
J1051-2115,38.1,Sr II,,1.17,0.04,
J1051-2115,39.1,Y II,,0.2,0.07,
J1051-2115,56.1,Ba II,,0.18,0.12,
J1051-2115,57.1,La II,,-0.8,0.02,
J1051-2115,58.1,Ce II,,-0.22,0.0,
J1051-2115,60.1,Nd II,,-0.27,0.06,
J1051-2115,63.1,Eu II,,-0.89,0.2,
J1051-2115,106.0,C-H,,6.97,0.01,
J1059-2052,11.0,Na I,,4.05,0.06,
J1059-2052,12.0,Mg I,,5.85,0.0,
J1059-2052,14.0,Si I,,5.67,0.07,
J1059-2052,19.0,K I,,3.48,0.1,
J1059-2052,20.0,Ca I,,4.56,0.04,
J1059-2052,21.1,Sc II,,1.06,0.1,
J1059-2052,22.0,Ti I,,3.08,0.0,
J1059-2052,22.1,Ti II,,3.07,0.01,
J1059-2052,23.0,V I,,1.8,0.01,
J1059-2052,24.0,Cr I,,3.56,0.01,
J1059-2052,25.0,Mn I,,2.94,0.1,
J1059-2052,26.0,Fe I,,5.34,,0.01
J1059-2052,26.1,Fe II,,5.38,,0.04
J1059-2052,27.0,Co I,,2.87,0.04,
J1059-2052,28.0,Ni I,,4.02,0.03,
J1059-2052,29.0,Cu I,,1.3,0.0,
J1059-2052,30.0,Zn I,,2.48,0.01,
J1059-2052,38.1,Sr II,,0.97,0.04,
J1059-2052,39.1,Y II,,-0.23,0.09,
J1059-2052,40.1,Zr II,,0.73,0.07,
J1059-2052,56.1,Ba II,,-0.05,0.12,
J1059-2052,57.1,La II,,-0.87,0.02,
J1059-2052,58.1,Ce II,,-0.79,0.07,
J1059-2052,59.1,Pr II,,-1.15,0.1,
J1059-2052,60.1,Nd II,,-0.62,0.08,
J1059-2052,62.1,Sm II,,-1.04,0.13,
J1059-2052,63.1,Eu II,,-1.29,0.07,
J1059-2052,66.1,Dy II,,-0.58,0.03,
J1059-2052,76.0,Os I,,-0.36,0.1,
J1059-2052,106.0,C-H,,6.55,0.01,
J1120-2406,12.0,Mg I,,5.47,0.0,
J1120-2406,14.0,Si I,,5.59,0.0,
J1120-2406,19.0,K I,,2.56,0.05,
J1120-2406,20.0,Ca I,,4.13,0.0,
J1120-2406,21.1,Sc II,,0.73,0.1,
J1120-2406,22.0,Ti I,,2.65,0.01,
J1120-2406,22.1,Ti II,,2.7,0.03,
J1120-2406,23.0,V I,,3.49,0.02,
J1120-2406,24.0,Cr I,,3.58,0.01,
J1120-2406,25.0,Mn I,,2.52,1.03,
J1120-2406,26.0,Fe I,,4.97,,0.02
J1120-2406,26.1,Fe II,,4.93,,0.04
J1120-2406,27.0,Co I,,2.68,0.02,
J1120-2406,28.0,Ni I,,3.78,0.03,
J1120-2406,30.0,Zn I,,2.23,0.03,
J1120-2406,38.1,Sr II,,0.18,0.04,
J1120-2406,39.1,Y II,,-0.48,0.0,
J1120-2406,56.1,Ba II,,-0.52,0.15,
J1120-2406,63.1,Eu II,<,-1.85,0.2,
J1120-2406,106.0,C-H,,6.09,0.02,
J1124-2155,12.0,Mg I,,5.7,0.0,
J1124-2155,14.0,Si I,,6.77,0.0,
J1124-2155,19.0,K I,,3.03,0.01,
J1124-2155,20.0,Ca I,,4.37,0.0,
J1124-2155,21.1,Sc II,,0.78,0.1,
J1124-2155,22.0,Ti I,,2.89,0.01,
J1124-2155,22.1,Ti II,,2.84,0.01,
J1124-2155,23.0,V I,,2.33,0.01,
J1124-2155,24.0,Cr I,,3.3,0.01,
J1124-2155,25.0,Mn I,,2.56,0.35,
J1124-2155,26.0,Fe I,,5.17,,0.01
J1124-2155,26.1,Fe II,,5.18,,0.05
J1124-2155,27.0,Co I,,2.64,0.08,
J1124-2155,28.0,Ni I,,3.87,0.01,
J1124-2155,29.0,Cu I,,1.27,0.09,
J1124-2155,30.0,Zn I,,2.32,0.01,
J1124-2155,38.1,Sr II,,0.74,0.05,
J1124-2155,39.1,Y II,,-0.13,0.1,
J1124-2155,40.1,Zr II,,0.75,0.07,
J1124-2155,56.1,Ba II,,-0.32,0.12,
J1124-2155,57.1,La II,,-1.23,0.02,
J1124-2155,58.1,Ce II,,-0.55,0.15,
J1124-2155,63.1,Eu II,,-1.59,0.1,
J1124-2155,106.0,C-H,,6.55,0.01,
J1130-1449,12.0,Mg I,,5.47,0.0,
J1130-1449,14.0,Si I,,5.61,0.0,
J1130-1449,19.0,K I,,2.92,0.02,
J1130-1449,20.0,Ca I,,4.19,0.0,
J1130-1449,21.1,Sc II,,0.76,0.1,
J1130-1449,22.0,Ti I,,2.81,0.01,
J1130-1449,22.1,Ti II,,2.82,0.03,
J1130-1449,23.0,V I,,2.3,0.01,
J1130-1449,26.0,Fe I,,5.05,,0.01
J1130-1449,26.1,Fe II,,5.07,,0.03
J1130-1449,27.0,Co I,,2.61,0.0,
J1130-1449,28.0,Ni I,,3.61,0.0,
J1130-1449,30.0,Zn I,,2.3,0.02,
J1130-1449,38.1,Sr II,,0.5,0.03,
J1130-1449,39.1,Y II,,-0.51,0.0,
J1130-1449,40.1,Zr II,,0.41,0.07,
J1130-1449,56.1,Ba II,,-0.39,0.1,
J1130-1449,57.1,La II,,-0.97,0.07,
J1130-1449,63.1,Eu II,,-1.43,0.07,
J1130-1449,106.0,C-H,,5.89,0.01,
J1139-0558,11.0,Na I,,4.25,0.07,
J1139-0558,12.0,Mg I,,5.85,0.0,
J1139-0558,14.0,Si I,,5.96,0.1,
J1139-0558,19.0,K I,,3.52,0.1,
J1139-0558,20.0,Ca I,,4.58,0.02,
J1139-0558,21.1,Sc II,,1.1,0.1,
J1139-0558,22.0,Ti I,,3.14,0.01,
J1139-0558,22.1,Ti II,,3.12,0.02,
J1139-0558,23.0,V I,,2.82,0.01,
J1139-0558,24.0,Cr I,,3.68,0.01,
J1139-0558,25.0,Mn I,,2.93,0.69,
J1139-0558,26.0,Fe I,,5.52,,0.02
J1139-0558,26.1,Fe II,,5.5,,0.03
J1139-0558,27.0,Co I,,3.0,0.04,
J1139-0558,28.0,Ni I,,4.11,0.04,
J1139-0558,29.0,Cu I,,1.2,0.05,
J1139-0558,30.0,Zn I,,2.57,0.01,
J1139-0558,38.1,Sr II,,0.79,0.03,
J1139-0558,39.1,Y II,,-0.08,0.1,
J1139-0558,56.1,Ba II,,-0.1,0.12,
J1139-0558,57.1,La II,,-0.83,0.02,
J1139-0558,58.1,Ce II,,-0.35,0.0,
J1139-0558,59.1,Pr II,,-0.96,0.11,
J1139-0558,60.1,Nd II,,-0.41,0.07,
J1139-0558,62.1,Sm II,,-0.97,0.1,
J1139-0558,63.1,Eu II,,-1.17,0.2,
J1139-0558,66.1,Dy II,,-0.38,0.06,
J1139-0558,106.0,C-H,,6.78,0.02,
J1144-0409,12.0,Mg I,,5.44,0.0,
J1144-0409,14.0,Si I,,5.45,0.0,
J1144-0409,19.0,K I,,2.93,0.02,
J1144-0409,20.0,Ca I,,4.17,0.0,
J1144-0409,21.1,Sc II,,0.63,0.1,
J1144-0409,22.0,Ti I,,2.59,0.01,
J1144-0409,22.1,Ti II,,2.58,0.01,
J1144-0409,23.0,V I,,3.16,0.0,
J1144-0409,24.0,Cr I,,3.15,0.0,
J1144-0409,25.0,Mn I,,2.43,0.28,
J1144-0409,26.0,Fe I,,4.98,,0.01
J1144-0409,26.1,Fe II,,4.99,,0.02
J1144-0409,27.0,Co I,,2.79,0.04,
J1144-0409,28.0,Ni I,,3.65,0.03,
J1144-0409,30.0,Zn I,,2.08,0.01,
J1144-0409,38.1,Sr II,,0.34,0.02,
J1144-0409,39.1,Y II,,-0.7,0.0,
J1144-0409,40.1,Zr II,,-0.05,0.07,
J1144-0409,56.1,Ba II,,-0.6,0.1,
J1144-0409,57.1,La II,,-1.35,0.02,
J1144-0409,59.1,Pr II,,-1.46,0.06,
J1144-0409,60.1,Nd II,,-0.73,0.0,
J1144-0409,63.1,Eu II,,-1.42,0.1,
J1144-0409,76.0,Os I,,-0.72,0.0,
J1144-0409,106.0,C-H,,6.24,0.01,
J1146-0422,11.0,Na I,,4.26,0.06,
J1146-0422,12.0,Mg I,,6.0,0.0,
J1146-0422,14.0,Si I,,5.91,0.06,
J1146-0422,19.0,K I,,3.38,0.1,
J1146-0422,20.0,Ca I,,4.69,0.03,
J1146-0422,21.1,Sc II,,1.22,0.1,
J1146-0422,22.0,Ti I,,3.1,0.01,
J1146-0422,22.1,Ti II,,3.13,0.01,
J1146-0422,23.0,V I,,1.95,0.01,
J1146-0422,24.0,Cr I,,3.83,0.01,
J1146-0422,25.0,Mn I,,2.91,0.05,
J1146-0422,26.0,Fe I,,5.45,,0.01
J1146-0422,26.1,Fe II,,5.43,,0.03
J1146-0422,27.0,Co I,,2.97,0.1,
J1146-0422,28.0,Ni I,,4.08,0.07,
J1146-0422,29.0,Cu I,,1.24,0.0,
J1146-0422,30.0,Zn I,,2.59,0.01,
J1146-0422,38.1,Sr II,,0.54,0.03,
J1146-0422,39.1,Y II,,-0.03,0.07,
J1146-0422,40.1,Zr II,,0.93,0.07,
J1146-0422,56.1,Ba II,,0.45,0.15,
J1146-0422,57.1,La II,,-0.49,0.02,
J1146-0422,58.1,Ce II,,-0.04,0.1,
J1146-0422,59.1,Pr II,,-0.82,0.04,
J1146-0422,60.1,Nd II,,-0.12,0.02,
J1146-0422,62.1,Sm II,,-0.52,0.06,
J1146-0422,63.1,Eu II,,-0.91,0.25,
J1146-0422,66.1,Dy II,,-0.33,0.02,
J1146-0422,76.0,Os I,,-0.05,0.07,
J1146-0422,106.0,C-H,,7.12,0.01,
J1147-0521,12.0,Mg I,,5.76,0.0,
J1147-0521,14.0,Si I,,5.75,0.0,
J1147-0521,19.0,K I,,3.43,0.1,
J1147-0521,20.0,Ca I,,4.53,0.03,
J1147-0521,21.1,Sc II,,1.01,0.1,
J1147-0521,22.0,Ti I,,3.07,0.01,
J1147-0521,22.1,Ti II,,3.11,0.01,
J1147-0521,23.0,V I,,3.08,0.01,
J1147-0521,24.0,Cr I,,3.75,0.01,
J1147-0521,25.0,Mn I,,2.9,0.34,
J1147-0521,26.0,Fe I,,5.5,,0.01
J1147-0521,26.1,Fe II,,5.46,,0.03
J1147-0521,27.0,Co I,,2.83,0.04,
J1147-0521,28.0,Ni I,,3.98,0.03,
J1147-0521,29.0,Cu I,,1.05,0.01,
J1147-0521,30.0,Zn I,,2.46,0.01,
J1147-0521,38.1,Sr II,,0.87,0.03,
J1147-0521,39.1,Y II,,-0.11,0.1,
J1147-0521,40.1,Zr II,,0.71,0.07,
J1147-0521,56.1,Ba II,,-0.04,0.1,
J1147-0521,57.1,La II,,-0.87,0.02,
J1147-0521,58.1,Ce II,,-0.26,0.1,
J1147-0521,59.1,Pr II,,-0.9,0.06,
J1147-0521,60.1,Nd II,,-0.51,0.06,
J1147-0521,63.1,Eu II,,-1.17,0.2,
J1147-0521,106.0,C-H,,6.77,0.01,
J1158-1522,12.0,Mg I,,5.39,0.0,
J1158-1522,14.0,Si I,,6.59,0.0,
J1158-1522,19.0,K I,,2.88,0.14,
J1158-1522,20.0,Ca I,,4.12,0.08,
J1158-1522,21.1,Sc II,,0.16,0.1,
J1158-1522,22.0,Ti I,,2.82,0.02,
J1158-1522,22.1,Ti II,,2.52,0.09,
J1158-1522,23.0,V I,,3.12,0.02,
J1158-1522,24.0,Cr I,,3.99,0.03,
J1158-1522,26.0,Fe I,,5.09,,0.03
J1158-1522,26.1,Fe II,,5.06,,0.06
J1158-1522,27.0,Co I,,2.89,0.04,
J1158-1522,28.0,Ni I,,3.88,0.0,
J1158-1522,38.1,Sr II,,0.09,0.06,
J1158-1522,39.1,Y II,,-0.42,0.0,
J1158-1522,56.1,Ba II,,-1.3,0.2,
J1158-1522,63.1,Eu II,<,-1.74,0.2,
J1158-1522,106.0,C-H,,6.64,0.03,
J1204-0759,12.0,Mg I,,5.5,0.0,
J1204-0759,14.0,Si I,,5.71,0.0,
J1204-0759,19.0,K I,,2.9,0.05,
J1204-0759,20.0,Ca I,,3.96,0.01,
J1204-0759,21.1,Sc II,,0.68,0.1,
J1204-0759,22.0,Ti I,,2.61,0.01,
J1204-0759,22.1,Ti II,,2.61,0.01,
J1204-0759,23.0,V I,,1.19,0.01,
J1204-0759,24.0,Cr I,,3.34,0.02,
J1204-0759,25.0,Mn I,,2.58,0.01,
J1204-0759,26.0,Fe I,,4.78,,0.02
J1204-0759,26.1,Fe II,,4.78,,0.05
J1204-0759,28.0,Ni I,,3.52,0.1,
J1204-0759,30.0,Zn I,,2.05,0.03,
J1204-0759,38.1,Sr II,,-0.14,0.05,
J1204-0759,39.1,Y II,,-0.63,0.0,
J1204-0759,56.1,Ba II,,-0.65,0.15,
J1204-0759,57.1,La II,,-1.31,0.06,
J1204-0759,63.1,Eu II,,-1.87,0.1,
J1204-0759,106.0,C-H,,6.21,0.02,
J1218-1610,11.0,Na I,,2.7,,
J1218-1610,12.0,Mg I,,4.8,0.0,
J1218-1610,14.0,Si I,,4.71,0.07,
J1218-1610,19.0,K I,,2.13,0.04,
J1218-1610,20.0,Ca I,,3.42,0.0,
J1218-1610,21.1,Sc II,,-0.38,0.1,
J1218-1610,22.0,Ti I,,1.86,0.03,
J1218-1610,22.1,Ti II,,1.89,0.03,
J1218-1610,23.0,V I,,3.29,0.02,
J1218-1610,26.0,Fe I,,4.26,,0.02
J1218-1610,26.1,Fe II,,4.31,,0.09
J1218-1610,28.0,Ni I,,3.24,0.0,
J1218-1610,38.1,Sr II,,-0.57,0.09,
J1218-1610,56.1,Ba II,,-2.56,0.2,
J1218-1610,63.1,Eu II,<,-2.55,0.11,
J1218-1610,106.0,C-H,,5.43,0.02,
J1229-0442,11.0,Na I,,3.91,0.04,
J1229-0442,12.0,Mg I,,5.91,0.0,
J1229-0442,14.0,Si I,,5.7,0.03,
J1229-0442,19.0,K I,,3.31,0.1,
J1229-0442,20.0,Ca I,,4.43,0.02,
J1229-0442,21.1,Sc II,,1.07,0.1,
J1229-0442,22.0,Ti I,,2.99,0.01,
J1229-0442,22.1,Ti II,,3.07,0.02,
J1229-0442,23.0,V I,,2.02,0.01,
J1229-0442,24.0,Cr I,,3.65,0.01,
J1229-0442,25.0,Mn I,,2.87,0.34,
J1229-0442,26.0,Fe I,,5.27,,0.01
J1229-0442,26.1,Fe II,,5.27,,0.03
J1229-0442,27.0,Co I,,2.91,0.04,
J1229-0442,28.0,Ni I,,4.0,0.01,
J1229-0442,29.0,Cu I,,1.13,0.04,
J1229-0442,30.0,Zn I,,2.48,0.01,
J1229-0442,38.1,Sr II,,0.64,0.03,
J1229-0442,39.1,Y II,,-0.14,0.05,
J1229-0442,40.1,Zr II,,0.65,0.05,
J1229-0442,56.1,Ba II,,-0.27,0.12,
J1229-0442,57.1,La II,,-1.28,0.02,
J1229-0442,58.1,Ce II,,-0.7,0.06,
J1229-0442,59.1,Pr II,,-1.06,0.07,
J1229-0442,60.1,Nd II,,-0.68,0.07,
J1229-0442,62.1,Sm II,,-0.97,0.1,
J1229-0442,63.1,Eu II,,-1.25,0.2,
J1229-0442,66.1,Dy II,,-0.78,0.02,
J1229-0442,76.0,Os I,,-0.48,0.1,
J1229-0442,106.0,C-H,,6.48,0.01,
J1237-0949,11.0,Na I,,4.14,0.06,
J1237-0949,12.0,Mg I,,6.07,0.0,
J1237-0949,14.0,Si I,,5.88,0.07,
J1237-0949,19.0,K I,,3.56,0.1,
J1237-0949,20.0,Ca I,,4.69,0.04,
J1237-0949,21.1,Sc II,,1.16,0.1,
J1237-0949,22.0,Ti I,,3.19,0.01,
J1237-0949,22.1,Ti II,,3.19,0.02,
J1237-0949,23.0,V I,,1.89,0.01,
J1237-0949,24.0,Cr I,,3.7,0.01,
J1237-0949,25.0,Mn I,,2.9,0.05,
J1237-0949,26.0,Fe I,,5.38,,0.01
J1237-0949,26.1,Fe II,,5.36,,0.04
J1237-0949,27.0,Co I,,2.97,0.05,
J1237-0949,28.0,Ni I,,4.06,0.03,
J1237-0949,29.0,Cu I,,1.34,0.0,
J1237-0949,30.0,Zn I,,2.59,0.01,
J1237-0949,38.1,Sr II,,0.97,0.04,
J1237-0949,39.1,Y II,,0.06,0.07,
J1237-0949,40.1,Zr II,,0.98,0.07,
J1237-0949,56.1,Ba II,,-0.21,0.12,
J1237-0949,57.1,La II,,-1.0,0.03,
J1237-0949,58.1,Ce II,,-0.6,0.07,
J1237-0949,59.1,Pr II,,-1.08,0.1,
J1237-0949,60.1,Nd II,,-0.68,0.06,
J1237-0949,62.1,Sm II,,-1.02,0.1,
J1237-0949,63.1,Eu II,,-1.41,0.2,
J1237-0949,106.0,C-H,,6.73,0.01,
J1250-0307,12.0,Mg I,,5.71,0.0,
J1250-0307,14.0,Si I,,6.15,0.0,
J1250-0307,19.0,K I,,2.74,0.05,
J1250-0307,20.0,Ca I,,4.48,0.11,
J1250-0307,21.1,Sc II,,1.01,0.1,
J1250-0307,22.0,Ti I,,2.97,0.02,
J1250-0307,22.1,Ti II,,2.98,0.06,
J1250-0307,23.0,V I,,3.14,0.01,
J1250-0307,24.0,Cr I,,3.86,0.01,
J1250-0307,25.0,Mn I,,2.85,0.28,
J1250-0307,26.0,Fe I,,5.35,,0.02
J1250-0307,26.1,Fe II,,5.32,,0.04
J1250-0307,27.0,Co I,,2.69,0.03,
J1250-0307,28.0,Ni I,,4.01,0.02,
J1250-0307,38.1,Sr II,,0.15,0.04,
J1250-0307,56.1,Ba II,,0.13,0.11,
J1250-0307,63.1,Eu II,,-1.18,0.14,
J1250-0307,106.0,C-H,,6.02,0.02,
J1256-0834,11.0,Na I,,3.9,0.06,
J1256-0834,12.0,Mg I,,5.62,0.0,
J1256-0834,14.0,Si I,,5.94,0.03,
J1256-0834,19.0,K I,,3.12,0.1,
J1256-0834,20.0,Ca I,,4.4,0.15,
J1256-0834,21.1,Sc II,,0.94,0.1,
J1256-0834,22.0,Ti I,,2.85,0.0,
J1256-0834,22.1,Ti II,,2.92,0.02,
J1256-0834,23.0,V I,,1.56,0.01,
J1256-0834,24.0,Cr I,,3.32,0.01,
J1256-0834,25.0,Mn I,,2.74,0.07,
J1256-0834,26.0,Fe I,,5.16,,0.01
J1256-0834,26.1,Fe II,,5.15,,0.04
J1256-0834,27.0,Co I,,2.74,0.07,
J1256-0834,28.0,Ni I,,3.81,0.04,
J1256-0834,29.0,Cu I,,1.08,0.0,
J1256-0834,30.0,Zn I,,2.27,0.01,
J1256-0834,38.1,Sr II,,0.85,0.04,
J1256-0834,39.1,Y II,,-0.31,0.07,
J1256-0834,40.1,Zr II,,0.66,0.07,
J1256-0834,56.1,Ba II,,-0.44,0.15,
J1256-0834,57.1,La II,,-0.92,0.02,
J1256-0834,58.1,Ce II,,-0.91,0.06,
J1256-0834,59.1,Pr II,,-1.2,0.06,
J1256-0834,60.1,Nd II,,-0.7,0.06,
J1256-0834,63.1,Eu II,,-1.37,0.15,
J1256-0834,66.1,Dy II,,-0.82,0.02,
J1256-0834,76.0,Os I,,-0.53,0.0,
J1256-0834,106.0,C-H,,6.4,0.01,
J1302-0843,11.0,Na I,,4.7,0.07,
J1302-0843,12.0,Mg I,,5.97,0.0,
J1302-0843,14.0,Si I,,6.32,0.07,
J1302-0843,19.0,K I,,3.38,0.1,
J1302-0843,20.0,Ca I,,4.62,0.03,
J1302-0843,21.1,Sc II,,1.08,0.1,
J1302-0843,22.0,Ti I,,3.15,0.01,
J1302-0843,22.1,Ti II,,3.07,0.02,
J1302-0843,23.0,V I,,2.33,0.01,
J1302-0843,24.0,Cr I,,4.04,0.01,
J1302-0843,25.0,Mn I,,3.1,0.38,
J1302-0843,26.0,Fe I,,5.55,,0.01
J1302-0843,26.1,Fe II,,5.5,,0.03
J1302-0843,27.0,Co I,,3.23,0.16,
J1302-0843,28.0,Ni I,,4.19,0.04,
J1302-0843,29.0,Cu I,,1.47,0.0,
J1302-0843,30.0,Zn I,,2.45,0.01,
J1302-0843,38.1,Sr II,<,1.65,0.03,
J1302-0843,39.1,Y II,,0.57,0.1,
J1302-0843,40.1,Zr II,,1.3,0.08,
J1302-0843,56.1,Ba II,,0.78,0.1,
J1302-0843,57.1,La II,,0.19,0.04,
J1302-0843,58.1,Ce II,,0.36,0.12,
J1302-0843,59.1,Pr II,,-0.43,0.05,
J1302-0843,60.1,Nd II,,0.26,0.05,
J1302-0843,62.1,Sm II,,-0.44,0.07,
J1302-0843,63.1,Eu II,,-1.02,,
J1302-0843,66.1,Dy II,,-0.3,0.02,
J1302-0843,76.0,Os I,,0.45,0.1,
J1302-0843,106.0,C-H,,7.15,0.01,
J1306-0947,11.0,Na I,,4.36,0.07,
J1306-0947,12.0,Mg I,,6.02,0.0,
J1306-0947,14.0,Si I,,5.93,0.04,
J1306-0947,19.0,K I,,3.55,0.1,
J1306-0947,20.0,Ca I,,4.74,0.03,
J1306-0947,21.1,Sc II,,1.25,0.1,
J1306-0947,22.0,Ti I,,3.27,0.0,
J1306-0947,22.1,Ti II,,3.22,0.02,
J1306-0947,23.0,V I,,2.95,0.01,
J1306-0947,24.0,Cr I,,3.85,0.01,
J1306-0947,25.0,Mn I,,3.09,0.43,
J1306-0947,26.0,Fe I,,5.57,,0.01
J1306-0947,26.1,Fe II,,5.54,,0.03
J1306-0947,27.0,Co I,,3.08,0.04,
J1306-0947,28.0,Ni I,,4.21,0.01,
J1306-0947,29.0,Cu I,,1.21,0.02,
J1306-0947,30.0,Zn I,,2.63,0.01,
J1306-0947,38.1,Sr II,,0.73,0.03,
J1306-0947,39.1,Y II,,0.05,0.05,
J1306-0947,40.1,Zr II,,0.78,0.04,
J1306-0947,56.1,Ba II,,0.13,0.1,
J1306-0947,57.1,La II,,-1.0,0.02,
J1306-0947,58.1,Ce II,,-0.48,0.05,
J1306-0947,59.1,Pr II,,-0.87,0.07,
J1306-0947,60.1,Nd II,,-0.45,0.07,
J1306-0947,63.1,Eu II,,-1.29,0.11,
J1306-0947,106.0,C-H,,6.82,0.01,
J1321-1138,12.0,Mg I,,5.63,0.0,
J1321-1138,14.0,Si I,,5.93,0.0,
J1321-1138,19.0,K I,,2.92,0.1,
J1321-1138,20.0,Ca I,,4.27,0.07,
J1321-1138,21.1,Sc II,,0.9,0.1,
J1321-1138,22.0,Ti I,,2.75,0.01,
J1321-1138,22.1,Ti II,,2.83,0.01,
J1321-1138,23.0,V I,,2.47,0.01,
J1321-1138,24.0,Cr I,,3.25,0.01,
J1321-1138,25.0,Mn I,,2.54,0.43,
J1321-1138,26.0,Fe I,,5.06,,0.01
J1321-1138,26.1,Fe II,,5.09,,0.03
J1321-1138,27.0,Co I,,2.77,0.05,
J1321-1138,28.0,Ni I,,3.77,0.03,
J1321-1138,29.0,Cu I,,0.95,0.01,
J1321-1138,30.0,Zn I,,2.3,0.01,
J1321-1138,38.1,Sr II,,0.4,0.03,
J1321-1138,39.1,Y II,,-0.48,0.1,
J1321-1138,40.1,Zr II,,0.56,0.07,
J1321-1138,56.1,Ba II,,-0.62,0.1,
J1321-1138,63.1,Eu II,,-1.84,0.15,
J1321-1138,106.0,C-H,,6.27,0.01,
J1326-1525,12.0,Mg I,,5.42,0.0,
J1326-1525,14.0,Si I,,5.76,0.0,
J1326-1525,19.0,K I,,2.9,0.03,
J1326-1525,20.0,Ca I,,4.2,0.06,
J1326-1525,21.1,Sc II,,0.58,0.1,
J1326-1525,22.0,Ti I,,2.77,0.01,
J1326-1525,22.1,Ti II,,2.68,0.02,
J1326-1525,23.0,V I,,2.51,0.01,
J1326-1525,24.0,Cr I,,3.22,0.01,
J1326-1525,25.0,Mn I,,2.82,0.43,
J1326-1525,26.0,Fe I,,5.12,,0.01
J1326-1525,26.1,Fe II,,5.12,,0.05
J1326-1525,27.0,Co I,,2.34,0.07,
J1326-1525,28.0,Ni I,,3.65,0.16,
J1326-1525,30.0,Zn I,,2.08,0.02,
J1326-1525,38.1,Sr II,,0.39,0.05,
J1326-1525,39.1,Y II,,-0.6,0.0,
J1326-1525,40.1,Zr II,,0.3,0.07,
J1326-1525,56.1,Ba II,,-0.87,0.16,
J1326-1525,63.1,Eu II,,-2.14,0.07,
J1326-1525,106.0,C-H,,6.53,0.01,
J1328-1731,12.0,Mg I,,5.93,0.0,
J1328-1731,14.0,Si I,,6.05,0.0,
J1328-1731,19.0,K I,,3.5,0.1,
J1328-1731,20.0,Ca I,,4.44,0.05,
J1328-1731,21.1,Sc II,,0.98,0.1,
J1328-1731,22.0,Ti I,,3.09,0.01,
J1328-1731,22.1,Ti II,,3.01,0.01,
J1328-1731,23.0,V I,,2.16,0.03,
J1328-1731,24.0,Cr I,,3.78,0.02,
J1328-1731,25.0,Mn I,,2.99,0.35,
J1328-1731,26.0,Fe I,,5.3,,0.02
J1328-1731,26.1,Fe II,,5.29,,0.07
J1328-1731,27.0,Co I,,2.85,0.1,
J1328-1731,28.0,Ni I,,3.95,0.1,
J1328-1731,29.0,Cu I,,1.11,0.0,
J1328-1731,30.0,Zn I,,2.33,0.01,
J1328-1731,38.1,Sr II,,0.65,0.07,
J1328-1731,39.1,Y II,,-0.25,0.1,
J1328-1731,40.1,Zr II,,0.58,0.1,
J1328-1731,56.1,Ba II,,-0.1,0.13,
J1328-1731,58.1,Ce II,,0.18,0.1,
J1328-1731,60.1,Nd II,,-0.47,0.1,
J1328-1731,63.1,Eu II,,-1.48,0.2,
J1328-1731,66.1,Dy II,,-0.75,0.05,
J1328-1731,106.0,C-H,,6.63,0.02,
J1333-2623,12.0,Mg I,,5.8,0.0,
J1333-2623,14.0,Si I,,5.86,0.0,
J1333-2623,19.0,K I,,3.24,0.03,
J1333-2623,20.0,Ca I,,4.47,0.05,
J1333-2623,21.1,Sc II,,0.9,0.1,
J1333-2623,22.0,Ti I,,3.01,0.01,
J1333-2623,22.1,Ti II,,3.01,0.02,
J1333-2623,23.0,V I,,2.88,0.01,
J1333-2623,24.0,Cr I,,3.7,0.01,
J1333-2623,25.0,Mn I,,2.9,0.99,
J1333-2623,26.0,Fe I,,5.38,,0.01
J1333-2623,26.1,Fe II,,5.37,,0.04
J1333-2623,27.0,Co I,,2.58,0.03,
J1333-2623,28.0,Ni I,,4.08,0.01,
J1333-2623,30.0,Zn I,,2.75,0.01,
J1333-2623,38.1,Sr II,,0.86,0.04,
J1333-2623,39.1,Y II,,-0.23,0.0,
J1333-2623,40.1,Zr II,,0.53,0.07,
J1333-2623,56.1,Ba II,,-0.49,0.1,
J1333-2623,58.1,Ce II,,-0.62,0.1,
J1333-2623,60.1,Nd II,,-0.43,0.2,
J1333-2623,63.1,Eu II,,-1.4,0.12,
J1333-2623,106.0,C-H,,6.63,0.01,
J1335-0110,12.0,Mg I,,5.53,0.0,
J1335-0110,14.0,Si I,,5.55,0.0,
J1335-0110,19.0,K I,,3.08,0.1,
J1335-0110,20.0,Ca I,,4.24,0.03,
J1335-0110,21.1,Sc II,,0.86,0.1,
J1335-0110,22.0,Ti I,,2.72,0.01,
J1335-0110,22.1,Ti II,,2.8,0.02,
J1335-0110,23.0,V I,,2.24,0.01,
J1335-0110,24.0,Cr I,,3.4,0.01,
J1335-0110,25.0,Mn I,,2.72,0.36,
J1335-0110,26.0,Fe I,,5.05,,0.01
J1335-0110,26.1,Fe II,,5.04,,0.05
J1335-0110,27.0,Co I,,2.77,0.05,
J1335-0110,28.0,Ni I,,3.85,0.08,
J1335-0110,30.0,Zn I,,2.11,0.01,
J1335-0110,38.1,Sr II,,0.03,0.05,
J1335-0110,39.1,Y II,,-0.62,0.0,
J1335-0110,40.1,Zr II,,-0.06,0.1,
J1335-0110,56.1,Ba II,,-0.49,0.16,
J1335-0110,57.1,La II,,-1.34,0.05,
J1335-0110,58.1,Ce II,,-0.76,0.1,
J1335-0110,59.1,Pr II,,-1.52,0.07,
J1335-0110,60.1,Nd II,,-0.7,0.07,
J1335-0110,63.1,Eu II,,-1.4,0.2,
J1335-0110,106.0,C-H,,6.19,0.01,
J1337-0826,12.0,Mg I,,5.54,0.0,
J1337-0826,14.0,Si I,,5.71,0.0,
J1337-0826,19.0,K I,,2.85,0.1,
J1337-0826,20.0,Ca I,,4.08,0.0,
J1337-0826,21.1,Sc II,,0.69,0.1,
J1337-0826,22.0,Ti I,,2.64,0.01,
J1337-0826,22.1,Ti II,,2.61,0.02,
J1337-0826,23.0,V I,,2.96,0.01,
J1337-0826,24.0,Cr I,,3.24,0.01,
J1337-0826,25.0,Mn I,,2.6,0.48,
J1337-0826,26.0,Fe I,,4.88,,0.01
J1337-0826,26.1,Fe II,,4.91,,0.06
J1337-0826,27.0,Co I,,2.88,0.18,
J1337-0826,28.0,Ni I,,3.63,0.04,
J1337-0826,29.0,Cu I,,0.67,0.23,
J1337-0826,30.0,Zn I,,2.12,0.01,
J1337-0826,38.1,Sr II,,0.42,0.06,
J1337-0826,39.1,Y II,,-0.39,0.1,
J1337-0826,40.1,Zr II,,0.53,0.07,
J1337-0826,56.1,Ba II,,-0.42,0.15,
J1337-0826,57.1,La II,,-0.83,0.04,
J1337-0826,58.1,Ce II,,-0.8,0.15,
J1337-0826,59.1,Pr II,,-1.29,0.05,
J1337-0826,60.1,Nd II,,-0.65,0.06,
J1337-0826,62.1,Sm II,,-0.94,0.05,
J1337-0826,63.1,Eu II,,-1.17,0.2,
J1337-0826,66.1,Dy II,,-0.48,0.02,
J1337-0826,76.0,Os I,,-0.32,0.1,
J1337-0826,106.0,C-H,,6.15,0.01,
J1339-1257,12.0,Mg I,,5.44,0.0,
J1339-1257,14.0,Si I,,5.64,0.0,
J1339-1257,19.0,K I,,2.66,0.03,
J1339-1257,20.0,Ca I,,3.98,0.18,
J1339-1257,21.1,Sc II,,0.57,0.1,
J1339-1257,22.0,Ti I,,2.57,0.01,
J1339-1257,22.1,Ti II,,2.4,0.02,
J1339-1257,23.0,V I,,1.24,0.01,
J1339-1257,24.0,Cr I,,3.29,0.01,
J1339-1257,25.0,Mn I,,2.53,0.0,
J1339-1257,26.0,Fe I,,4.79,,0.01
J1339-1257,26.1,Fe II,,4.82,,0.03
J1339-1257,27.0,Co I,,1.9,0.02,
J1339-1257,28.0,Ni I,,3.61,0.0,
J1339-1257,38.1,Sr II,,0.24,0.03,
J1339-1257,39.1,Y II,,-0.65,0.0,
J1339-1257,56.1,Ba II,,-0.95,0.1,
J1339-1257,63.1,Eu II,,-2.09,0.2,
J1339-1257,106.0,C-H,,6.06,0.01,
J1342-0717,12.0,Mg I,,5.48,0.0,
J1342-0717,14.0,Si I,,5.57,0.0,
J1342-0717,19.0,K I,,2.95,0.1,
J1342-0717,20.0,Ca I,,4.12,0.11,
J1342-0717,21.1,Sc II,,0.84,0.1,
J1342-0717,22.0,Ti I,,2.73,0.01,
J1342-0717,22.1,Ti II,,2.79,0.02,
J1342-0717,23.0,V I,,2.15,0.01,
J1342-0717,24.0,Cr I,,3.23,0.01,
J1342-0717,25.0,Mn I,,2.51,0.53,
J1342-0717,26.0,Fe I,,4.99,,0.01
J1342-0717,26.1,Fe II,,4.95,,0.04
J1342-0717,27.0,Co I,,2.78,0.06,
J1342-0717,28.0,Ni I,,3.66,0.04,
J1342-0717,30.0,Zn I,,2.05,0.01,
J1342-0717,38.1,Sr II,,0.4,0.04,
J1342-0717,39.1,Y II,,-0.55,0.0,
J1342-0717,40.1,Zr II,,0.11,0.07,
J1342-0717,56.1,Ba II,,-0.59,0.16,
J1342-0717,57.1,La II,,-1.42,0.03,
J1342-0717,58.1,Ce II,,-0.79,0.1,
J1342-0717,59.1,Pr II,,-1.43,0.08,
J1342-0717,60.1,Nd II,,-0.85,0.07,
J1342-0717,63.1,Eu II,,-1.55,0.2,
J1342-0717,66.1,Dy II,,-0.87,0.07,
J1342-0717,106.0,C-H,,6.06,0.01,
J1403-3214,11.0,Na I,,4.11,0.1,
J1403-3214,12.0,Mg I,,5.62,0.0,
J1403-3214,14.0,Si I,,5.7,0.07,
J1403-3214,19.0,K I,,3.11,0.1,
J1403-3214,20.0,Ca I,,4.28,0.05,
J1403-3214,21.1,Sc II,,0.98,0.1,
J1403-3214,22.0,Ti I,,2.8,0.01,
J1403-3214,22.1,Ti II,,2.95,0.02,
J1403-3214,23.0,V I,,3.15,0.01,
J1403-3214,24.0,Cr I,,3.53,0.01,
J1403-3214,25.0,Mn I,,2.5,0.31,
J1403-3214,26.0,Fe I,,5.09,,0.01
J1403-3214,26.1,Fe II,,5.09,,0.04
J1403-3214,27.0,Co I,,2.39,0.04,
J1403-3214,28.0,Ni I,,3.82,0.06,
J1403-3214,29.0,Cu I,,0.98,0.22,
J1403-3214,30.0,Zn I,,2.23,0.01,
J1403-3214,38.1,Sr II,,-0.14,0.04,
J1403-3214,39.1,Y II,,-0.35,0.1,
J1403-3214,56.1,Ba II,,-0.31,0.16,
J1403-3214,58.1,Ce II,,-0.73,0.0,
J1403-3214,60.1,Nd II,,-0.6,0.1,
J1403-3214,63.1,Eu II,,-1.77,0.2,
J1403-3214,106.0,C-H,,6.06,0.01,
J1410-0343,12.0,Mg I,,5.83,0.0,
J1410-0343,14.0,Si I,,5.84,0.0,
J1410-0343,19.0,K I,,3.19,0.04,
J1410-0343,20.0,Ca I,,4.57,0.04,
J1410-0343,21.1,Sc II,,1.04,0.1,
J1410-0343,22.0,Ti I,,3.04,0.01,
J1410-0343,22.1,Ti II,,2.99,0.02,
J1410-0343,23.0,V I,,1.78,0.01,
J1410-0343,24.0,Cr I,,3.76,0.01,
J1410-0343,25.0,Mn I,,2.88,0.18,
J1410-0343,26.0,Fe I,,5.44,,0.02
J1410-0343,26.1,Fe II,,5.39,,0.06
J1410-0343,27.0,Co I,,2.9,0.05,
J1410-0343,28.0,Ni I,,4.07,0.04,
J1410-0343,30.0,Zn I,,2.48,0.01,
J1410-0343,38.1,Sr II,,0.66,0.06,
J1410-0343,39.1,Y II,,-0.08,0.0,
J1410-0343,40.1,Zr II,,0.67,0.07,
J1410-0343,56.1,Ba II,,0.0,0.16,
J1410-0343,57.1,La II,,-0.76,0.05,
J1410-0343,58.1,Ce II,,-0.33,0.1,
J1410-0343,60.1,Nd II,,-0.34,0.07,
J1410-0343,63.1,Eu II,,-0.87,0.14,
J1410-0343,90.1,Th II,,-1.59,0.0,
J1410-0343,106.0,C-H,,6.28,0.02,
J1416-2422,12.0,Mg I,,5.4,0.0,
J1416-2422,14.0,Si I,,5.49,0.0,
J1416-2422,19.0,K I,,2.76,0.1,
J1416-2422,20.0,Ca I,,4.03,0.38,
J1416-2422,21.1,Sc II,,0.55,0.1,
J1416-2422,22.0,Ti I,,2.72,0.01,
J1416-2422,22.1,Ti II,,2.62,0.02,
J1416-2422,23.0,V I,,2.42,0.01,
J1416-2422,24.0,Cr I,,2.97,0.01,
J1416-2422,25.0,Mn I,,2.42,1.0,
J1416-2422,26.0,Fe I,,4.93,,0.01
J1416-2422,26.1,Fe II,,4.91,,0.05
J1416-2422,27.0,Co I,,2.32,0.11,
J1416-2422,28.0,Ni I,,3.59,0.02,
J1416-2422,30.0,Zn I,,2.17,0.01,
J1416-2422,38.1,Sr II,,0.32,0.05,
J1416-2422,39.1,Y II,,-0.51,0.0,
J1416-2422,56.1,Ba II,,-0.7,0.18,
J1416-2422,63.1,Eu II,,-1.91,0.2,
J1416-2422,106.0,C-H,,6.11,0.01,
J1418-2842,12.0,Mg I,,5.55,0.0,
J1418-2842,14.0,Si I,,5.73,0.0,
J1418-2842,19.0,K I,,3.53,0.1,
J1418-2842,20.0,Ca I,,4.29,0.07,
J1418-2842,21.1,Sc II,,0.83,0.1,
J1418-2842,22.0,Ti I,,2.9,0.01,
J1418-2842,22.1,Ti II,,2.86,0.01,
J1418-2842,23.0,V I,,2.67,0.01,
J1418-2842,24.0,Cr I,,3.35,0.01,
J1418-2842,25.0,Mn I,,2.57,0.95,
J1418-2842,26.0,Fe I,,5.18,,0.01
J1418-2842,26.1,Fe II,,5.19,,0.03
J1418-2842,27.0,Co I,,2.89,0.05,
J1418-2842,28.0,Ni I,,3.79,0.01,
J1418-2842,30.0,Zn I,,2.24,0.01,
J1418-2842,38.1,Sr II,,0.14,0.03,
J1418-2842,39.1,Y II,,-0.45,0.0,
J1418-2842,40.1,Zr II,,0.25,0.07,
J1418-2842,56.1,Ba II,,-0.25,0.15,
J1418-2842,57.1,La II,,-1.53,0.02,
J1418-2842,58.1,Ce II,,-0.47,0.1,
J1418-2842,60.1,Nd II,,-0.51,0.07,
J1418-2842,63.1,Eu II,,-1.37,0.2,
J1418-2842,106.0,C-H,,6.41,0.01,
J1419-0844,11.0,Na I,,4.21,0.06,
J1419-0844,12.0,Mg I,,5.96,0.0,
J1419-0844,14.0,Si I,,5.84,0.1,
J1419-0844,19.0,K I,,3.5,0.04,
J1419-0844,20.0,Ca I,,4.62,0.06,
J1419-0844,21.1,Sc II,,1.06,0.1,
J1419-0844,22.0,Ti I,,3.1,0.01,
J1419-0844,22.1,Ti II,,3.09,0.01,
J1419-0844,23.0,V I,,2.94,0.01,
J1419-0844,24.0,Cr I,,3.68,0.01,
J1419-0844,25.0,Mn I,,2.85,0.95,
J1419-0844,26.0,Fe I,,5.42,,0.01
J1419-0844,26.1,Fe II,,5.38,,0.05
J1419-0844,27.0,Co I,,2.79,0.03,
J1419-0844,28.0,Ni I,,4.08,0.01,
J1419-0844,30.0,Zn I,,2.51,0.01,
J1419-0844,38.1,Sr II,,1.13,0.05,
J1419-0844,39.1,Y II,,-0.14,0.0,
J1419-0844,40.1,Zr II,,0.54,0.07,
J1419-0844,56.1,Ba II,,-0.05,0.13,
J1419-0844,57.1,La II,,-1.04,0.02,
J1419-0844,59.1,Pr II,,-0.92,0.07,
J1419-0844,60.1,Nd II,,-0.27,0.0,
J1419-0844,63.1,Eu II,,-1.22,0.2,
J1419-0844,106.0,C-H,,6.57,0.01,
J1500-0613,11.0,Na I,,4.14,0.06,
J1500-0613,12.0,Mg I,,5.96,0.0,
J1500-0613,14.0,Si I,,5.94,0.07,
J1500-0613,19.0,K I,,3.73,0.1,
J1500-0613,20.0,Ca I,,4.74,0.04,
J1500-0613,21.1,Sc II,,1.12,0.1,
J1500-0613,22.0,Ti I,,3.21,0.0,
J1500-0613,22.1,Ti II,,3.17,0.01,
J1500-0613,23.0,V I,,1.68,0.01,
J1500-0613,24.0,Cr I,,3.65,0.01,
J1500-0613,25.0,Mn I,,2.96,0.04,
J1500-0613,26.0,Fe I,,5.45,,0.01
J1500-0613,26.1,Fe II,,5.45,,0.03
J1500-0613,27.0,Co I,,2.96,0.06,
J1500-0613,28.0,Ni I,,4.1,0.02,
J1500-0613,29.0,Cu I,,1.19,0.02,
J1500-0613,30.0,Zn I,,2.61,0.01,
J1500-0613,38.1,Sr II,,0.94,0.03,
J1500-0613,39.1,Y II,,-0.06,0.1,
J1500-0613,40.1,Zr II,,0.9,0.07,
J1500-0613,56.1,Ba II,,0.03,0.15,
J1500-0613,57.1,La II,,-0.95,0.02,
J1500-0613,58.1,Ce II,,-0.59,0.06,
J1500-0613,59.1,Pr II,,-1.05,0.07,
J1500-0613,60.1,Nd II,,-0.58,0.06,
J1500-0613,63.1,Eu II,,-1.14,0.09,
J1500-0613,66.1,Dy II,,-0.8,0.02,
J1500-0613,106.0,C-H,,6.71,0.01,
J1502-0528,11.0,Na I,,4.33,0.06,
J1502-0528,12.0,Mg I,,6.17,0.0,
J1502-0528,14.0,Si I,,5.93,0.07,
J1502-0528,19.0,K I,,3.72,0.1,
J1502-0528,20.0,Ca I,,4.87,0.03,
J1502-0528,21.1,Sc II,,1.41,0.1,
J1502-0528,22.0,Ti I,,3.32,0.01,
J1502-0528,22.1,Ti II,,3.37,0.02,
J1502-0528,23.0,V I,,2.4,0.0,
J1502-0528,24.0,Cr I,,4.11,0.01,
J1502-0528,25.0,Mn I,,3.22,0.0,
J1502-0528,26.0,Fe I,,5.68,,0.01
J1502-0528,26.1,Fe II,,5.66,,0.03
J1502-0528,27.0,Co I,,3.14,0.05,
J1502-0528,28.0,Ni I,,4.32,0.06,
J1502-0528,29.0,Cu I,,1.49,0.09,
J1502-0528,30.0,Zn I,,2.93,0.01,
J1502-0528,38.1,Sr II,,1.07,0.03,
J1502-0528,39.1,Y II,,0.02,0.07,
J1502-0528,40.1,Zr II,,1.01,0.07,
J1502-0528,56.1,Ba II,,0.36,0.1,
J1502-0528,57.1,La II,,-0.44,0.02,
J1502-0528,58.1,Ce II,,-0.35,0.06,
J1502-0528,59.1,Pr II,,-0.91,0.05,
J1502-0528,60.1,Nd II,,-0.3,0.05,
J1502-0528,62.1,Sm II,,-0.71,0.06,
J1502-0528,63.1,Eu II,,-1.06,0.09,
J1502-0528,66.1,Dy II,,-0.28,0.02,
J1502-0528,106.0,C-H,,6.87,0.01,
J1507-0659,11.0,Na I,,4.14,0.06,
J1507-0659,12.0,Mg I,,6.12,0.0,
J1507-0659,14.0,Si I,,5.7,0.07,
J1507-0659,19.0,K I,,3.54,0.1,
J1507-0659,20.0,Ca I,,4.64,0.03,
J1507-0659,21.1,Sc II,,1.18,0.1,
J1507-0659,22.0,Ti I,,3.18,0.01,
J1507-0659,22.1,Ti II,,3.2,0.01,
J1507-0659,23.0,V I,,2.06,0.01,
J1507-0659,24.0,Cr I,,3.84,0.01,
J1507-0659,25.0,Mn I,,3.03,0.04,
J1507-0659,26.0,Fe I,,5.43,,0.01
J1507-0659,26.1,Fe II,,5.41,,0.03
J1507-0659,27.0,Co I,,2.84,0.06,
J1507-0659,28.0,Ni I,,4.14,0.03,
J1507-0659,29.0,Cu I,,1.29,0.13,
J1507-0659,30.0,Zn I,,2.51,0.01,
J1507-0659,38.1,Sr II,,0.92,0.03,
J1507-0659,39.1,Y II,,-0.08,0.07,
J1507-0659,40.1,Zr II,,0.98,0.07,
J1507-0659,56.1,Ba II,,0.01,0.1,
J1507-0659,57.1,La II,,-0.93,0.02,
J1507-0659,58.1,Ce II,,-0.41,0.07,
J1507-0659,59.1,Pr II,,-0.93,0.06,
J1507-0659,60.1,Nd II,,-0.56,0.05,
J1507-0659,62.1,Sm II,,-0.99,0.1,
J1507-0659,63.1,Eu II,,-1.19,0.07,
J1507-0659,66.1,Dy II,,-0.58,0.02,
J1507-0659,106.0,C-H,,6.8,0.01,
J1508-1459,12.0,Mg I,,5.65,0.0,
J1508-1459,14.0,Si I,,5.91,0.0,
J1508-1459,19.0,K I,,3.09,0.1,
J1508-1459,20.0,Ca I,,4.26,0.04,
J1508-1459,21.1,Sc II,,0.97,0.1,
J1508-1459,22.0,Ti I,,2.78,0.01,
J1508-1459,22.1,Ti II,,2.92,0.02,
J1508-1459,23.0,V I,,1.19,0.01,
J1508-1459,24.0,Cr I,,3.53,0.01,
J1508-1459,25.0,Mn I,,2.94,0.0,
J1508-1459,26.0,Fe I,,5.21,,0.01
J1508-1459,26.1,Fe II,,5.21,,0.04
J1508-1459,27.0,Co I,,2.84,0.05,
J1508-1459,28.0,Ni I,,3.92,0.04,
J1508-1459,30.0,Zn I,,2.4,0.01,
J1508-1459,38.1,Sr II,,0.58,0.04,
J1508-1459,39.1,Y II,,-0.25,0.0,
J1508-1459,56.1,Ba II,,-0.21,0.15,
J1508-1459,57.1,La II,,-0.99,0.02,
J1508-1459,60.1,Nd II,,-0.5,0.0,
J1508-1459,63.1,Eu II,,-1.28,0.1,
J1508-1459,66.1,Dy II,,-0.64,0.05,
J1508-1459,106.0,C-H,,6.22,0.01,
J1511+0025,12.0,Mg I,,5.35,0.0,
J1511+0025,14.0,Si I,,5.73,0.0,
J1511+0025,19.0,K I,,2.97,0.1,
J1511+0025,20.0,Ca I,,4.25,0.11,
J1511+0025,21.1,Sc II,,0.84,0.1,
J1511+0025,22.0,Ti I,,2.76,0.01,
J1511+0025,22.1,Ti II,,2.8,0.02,
J1511+0025,23.0,V I,,1.33,0.01,
J1511+0025,24.0,Cr I,,3.28,0.01,
J1511+0025,25.0,Mn I,,2.54,0.01,
J1511+0025,26.0,Fe I,,5.04,,0.01
J1511+0025,26.1,Fe II,,5.02,,0.04
J1511+0025,27.0,Co I,,2.79,0.05,
J1511+0025,28.0,Ni I,,3.72,0.06,
J1511+0025,30.0,Zn I,,2.18,0.01,
J1511+0025,38.1,Sr II,,0.43,0.04,
J1511+0025,39.1,Y II,,-0.57,0.0,
J1511+0025,40.1,Zr II,,0.54,0.07,
J1511+0025,56.1,Ba II,,-0.46,0.15,
J1511+0025,57.1,La II,,-1.39,0.03,
J1511+0025,58.1,Ce II,,-0.81,0.1,
J1511+0025,59.1,Pr II,,-1.12,0.11,
J1511+0025,60.1,Nd II,,-0.69,0.1,
J1511+0025,62.1,Sm II,,-0.9,0.1,
J1511+0025,63.1,Eu II,,-1.53,0.2,
J1511+0025,66.1,Dy II,,-0.74,0.07,
J1511+0025,106.0,C-H,,5.85,0.01,
J1516-2122,11.0,Na I,,3.96,0.07,
J1516-2122,12.0,Mg I,,5.52,0.0,
J1516-2122,14.0,Si I,,5.67,0.07,
J1516-2122,19.0,K I,,3.29,0.1,
J1516-2122,20.0,Ca I,,4.33,0.08,
J1516-2122,21.1,Sc II,,0.78,0.1,
J1516-2122,22.0,Ti I,,2.92,0.01,
J1516-2122,22.1,Ti II,,2.9,0.02,
J1516-2122,23.0,V I,,2.05,0.01,
J1516-2122,24.0,Cr I,,3.26,0.01,
J1516-2122,25.0,Mn I,,2.6,0.57,
J1516-2122,26.0,Fe I,,5.14,,0.01
J1516-2122,26.1,Fe II,,5.18,,0.02
J1516-2122,27.0,Co I,,2.6,0.13,
J1516-2122,28.0,Ni I,,3.86,0.04,
J1516-2122,29.0,Cu I,,1.04,0.01,
J1516-2122,30.0,Zn I,,2.51,0.01,
J1516-2122,38.1,Sr II,,0.48,0.02,
J1516-2122,39.1,Y II,,-0.08,0.1,
J1516-2122,40.1,Zr II,,0.84,0.07,
J1516-2122,56.1,Ba II,,-0.66,0.15,
J1516-2122,59.1,Pr II,,-1.37,0.0,
J1516-2122,60.1,Nd II,,-1.02,0.0,
J1516-2122,63.1,Eu II,,-1.75,0.2,
J1516-2122,106.0,C-H,,7.11,0.01,
J1527-2336,12.0,Mg I,,5.92,0.0,
J1527-2336,20.0,Ca I,,4.7,0.0,
J1527-2336,21.1,Sc II,,1.31,0.0,
J1527-2336,22.0,Ti I,,3.6,0.01,
J1527-2336,22.1,Ti II,,3.51,0.02,
J1527-2336,23.0,V I,,3.96,0.04,
J1527-2336,25.0,Mn I,,3.45,0.75,
J1527-2336,26.0,Fe I,,5.72,,0.01
J1527-2336,26.1,Fe II,,5.7,,0.03
J1527-2336,27.0,Co I,,3.28,0.0,
J1527-2336,28.0,Ni I,,4.44,0.0,
J1527-2336,38.1,Sr II,,0.91,0.03,
J1527-2336,56.1,Ba II,,0.29,0.15,
J1527-2336,63.1,Eu II,<,-0.52,0.07,
J1527-2336,106.0,C-H,,6.85,0.01,
J1534-0857,12.0,Mg I,,4.88,0.0,
J1534-0857,14.0,Si I,,5.98,0.0,
J1534-0857,19.0,K I,,2.56,0.03,
J1534-0857,20.0,Ca I,,3.58,0.79,
J1534-0857,21.1,Sc II,,0.03,0.1,
J1534-0857,22.0,Ti I,,2.01,0.02,
J1534-0857,22.1,Ti II,,2.08,0.02,
J1534-0857,26.0,Fe I,,4.47,,0.02
J1534-0857,26.1,Fe II,,4.51,,0.03
J1534-0857,27.0,Co I,,2.19,0.0,
J1534-0857,28.0,Ni I,,3.38,0.0,
J1534-0857,38.1,Sr II,,-0.49,0.03,
J1534-0857,56.1,Ba II,,-2.07,0.1,
J1534-0857,63.1,Eu II,<,-2.64,0.07,
J1534-0857,106.0,C-H,,5.87,0.02,
J1538-1804,12.0,Mg I,,5.84,0.0,
J1538-1804,14.0,Si I,,5.81,0.0,
J1538-1804,19.0,K I,,3.62,0.1,
J1538-1804,20.0,Ca I,,4.57,0.04,
J1538-1804,21.1,Sc II,,1.03,0.1,
J1538-1804,22.0,Ti I,,3.09,0.01,
J1538-1804,22.1,Ti II,,3.05,0.02,
J1538-1804,23.0,V I,,3.05,0.01,
J1538-1804,24.0,Cr I,,3.7,0.01,
J1538-1804,25.0,Mn I,,2.76,0.51,
J1538-1804,26.0,Fe I,,5.41,,0.02
J1538-1804,26.1,Fe II,,5.4,,0.03
J1538-1804,27.0,Co I,,3.09,0.05,
J1538-1804,28.0,Ni I,,3.99,0.01,
J1538-1804,30.0,Zn I,,2.49,0.01,
J1538-1804,38.1,Sr II,,1.22,0.03,
J1538-1804,39.1,Y II,,0.29,0.0,
J1538-1804,40.1,Zr II,,0.91,0.01,
J1538-1804,56.1,Ba II,,0.71,0.1,
J1538-1804,57.1,La II,,-0.22,0.03,
J1538-1804,58.1,Ce II,,0.1,0.07,
J1538-1804,59.1,Pr II,,-0.45,0.02,
J1538-1804,60.1,Nd II,,0.19,0.01,
J1538-1804,62.1,Sm II,,-0.1,0.01,
J1538-1804,63.1,Eu II,,-0.3,0.2,
J1538-1804,66.1,Dy II,,0.33,0.0,
J1538-1804,76.0,Os I,,0.42,0.02,
J1538-1804,90.1,Th II,,-0.95,0.02,
J1538-1804,106.0,C-H,,6.6,0.02,
J1542-0131,11.0,Na I,,4.26,0.07,
J1542-0131,12.0,Mg I,,5.8,0.0,
J1542-0131,14.0,Si I,,5.99,0.1,
J1542-0131,19.0,K I,,3.41,0.1,
J1542-0131,20.0,Ca I,,4.57,0.04,
J1542-0131,21.1,Sc II,,1.15,0.1,
J1542-0131,22.0,Ti I,,2.95,0.01,
J1542-0131,22.1,Ti II,,3.09,0.01,
J1542-0131,23.0,V I,,2.97,0.01,
J1542-0131,24.0,Cr I,,3.59,0.01,
J1542-0131,25.0,Mn I,,2.71,0.33,
J1542-0131,26.0,Fe I,,5.32,,0.01
J1542-0131,26.1,Fe II,,5.3,,0.04
J1542-0131,27.0,Co I,,2.53,0.07,
J1542-0131,28.0,Ni I,,4.0,0.01,
J1542-0131,30.0,Zn I,,2.56,0.01,
J1542-0131,38.1,Sr II,,0.71,0.04,
J1542-0131,39.1,Y II,,-0.32,0.0,
J1542-0131,40.1,Zr II,,0.52,0.07,
J1542-0131,56.1,Ba II,,-0.35,0.12,
J1542-0131,57.1,La II,,-0.96,0.04,
J1542-0131,60.1,Nd II,,-0.74,0.0,
J1542-0131,62.1,Sm II,,-1.2,0.0,
J1542-0131,63.1,Eu II,,-1.4,0.2,
J1542-0131,66.1,Dy II,,-0.56,0.1,
J1542-0131,106.0,C-H,,6.52,0.01,
J1547-0837,12.0,Mg I,,5.53,0.0,
J1547-0837,14.0,Si I,,5.59,0.0,
J1547-0837,19.0,K I,,3.08,0.1,
J1547-0837,20.0,Ca I,,4.23,0.04,
J1547-0837,21.1,Sc II,,0.72,0.1,
J1547-0837,22.0,Ti I,,2.89,0.01,
J1547-0837,22.1,Ti II,,2.97,0.02,
J1547-0837,23.0,V I,,1.98,0.01,
J1547-0837,24.0,Cr I,,3.47,0.01,
J1547-0837,25.0,Mn I,,2.49,0.16,
J1547-0837,26.0,Fe I,,5.02,,0.01
J1547-0837,26.1,Fe II,,5.04,,0.03
J1547-0837,27.0,Co I,,2.32,0.03,
J1547-0837,28.0,Ni I,,3.75,0.04,
J1547-0837,29.0,Cu I,,0.81,0.07,
J1547-0837,30.0,Zn I,,2.16,0.01,
J1547-0837,38.1,Sr II,,1.17,0.03,
J1547-0837,39.1,Y II,,-0.47,0.1,
J1547-0837,56.1,Ba II,,-0.8,0.1,
J1547-0837,58.1,Ce II,,-1.12,0.0,
J1547-0837,63.1,Eu II,,-2.06,0.2,
J1547-0837,106.0,C-H,,6.11,0.01,
J1554+0021,12.0,Mg I,,6.02,0.0,
J1554+0021,14.0,Si I,,6.06,0.0,
J1554+0021,19.0,K I,,3.39,0.03,
J1554+0021,20.0,Ca I,,4.76,0.1,
J1554+0021,21.1,Sc II,,0.96,0.1,
J1554+0021,22.0,Ti I,,3.35,0.01,
J1554+0021,22.1,Ti II,,3.03,0.02,
J1554+0021,23.0,V I,,3.28,0.01,
J1554+0021,24.0,Cr I,,3.49,0.01,
J1554+0021,25.0,Mn I,,2.8,0.48,
J1554+0021,26.0,Fe I,,5.32,,0.01
J1554+0021,26.1,Fe II,,5.33,,0.1
J1554+0021,27.0,Co I,,2.96,0.03,
J1554+0021,28.0,Ni I,,4.07,0.01,
J1554+0021,30.0,Zn I,,2.48,0.01,
J1554+0021,38.1,Sr II,,0.88,0.1,
J1554+0021,39.1,Y II,,-0.36,0.0,
J1554+0021,40.1,Zr II,,0.29,0.07,
J1554+0021,56.1,Ba II,,-0.26,0.13,
J1554+0021,57.1,La II,,-1.34,0.04,
J1554+0021,60.1,Nd II,,-1.07,0.0,
J1554+0021,63.1,Eu II,,-1.75,0.2,
J1554+0021,106.0,C-H,,6.67,0.01,
J1602-1521,11.0,Na I,,4.22,0.06,
J1602-1521,12.0,Mg I,,5.88,0.0,
J1602-1521,14.0,Si I,,6.06,0.1,
J1602-1521,19.0,K I,,3.56,0.1,
J1602-1521,20.0,Ca I,,4.75,0.04,
J1602-1521,21.1,Sc II,,1.14,0.1,
J1602-1521,22.0,Ti I,,3.31,0.01,
J1602-1521,22.1,Ti II,,3.3,0.05,
J1602-1521,23.0,V I,,3.22,0.01,
J1602-1521,24.0,Cr I,,3.9,0.01,
J1602-1521,25.0,Mn I,,2.84,0.33,
J1602-1521,26.0,Fe I,,5.63,,0.01
J1602-1521,26.1,Fe II,,5.65,,0.04
J1602-1521,27.0,Co I,,2.74,0.04,
J1602-1521,28.0,Ni I,,4.17,0.02,
J1602-1521,30.0,Zn I,,2.74,0.01,
J1602-1521,38.1,Sr II,,1.1,0.04,
J1602-1521,39.1,Y II,,-0.04,0.0,
J1602-1521,40.1,Zr II,,0.87,0.07,
J1602-1521,56.1,Ba II,,0.4,0.1,
J1602-1521,57.1,La II,,-0.81,0.05,
J1602-1521,59.1,Pr II,,-0.69,0.07,
J1602-1521,63.1,Eu II,,-1.1,0.07,
J1602-1521,106.0,C-H,,6.3,0.01,
J1606-0400,8.0,O I,,7.2,0.07,
J1606-0400,11.0,Na I,,4.15,0.09,
J1606-0400,12.0,Mg I,,6.02,0.1,
J1606-0400,14.0,Si I,,5.78,0.1,
J1606-0400,20.0,Ca I,,4.66,0.04,
J1606-0400,21.1,Sc II,,1.24,0.0,
J1606-0400,22.0,Ti I,,3.1,0.01,
J1606-0400,22.1,Ti II,,3.11,0.01,
J1606-0400,23.0,V I,,1.88,0.01,
J1606-0400,24.0,Cr I,,3.75,0.01,
J1606-0400,25.0,Mn I,,2.95,0.01,
J1606-0400,26.0,Fe I,,5.41,,0.01
J1606-0400,26.1,Fe II,,5.43,,0.03
J1606-0400,27.0,Co I,,2.78,0.09,
J1606-0400,28.0,Ni I,,4.11,0.06,
J1606-0400,29.0,Cu I,,1.3,0.16,
J1606-0400,30.0,Zn I,,2.6,0.01,
J1606-0400,38.1,Sr II,,0.76,0.03,
J1606-0400,39.1,Y II,,0.0,0.1,
J1606-0400,40.1,Zr II,,1.27,0.07,
J1606-0400,56.1,Ba II,,-0.08,0.1,
J1606-0400,57.1,La II,,-0.85,0.04,
J1606-0400,58.1,Ce II,,-0.53,0.1,
J1606-0400,59.1,Pr II,,-1.22,0.05,
J1606-0400,60.1,Nd II,,-0.52,0.06,
J1606-0400,62.1,Sm II,,-0.85,0.07,
J1606-0400,63.1,Eu II,,-1.34,0.2,
J1606-0400,66.1,Dy II,,-0.41,0.02,
J1606-0400,76.0,Os I,,-0.29,0.09,
J1606-0400,106.0,C-H,,6.9,0.01,
J1606-1632,12.0,Mg I,,5.86,0.0,
J1606-1632,14.0,Si I,,5.71,0.0,
J1606-1632,19.0,K I,,3.16,0.1,
J1606-1632,20.0,Ca I,,4.44,0.04,
J1606-1632,21.1,Sc II,,0.93,0.1,
J1606-1632,22.0,Ti I,,3.03,0.01,
J1606-1632,22.1,Ti II,,3.14,0.02,
J1606-1632,23.0,V I,,1.46,0.01,
J1606-1632,24.0,Cr I,,3.55,0.01,
J1606-1632,25.0,Mn I,,2.67,0.07,
J1606-1632,26.0,Fe I,,5.22,,0.01
J1606-1632,26.1,Fe II,,5.22,,0.02
J1606-1632,27.0,Co I,,2.68,0.06,
J1606-1632,28.0,Ni I,,3.88,0.03,
J1606-1632,29.0,Cu I,,0.97,0.0,
J1606-1632,30.0,Zn I,,2.25,0.01,
J1606-1632,38.1,Sr II,,0.6,0.02,
J1606-1632,39.1,Y II,,-0.43,0.1,
J1606-1632,56.1,Ba II,,-0.67,0.1,
J1606-1632,58.1,Ce II,,-1.09,0.0,
J1606-1632,60.1,Nd II,,-1.25,0.07,
J1606-1632,63.1,Eu II,,-2.03,0.2,
J1606-1632,106.0,C-H,,6.58,0.01,
J1609-0941,12.0,Mg I,,5.5,0.0,
J1609-0941,20.0,Ca I,,4.07,0.0,
J1609-0941,21.1,Sc II,,0.57,0.0,
J1609-0941,22.0,Ti I,,2.55,0.01,
J1609-0941,22.1,Ti II,,2.55,0.02,
J1609-0941,23.0,V I,,3.2,0.0,
J1609-0941,24.0,Cr I,,2.9,0.0,
J1609-0941,25.0,Mn I,,2.28,0.63,
J1609-0941,26.0,Fe I,,4.84,,0.01
J1609-0941,26.1,Fe II,,4.8,,0.01
J1609-0941,27.0,Co I,,2.62,0.02,
J1609-0941,28.0,Ni I,,3.53,0.02,
J1609-0941,30.0,Zn I,,2.03,0.02,
J1609-0941,38.1,Sr II,,0.15,0.01,
J1609-0941,39.1,Y II,,-0.82,0.0,
J1609-0941,56.1,Ba II,,-0.78,0.16,
J1609-0941,57.1,La II,,-1.57,0.04,
J1609-0941,59.1,Pr II,,-1.45,0.07,
J1609-0941,60.1,Nd II,,-1.3,0.0,
J1609-0941,63.1,Eu II,,-1.73,0.15,
J1609-0941,106.0,C-H,,6.02,0.01,
J1612-0541,11.0,Na I,,4.54,0.07,
J1612-0541,12.0,Mg I,,6.17,0.0,
J1612-0541,14.0,Si I,,6.05,0.1,
J1612-0541,19.0,K I,,3.73,0.1,
J1612-0541,20.0,Ca I,,5.01,0.02,
J1612-0541,21.1,Sc II,,1.37,0.1,
J1612-0541,22.0,Ti I,,3.41,0.01,
J1612-0541,22.1,Ti II,,3.45,0.02,
J1612-0541,23.0,V I,,2.1,0.01,
J1612-0541,24.0,Cr I,,4.16,0.01,
J1612-0541,25.0,Mn I,,3.14,0.02,
J1612-0541,26.0,Fe I,,5.7,,0.01
J1612-0541,26.1,Fe II,,5.67,,0.03
J1612-0541,27.0,Co I,,2.82,0.06,
J1612-0541,28.0,Ni I,,4.37,0.05,
J1612-0541,29.0,Cu I,,1.51,0.23,
J1612-0541,30.0,Zn I,,2.66,0.01,
J1612-0541,38.1,Sr II,,1.14,0.03,
J1612-0541,39.1,Y II,,0.19,0.09,
J1612-0541,40.1,Zr II,,0.85,0.07,
J1612-0541,56.1,Ba II,,0.41,0.16,
J1612-0541,57.1,La II,,-0.7,0.04,
J1612-0541,58.1,Ce II,,-0.02,0.11,
J1612-0541,59.1,Pr II,,-0.72,0.13,
J1612-0541,60.1,Nd II,,-0.25,0.06,
J1612-0541,63.1,Eu II,,-1.08,0.2,
J1612-0541,66.1,Dy II,,-0.42,0.02,
J1612-0541,106.0,C-H,,6.83,0.01,
J1612-0848,12.0,Mg I,,5.84,0.0,
J1612-0848,14.0,Si I,,5.79,0.0,
J1612-0848,19.0,K I,,3.67,0.1,
J1612-0848,20.0,Ca I,,4.63,0.03,
J1612-0848,21.1,Sc II,,1.15,0.1,
J1612-0848,22.0,Ti I,,3.16,0.0,
J1612-0848,22.1,Ti II,,3.15,0.01,
J1612-0848,23.0,V I,,2.08,0.01,
J1612-0848,24.0,Cr I,,3.6,0.01,
J1612-0848,25.0,Mn I,,2.97,0.0,
J1612-0848,26.0,Fe I,,5.39,,0.01
J1612-0848,26.1,Fe II,,5.4,,0.02
J1612-0848,27.0,Co I,,2.84,0.04,
J1612-0848,28.0,Ni I,,4.07,0.04,
J1612-0848,29.0,Cu I,,1.23,0.0,
J1612-0848,30.0,Zn I,,2.5,0.01,
J1612-0848,38.1,Sr II,,1.05,0.02,
J1612-0848,39.1,Y II,,-0.06,0.1,
J1612-0848,40.1,Zr II,,0.56,0.07,
J1612-0848,56.1,Ba II,,0.11,0.12,
J1612-0848,57.1,La II,,-0.87,0.03,
J1612-0848,58.1,Ce II,,-0.62,0.07,
J1612-0848,59.1,Pr II,,-1.06,0.07,
J1612-0848,60.1,Nd II,,-0.47,0.06,
J1612-0848,62.1,Sm II,,-0.76,0.07,
J1612-0848,63.1,Eu II,,-1.01,0.2,
J1612-0848,66.1,Dy II,,-0.59,0.02,
J1612-0848,76.0,Os I,,-0.31,0.2,
J1612-0848,106.0,C-H,,6.49,0.01,
J1616-0401,11.0,Na I,,4.19,0.06,
J1616-0401,12.0,Mg I,,6.14,0.0,
J1616-0401,14.0,Si I,,5.98,0.07,
J1616-0401,19.0,K I,,3.62,0.1,
J1616-0401,20.0,Ca I,,4.82,0.02,
J1616-0401,21.1,Sc II,,1.27,0.1,
J1616-0401,22.0,Ti I,,3.33,0.01,
J1616-0401,22.1,Ti II,,3.3,0.02,
J1616-0401,23.0,V I,,2.21,0.0,
J1616-0401,24.0,Cr I,,3.82,0.01,
J1616-0401,25.0,Mn I,,3.11,0.07,
J1616-0401,26.0,Fe I,,5.53,,0.01
J1616-0401,26.1,Fe II,,5.52,,0.03
J1616-0401,27.0,Co I,,2.84,0.07,
J1616-0401,28.0,Ni I,,4.24,0.02,
J1616-0401,29.0,Cu I,,1.37,0.2,
J1616-0401,30.0,Zn I,,2.76,0.01,
J1616-0401,38.1,Sr II,,0.98,0.03,
J1616-0401,39.1,Y II,,0.07,0.07,
J1616-0401,40.1,Zr II,,0.79,0.07,
J1616-0401,56.1,Ba II,,0.02,0.1,
J1616-0401,57.1,La II,,-0.96,0.04,
J1616-0401,58.1,Ce II,,-0.55,0.07,
J1616-0401,59.1,Pr II,,-1.02,0.07,
J1616-0401,60.1,Nd II,,-0.54,0.06,
J1616-0401,63.1,Eu II,,-0.93,0.14,
J1616-0401,66.1,Dy II,,-0.56,0.02,
J1616-0401,106.0,C-H,,6.71,0.01,
J1618-0630,12.0,Mg I,,5.73,0.0,
J1618-0630,14.0,Si I,,5.97,0.0,
J1618-0630,20.0,Ca I,,4.27,0.0,
J1618-0630,21.1,Sc II,,0.84,0.0,
J1618-0630,22.0,Ti I,,2.91,0.02,
J1618-0630,22.1,Ti II,,2.69,0.06,
J1618-0630,24.0,Cr I,,3.35,0.02,
J1618-0630,25.0,Mn I,,2.62,0.0,
J1618-0630,26.0,Fe I,,5.09,,0.03
J1618-0630,26.1,Fe II,,5.07,,0.08
J1618-0630,27.0,Co I,,2.46,0.04,
J1618-0630,28.0,Ni I,,3.92,0.0,
J1618-0630,38.1,Sr II,,0.47,0.08,
J1618-0630,39.1,Y II,,-0.56,0.0,
J1618-0630,56.1,Ba II,,-0.82,0.4,
J1618-0630,63.1,Eu II,<,-2.16,0.2,
J1618-0630,106.0,C-H,,6.52,0.03,
J1627-0848,12.0,Mg I,,5.57,0.0,
J1627-0848,14.0,Si I,,5.79,0.0,
J1627-0848,19.0,K I,,3.2,0.1,
J1627-0848,20.0,Ca I,,4.27,0.1,
J1627-0848,21.1,Sc II,,0.86,0.1,
J1627-0848,22.0,Ti I,,2.79,0.01,
J1627-0848,22.1,Ti II,,2.96,0.02,
J1627-0848,23.0,V I,,3.06,0.01,
J1627-0848,24.0,Cr I,,3.39,0.01,
J1627-0848,25.0,Mn I,,2.66,0.59,
J1627-0848,26.0,Fe I,,5.14,,0.02
J1627-0848,26.1,Fe II,,5.14,,0.05
J1627-0848,27.0,Co I,,2.44,0.33,
J1627-0848,28.0,Ni I,,3.73,0.05,
J1627-0848,30.0,Zn I,,2.3,0.01,
J1627-0848,38.1,Sr II,,0.51,0.05,
J1627-0848,39.1,Y II,,-0.22,0.0,
J1627-0848,56.1,Ba II,,-0.08,0.15,
J1627-0848,63.1,Eu II,,-1.72,0.2,
J1627-0848,106.0,C-H,,5.92,0.02,
J1628-1014,11.0,Na I,,4.29,0.06,
J1628-1014,12.0,Mg I,,6.05,0.0,
J1628-1014,14.0,Si I,,6.03,0.05,
J1628-1014,19.0,K I,,3.45,0.1,
J1628-1014,20.0,Ca I,,4.68,0.04,
J1628-1014,21.1,Sc II,,1.1,0.1,
J1628-1014,22.0,Ti I,,3.22,0.01,
J1628-1014,22.1,Ti II,,3.15,0.02,
J1628-1014,23.0,V I,,2.84,0.01,
J1628-1014,24.0,Cr I,,3.75,0.01,
J1628-1014,25.0,Mn I,,3.01,0.69,
J1628-1014,26.0,Fe I,,5.5,,0.02
J1628-1014,26.1,Fe II,,5.46,,0.04
J1628-1014,27.0,Co I,,2.94,0.04,
J1628-1014,28.0,Ni I,,4.15,0.02,
J1628-1014,30.0,Zn I,,2.51,0.01,
J1628-1014,38.1,Sr II,,0.61,0.04,
J1628-1014,39.1,Y II,,-0.08,0.0,
J1628-1014,40.1,Zr II,,0.66,0.07,
J1628-1014,56.1,Ba II,,0.16,0.1,
J1628-1014,57.1,La II,,-0.88,0.02,
J1628-1014,58.1,Ce II,,-0.25,0.07,
J1628-1014,59.1,Pr II,,-0.92,0.06,
J1628-1014,60.1,Nd II,,-0.52,0.07,
J1628-1014,62.1,Sm II,,-0.75,0.07,
J1628-1014,63.1,Eu II,,-1.12,0.1,
J1628-1014,76.0,Os I,,0.05,0.1,
J1628-1014,106.0,C-H,,6.67,0.02,
J1639-0522,11.0,Na I,,3.97,0.2,
J1639-0522,12.0,Mg I,,5.82,0.0,
J1639-0522,14.0,Si I,,6.04,0.1,
J1639-0522,19.0,K I,,3.62,0.1,
J1639-0522,20.0,Ca I,,4.65,0.04,
J1639-0522,21.1,Sc II,,1.06,0.1,
J1639-0522,22.0,Ti I,,3.1,0.0,
J1639-0522,22.1,Ti II,,3.1,0.01,
J1639-0522,23.0,V I,,2.08,0.01,
J1639-0522,24.0,Cr I,,3.9,0.01,
J1639-0522,25.0,Mn I,,2.9,0.09,
J1639-0522,26.0,Fe I,,5.43,,0.01
J1639-0522,26.1,Fe II,,5.47,,0.04
J1639-0522,27.0,Co I,,2.83,0.04,
J1639-0522,28.0,Ni I,,3.99,0.04,
J1639-0522,29.0,Cu I,,1.12,0.04,
J1639-0522,30.0,Zn I,,2.62,0.01,
J1639-0522,38.1,Sr II,,1.16,0.04,
J1639-0522,39.1,Y II,,-0.33,0.1,
J1639-0522,56.1,Ba II,,-0.15,0.16,
J1639-0522,58.1,Ce II,,-0.59,0.0,
J1639-0522,60.1,Nd II,,-0.72,0.07,
J1639-0522,63.1,Eu II,,-1.62,0.2,
J1639-0522,106.0,C-H,,6.62,0.01,
J1645-0429,12.0,Mg I,,6.04,0.0,
J1645-0429,14.0,Si I,,5.59,0.0,
J1645-0429,19.0,K I,,3.23,0.1,
J1645-0429,20.0,Ca I,,4.53,0.08,
J1645-0429,21.1,Sc II,,0.97,0.1,
J1645-0429,22.0,Ti I,,3.16,0.0,
J1645-0429,22.1,Ti II,,3.19,0.02,
J1645-0429,23.0,V I,,2.34,0.01,
J1645-0429,24.0,Cr I,,3.62,0.01,
J1645-0429,25.0,Mn I,,2.87,0.23,
J1645-0429,26.0,Fe I,,5.35,,0.01
J1645-0429,26.1,Fe II,,5.38,,0.05
J1645-0429,27.0,Co I,,2.81,0.08,
J1645-0429,28.0,Ni I,,4.05,0.02,
J1645-0429,30.0,Zn I,,2.42,0.01,
J1645-0429,38.1,Sr II,,1.1,0.05,
J1645-0429,39.1,Y II,,-0.26,0.0,
J1645-0429,40.1,Zr II,,0.51,0.07,
J1645-0429,56.1,Ba II,,-0.34,0.12,
J1645-0429,57.1,La II,,-1.42,0.05,
J1645-0429,58.1,Ce II,,-0.79,0.1,
J1645-0429,59.1,Pr II,,-1.15,0.1,
J1645-0429,60.1,Nd II,,-0.78,0.07,
J1645-0429,63.1,Eu II,,-1.78,0.3,
J1645-0429,66.1,Dy II,,-0.97,0.06,
J1645-0429,106.0,C-H,,6.64,0.01,
J1811-2126,11.0,Na I,,5.46,0.1,
J1811-2126,12.0,Mg I,,6.9,0.0,
J1811-2126,14.0,Si I,,6.73,0.05,
J1811-2126,20.0,Ca I,,5.52,0.01,
J1811-2126,21.1,Sc II,,1.96,0.0,
J1811-2126,22.0,Ti I,,3.82,0.01,
J1811-2126,22.1,Ti II,,3.94,0.01,
J1811-2126,23.0,V I,,2.51,0.01,
J1811-2126,24.0,Cr I,,4.78,0.03,
J1811-2126,25.0,Mn I,,3.91,0.01,
J1811-2126,26.0,Fe I,,6.26,,0.02
J1811-2126,26.1,Fe II,,6.29,,0.04
J1811-2126,27.0,Co I,,3.63,0.28,
J1811-2126,28.0,Ni I,,5.04,0.0,
J1811-2126,30.0,Zn I,,3.41,0.01,
J1811-2126,38.1,Sr II,,1.54,0.04,
J1811-2126,39.1,Y II,,0.6,0.0,
J1811-2126,56.1,Ba II,,1.12,0.2,
J1811-2126,57.1,La II,,-0.11,0.05,
J1811-2126,58.1,Ce II,,0.47,0.0,
J1811-2126,60.1,Nd II,,0.35,0.1,
J1811-2126,63.1,Eu II,,-0.44,0.2,
J1811-2126,106.0,C-H,,7.36,0.02,
J1905-1949,11.0,Na I,,4.35,0.04,
J1905-1949,12.0,Mg I,,6.08,0.0,
J1905-1949,14.0,Si I,,6.1,0.04,
J1905-1949,19.0,K I,,3.54,0.1,
J1905-1949,20.0,Ca I,,4.76,0.03,
J1905-1949,21.1,Sc II,,1.26,0.1,
J1905-1949,22.0,Ti I,,3.28,0.01,
J1905-1949,22.1,Ti II,,3.21,0.01,
J1905-1949,23.0,V I,,3.01,0.01,
J1905-1949,24.0,Cr I,,3.87,0.01,
J1905-1949,25.0,Mn I,,3.12,0.44,
J1905-1949,26.0,Fe I,,5.61,,0.01
J1905-1949,26.1,Fe II,,5.57,,0.03
J1905-1949,27.0,Co I,,3.11,0.04,
J1905-1949,28.0,Ni I,,4.24,0.01,
J1905-1949,29.0,Cu I,,1.38,0.01,
J1905-1949,30.0,Zn I,,2.72,0.01,
J1905-1949,38.1,Sr II,,0.97,0.03,
J1905-1949,39.1,Y II,,0.03,0.05,
J1905-1949,40.1,Zr II,,0.81,0.04,
J1905-1949,56.1,Ba II,,0.21,0.1,
J1905-1949,57.1,La II,,-0.79,0.02,
J1905-1949,58.1,Ce II,,-0.25,0.06,
J1905-1949,59.1,Pr II,,-0.98,0.03,
J1905-1949,60.1,Nd II,,-0.43,0.04,
J1905-1949,62.1,Sm II,,-0.94,0.1,
J1905-1949,63.1,Eu II,,-1.01,0.2,
J1905-1949,66.1,Dy II,,-0.5,0.03,
J1905-1949,106.0,C-H,,6.75,0.01,
J2005-3057,12.0,Mg I,,5.17,0.0,
J2005-3057,14.0,Si I,,5.7,0.0,
J2005-3057,19.0,K I,,2.7,0.1,
J2005-3057,20.0,Ca I,,3.87,0.06,
J2005-3057,21.1,Sc II,,0.53,0.1,
J2005-3057,22.0,Ti I,,2.55,0.01,
J2005-3057,22.1,Ti II,,2.55,0.04,
J2005-3057,23.0,V I,,2.69,0.02,
J2005-3057,24.0,Cr I,,3.2,0.01,
J2005-3057,25.0,Mn I,,2.32,0.7,
J2005-3057,26.0,Fe I,,4.76,,0.02
J2005-3057,26.1,Fe II,,4.72,,0.05
J2005-3057,27.0,Co I,,1.63,0.02,
J2005-3057,28.0,Ni I,,3.41,0.1,
J2005-3057,38.1,Sr II,,-0.03,0.05,
J2005-3057,39.1,Y II,,-0.55,0.0,
J2005-3057,40.1,Zr II,,-0.07,0.0,
J2005-3057,56.1,Ba II,,-0.2,0.16,
J2005-3057,57.1,La II,,-1.2,0.05,
J2005-3057,58.1,Ce II,,-0.55,0.05,
J2005-3057,59.1,Pr II,,-1.18,0.1,
J2005-3057,63.1,Eu II,,-1.36,0.2,
J2005-3057,106.0,C-H,,6.13,0.02,
J2010-0826,11.0,Na I,,4.17,0.07,
J2010-0826,12.0,Mg I,,6.15,0.0,
J2010-0826,14.0,Si I,,6.01,0.04,
J2010-0826,20.0,Ca I,,4.84,0.04,
J2010-0826,21.1,Sc II,,1.29,0.0,
J2010-0826,22.0,Ti I,,3.3,0.01,
J2010-0826,22.1,Ti II,,3.3,0.02,
J2010-0826,23.0,V I,,2.0,0.01,
J2010-0826,24.0,Cr I,,3.79,0.01,
J2010-0826,25.0,Mn I,,3.05,0.01,
J2010-0826,26.0,Fe I,,5.48,,0.01
J2010-0826,26.1,Fe II,,5.44,,0.03
J2010-0826,27.0,Co I,,3.04,0.07,
J2010-0826,28.0,Ni I,,4.18,0.04,
J2010-0826,29.0,Cu I,,1.38,0.03,
J2010-0826,30.0,Zn I,,2.61,0.01,
J2010-0826,38.1,Sr II,,0.89,0.03,
J2010-0826,39.1,Y II,,-0.11,0.07,
J2010-0826,40.1,Zr II,,0.9,0.04,
J2010-0826,56.1,Ba II,,-0.23,0.1,
J2010-0826,57.1,La II,,-1.08,0.02,
J2010-0826,58.1,Ce II,,-0.65,0.07,
J2010-0826,59.1,Pr II,,-1.07,0.07,
J2010-0826,60.1,Nd II,,-0.66,0.07,
J2010-0826,62.1,Sm II,,-1.12,0.09,
J2010-0826,63.1,Eu II,,-1.08,0.14,
J2010-0826,106.0,C-H,,6.64,0.01,
J2032+0000,11.0,Na I,,4.0,0.06,
J2032+0000,12.0,Mg I,,5.64,0.0,
J2032+0000,14.0,Si I,,5.86,0.1,
J2032+0000,19.0,K I,,3.3,0.1,
J2032+0000,20.0,Ca I,,4.44,0.09,
J2032+0000,21.1,Sc II,,0.98,0.1,
J2032+0000,22.0,Ti I,,3.05,0.01,
J2032+0000,22.1,Ti II,,2.97,0.02,
J2032+0000,23.0,V I,,2.51,0.01,
J2032+0000,24.0,Cr I,,3.36,0.01,
J2032+0000,25.0,Mn I,,2.71,0.3,
J2032+0000,26.0,Fe I,,5.26,,0.02
J2032+0000,26.1,Fe II,,5.26,,0.03
J2032+0000,27.0,Co I,,2.8,0.06,
J2032+0000,28.0,Ni I,,3.85,0.04,
J2032+0000,29.0,Cu I,,0.97,0.07,
J2032+0000,30.0,Zn I,,2.32,0.01,
J2032+0000,38.1,Sr II,,0.79,0.03,
J2032+0000,39.1,Y II,,-0.29,0.05,
J2032+0000,40.1,Zr II,,0.4,0.1,
J2032+0000,56.1,Ba II,,-0.35,0.16,
J2032+0000,57.1,La II,,-1.33,0.04,
J2032+0000,58.1,Ce II,,-0.7,0.1,
J2032+0000,60.1,Nd II,,-0.75,0.07,
J2032+0000,63.1,Eu II,,-1.46,0.2,
J2032+0000,106.0,C-H,,6.37,0.02,
J2036-0714,12.0,Mg I,,5.45,0.0,
J2036-0714,14.0,Si I,,5.22,0.0,
J2036-0714,20.0,Ca I,,4.15,0.35,
J2036-0714,21.1,Sc II,,0.78,0.0,
J2036-0714,22.0,Ti I,,2.64,0.01,
J2036-0714,22.1,Ti II,,2.84,0.02,
J2036-0714,23.0,V I,,1.85,0.01,
J2036-0714,24.0,Cr I,,3.45,0.02,
J2036-0714,25.0,Mn I,,2.8,0.06,
J2036-0714,26.0,Fe I,,5.09,,0.02
J2036-0714,26.1,Fe II,,5.09,,0.05
J2036-0714,27.0,Co I,,2.67,0.21,
J2036-0714,28.0,Ni I,,3.73,0.02,
J2036-0714,30.0,Zn I,,2.25,0.01,
J2036-0714,38.1,Sr II,,0.48,0.05,
J2036-0714,39.1,Y II,,-0.76,0.0,
J2036-0714,56.1,Ba II,,-0.8,0.16,
J2036-0714,57.1,La II,,-0.95,0.04,
J2036-0714,58.1,Ce II,,-0.81,0.0,
J2036-0714,60.1,Nd II,,-0.87,0.1,
J2036-0714,63.1,Eu II,,-1.41,0.2,
J2036-0714,66.1,Dy II,,-0.89,0.05,
J2036-0714,106.0,C-H,,6.9,0.02,
J2038-0023,12.0,Mg I,,,0.0,
J2038-0023,19.0,K I,,,0.02,
J2038-0023,20.0,Ca I,,,0.0,
J2038-0023,21.1,Sc II,,,0.1,
J2038-0023,22.0,Ti I,,,0.01,
J2038-0023,22.1,Ti II,,,0.04,
J2038-0023,24.0,Cr I,,,0.01,
J2038-0023,25.0,Mn I,,,0.0,
J2038-0023,26.0,Fe I,,,,
J2038-0023,26.1,Fe II,,,,
J2038-0023,27.0,Co I,,,0.16,
J2038-0023,28.0,Ni I,,,0.0,
J2038-0023,30.0,Zn I,,,0.02,
J2038-0023,38.1,Sr II,,,,
J2038-0023,39.1,Y II,,,0.0,
J2038-0023,40.1,Zr II,,,0.1,
J2038-0023,56.1,Ba II,,,,
J2038-0023,57.1,La II,,,0.08,
J2038-0023,58.1,Ce II,,,0.15,
J2038-0023,59.1,Pr II,,,0.06,
J2038-0023,60.1,Nd II,,,0.05,
J2038-0023,62.1,Sm II,,,0.06,
J2038-0023,63.1,Eu II,,,0.1,
J2038-0023,76.0,Os I,,,0.14,
J2038-0023,90.1,Th II,,,0.0,
J2038-0252,11.0,Na I,,3.99,0.06,
J2038-0252,12.0,Mg I,,5.84,0.0,
J2038-0252,14.0,Si I,,5.74,0.1,
J2038-0252,19.0,K I,,3.2,0.1,
J2038-0252,20.0,Ca I,,4.51,0.04,
J2038-0252,21.1,Sc II,,0.9,0.1,
J2038-0252,22.0,Ti I,,3.13,0.01,
J2038-0252,22.1,Ti II,,3.17,0.01,
J2038-0252,23.0,V I,,1.66,0.01,
J2038-0252,24.0,Cr I,,3.74,0.01,
J2038-0252,25.0,Mn I,,2.89,0.05,
J2038-0252,26.0,Fe I,,5.34,,0.01
J2038-0252,26.1,Fe II,,5.36,,0.04
J2038-0252,27.0,Co I,,2.8,0.09,
J2038-0252,28.0,Ni I,,3.93,0.02,
J2038-0252,29.0,Cu I,,1.06,0.0,
J2038-0252,30.0,Zn I,,2.11,0.01,
J2038-0252,38.1,Sr II,,1.1,0.04,
J2038-0252,39.1,Y II,,-0.34,0.1,
J2038-0252,40.1,Zr II,,0.61,0.07,
J2038-0252,56.1,Ba II,,-0.24,0.12,
J2038-0252,57.1,La II,,-0.8,0.02,
J2038-0252,58.1,Ce II,,-0.58,0.14,
J2038-0252,59.1,Pr II,,-1.1,0.09,
J2038-0252,60.1,Nd II,,-0.58,0.06,
J2038-0252,62.1,Sm II,,-1.01,0.1,
J2038-0252,63.1,Eu II,,-1.05,0.1,
J2038-0252,66.1,Dy II,,-0.57,0.02,
J2038-0252,76.0,Os I,,-0.05,0.1,
J2038-0252,106.0,C-H,,6.49,0.01,
J2054-0033,12.0,Mg I,,5.81,0.0,
J2054-0033,14.0,Si I,,5.64,0.0,
J2054-0033,19.0,K I,,3.03,0.08,
J2054-0033,20.0,Ca I,,3.98,0.07,
J2054-0033,21.1,Sc II,,0.49,0.1,
J2054-0033,22.0,Ti I,,2.72,0.01,
J2054-0033,22.1,Ti II,,2.59,0.02,
J2054-0033,23.0,V I,,2.29,0.01,
J2054-0033,24.0,Cr I,,3.17,0.01,
J2054-0033,25.0,Mn I,,2.49,1.0,
J2054-0033,26.0,Fe I,,4.88,,0.01
J2054-0033,26.1,Fe II,,4.85,,0.03
J2054-0033,27.0,Co I,,2.55,0.09,
J2054-0033,28.0,Ni I,,3.69,0.03,
J2054-0033,30.0,Zn I,,2.08,0.02,
J2054-0033,38.1,Sr II,,0.88,0.03,
J2054-0033,39.1,Y II,,-0.46,0.0,
J2054-0033,40.1,Zr II,,0.7,0.07,
J2054-0033,56.1,Ba II,,-0.71,0.1,
J2054-0033,57.1,La II,,-1.53,0.03,
J2054-0033,60.1,Nd II,,-0.98,0.0,
J2054-0033,63.1,Eu II,<,-2.28,0.14,
J2054-0033,106.0,C-H,,6.59,0.01,
J2058-0354,12.0,Mg I,,5.6,0.0,
J2058-0354,14.0,Si I,,5.57,0.0,
J2058-0354,19.0,K I,,2.78,0.01,
J2058-0354,20.0,Ca I,,4.26,0.13,
J2058-0354,21.1,Sc II,,0.66,0.1,
J2058-0354,22.0,Ti I,,2.81,0.01,
J2058-0354,22.1,Ti II,,2.72,0.03,
J2058-0354,23.0,V I,,2.4,0.01,
J2058-0354,24.0,Cr I,,3.35,0.01,
J2058-0354,25.0,Mn I,,2.46,0.44,
J2058-0354,26.0,Fe I,,5.14,,0.02
J2058-0354,26.1,Fe II,,5.18,,0.04
J2058-0354,27.0,Co I,,2.57,0.15,
J2058-0354,28.0,Ni I,,3.83,0.05,
J2058-0354,30.0,Zn I,,2.3,0.01,
J2058-0354,38.1,Sr II,,0.27,0.04,
J2058-0354,39.1,Y II,,-0.41,0.0,
J2058-0354,40.1,Zr II,,0.18,0.1,
J2058-0354,56.1,Ba II,,-0.27,0.14,
J2058-0354,57.1,La II,,-1.25,0.05,
J2058-0354,58.1,Ce II,,-0.62,0.1,
J2058-0354,59.1,Pr II,,-1.18,0.06,
J2058-0354,60.1,Nd II,,-0.88,0.1,
J2058-0354,63.1,Eu II,,-1.48,0.07,
J2058-0354,66.1,Dy II,,-0.7,0.1,
J2058-0354,106.0,C-H,,6.47,0.02,
J2116-0213,11.0,Na I,,4.34,0.07,
J2116-0213,14.0,Si I,,5.86,0.07,
J2116-0213,19.0,K I,,2.85,0.0,
J2116-0213,20.0,Ca I,,4.06,0.06,
J2116-0213,21.1,Sc II,,0.88,0.1,
J2116-0213,22.0,Ti I,,2.48,0.01,
J2116-0213,22.1,Ti II,,2.71,0.02,
J2116-0213,23.0,V I,,2.43,0.01,
J2116-0213,24.0,Cr I,,3.2,0.01,
J2116-0213,25.0,Mn I,,2.51,0.0,
J2116-0213,26.0,Fe I,,4.92,,0.01
J2116-0213,26.1,Fe II,,4.93,,0.03
J2116-0213,27.0,Co I,,2.57,0.05,
J2116-0213,28.0,Ni I,,3.6,0.02,
J2116-0213,29.0,Cu I,,0.72,0.0,
J2116-0213,30.0,Zn I,,2.15,0.01,
J2116-0213,38.1,Sr II,,-0.12,0.03,
J2116-0213,39.1,Y II,,-0.57,0.1,
J2116-0213,40.1,Zr II,,0.29,0.07,
J2116-0213,56.1,Ba II,,-0.71,0.16,
J2116-0213,57.1,La II,,-1.39,0.03,
J2116-0213,58.1,Ce II,,-1.05,0.1,
J2116-0213,59.1,Pr II,,-1.35,0.07,
J2116-0213,60.1,Nd II,,-1.04,0.06,
J2116-0213,63.1,Eu II,,-1.46,0.2,
J2116-0213,106.0,C-H,,5.68,0.01,
J2151-0543,14.0,Si I,,5.8,0.0,
J2151-0543,19.0,K I,,2.26,0.0,
J2151-0543,20.0,Ca I,,4.13,0.1,
J2151-0543,21.1,Sc II,,0.2,0.1,
J2151-0543,22.0,Ti I,,2.36,0.01,
J2151-0543,22.1,Ti II,,2.39,0.03,
J2151-0543,23.0,V I,,0.74,0.01,
J2151-0543,24.0,Cr I,,3.23,0.01,
J2151-0543,25.0,Mn I,,2.42,0.08,
J2151-0543,26.0,Fe I,,5.03,,0.01
J2151-0543,26.1,Fe II,,5.04,,0.03
J2151-0543,27.0,Co I,,2.19,0.03,
J2151-0543,38.1,Sr II,,-0.01,0.03,
J2151-0543,39.1,Y II,,-1.02,0.0,
J2151-0543,40.1,Zr II,,-0.3,0.0,
J2151-0543,56.1,Ba II,,-0.83,0.1,
J2151-0543,57.1,La II,,-1.58,0.07,
J2151-0543,63.1,Eu II,,-1.73,0.1,
J2151-0543,106.0,C-H,,5.89,0.01,
J2256-0500,11.0,Na I,,4.07,0.07,
J2256-0500,12.0,Mg I,,6.09,0.0,
J2256-0500,14.0,Si I,,6.0,0.07,
J2256-0500,19.0,K I,,3.84,0.1,
J2256-0500,20.0,Ca I,,4.85,0.04,
J2256-0500,21.1,Sc II,,1.24,0.1,
J2256-0500,22.0,Ti I,,3.29,0.01,
J2256-0500,22.1,Ti II,,3.26,0.01,
J2256-0500,23.0,V I,,3.34,0.01,
J2256-0500,24.0,Cr I,,3.83,0.01,
J2256-0500,25.0,Mn I,,3.1,0.43,
J2256-0500,26.0,Fe I,,5.53,,0.01
J2256-0500,26.1,Fe II,,5.53,,0.04
J2256-0500,27.0,Co I,,2.81,0.04,
J2256-0500,28.0,Ni I,,4.24,0.01,
J2256-0500,29.0,Cu I,,1.27,0.07,
J2256-0500,30.0,Zn I,,2.54,0.01,
J2256-0500,38.1,Sr II,,0.8,0.04,
J2256-0500,39.1,Y II,,-0.25,0.1,
J2256-0500,56.1,Ba II,,-0.25,0.1,
J2256-0500,57.1,La II,,-1.24,0.04,
J2256-0500,58.1,Ce II,,-0.69,0.0,
J2256-0500,59.1,Pr II,,-1.15,0.07,
J2256-0500,60.1,Nd II,,-0.71,0.06,
J2256-0500,63.1,Eu II,,-1.51,0.2,
J2256-0500,106.0,C-H,,6.76,0.01,
J2304+0155,12.0,Mg I,,5.47,0.0,
J2304+0155,14.0,Si I,,5.65,0.0,
J2304+0155,19.0,K I,,2.92,0.1,
J2304+0155,20.0,Ca I,,4.27,0.04,
J2304+0155,21.1,Sc II,,0.84,0.1,
J2304+0155,22.0,Ti I,,2.78,0.01,
J2304+0155,22.1,Ti II,,2.81,0.01,
J2304+0155,23.0,V I,,2.53,0.01,
J2304+0155,24.0,Cr I,,3.24,0.01,
J2304+0155,25.0,Mn I,,2.53,1.01,
J2304+0155,26.0,Fe I,,5.04,,0.02
J2304+0155,26.1,Fe II,,5.03,,0.04
J2304+0155,27.0,Co I,,2.66,0.06,
J2304+0155,28.0,Ni I,,3.77,0.01,
J2304+0155,30.0,Zn I,,2.25,0.01,
J2304+0155,38.1,Sr II,,0.42,0.04,
J2304+0155,39.1,Y II,,-0.08,0.0,
J2304+0155,56.1,Ba II,,-0.48,0.1,
J2304+0155,58.1,Ce II,,-0.57,0.0,
J2304+0155,60.1,Nd II,,-0.87,0.1,
J2304+0155,63.1,Eu II,,-1.68,0.2,
J2304+0155,106.0,C-H,,6.45,0.02,
J2325-0815,12.0,Mg I,,6.01,0.0,
J2325-0815,14.0,Si I,,6.41,0.0,
J2325-0815,20.0,Ca I,,4.63,0.03,
J2325-0815,21.1,Sc II,,1.07,0.0,
J2325-0815,22.0,Ti I,,3.04,0.01,
J2325-0815,22.1,Ti II,,2.84,0.01,
J2325-0815,23.0,V I,,3.47,0.01,
J2325-0815,24.0,Cr I,,3.45,0.01,
J2325-0815,25.0,Mn I,,2.88,0.41,
J2325-0815,26.0,Fe I,,5.2,,0.02
J2325-0815,26.1,Fe II,,5.22,,0.04
J2325-0815,27.0,Co I,,2.71,0.03,
J2325-0815,28.0,Ni I,,3.91,0.05,
J2325-0815,30.0,Zn I,,2.26,0.02,
J2325-0815,38.1,Sr II,,0.15,0.04,
J2325-0815,39.1,Y II,,-0.45,0.0,
J2325-0815,40.1,Zr II,,0.21,0.07,
J2325-0815,56.1,Ba II,,-0.45,0.2,
J2325-0815,63.1,Eu II,,-1.23,0.2,
J2325-0815,106.0,C-H,,5.89,0.02,
TYC 4924-33-1,12.0,Mg I,,,0.0,
TYC 4924-33-1,14.0,Si I,,,0.0,
TYC 4924-33-1,19.0,K I,,,0.02,
TYC 4924-33-1,20.0,Ca I,,,0.06,
TYC 4924-33-1,21.1,Sc II,,,0.1,
TYC 4924-33-1,22.0,Ti I,,,0.01,
TYC 4924-33-1,22.1,Ti II,,,0.02,
TYC 4924-33-1,23.0,V I,,,0.01,
TYC 4924-33-1,24.0,Cr I,,,0.01,
TYC 4924-33-1,25.0,Mn I,,,0.04,
TYC 4924-33-1,26.0,Fe I,,,,
TYC 4924-33-1,26.1,Fe II,,,,
TYC 4924-33-1,27.0,Co I,,,0.07,
TYC 4924-33-1,28.0,Ni I,,,0.02,
TYC 4924-33-1,30.0,Zn I,,,0.01,
TYC 4924-33-1,38.1,Sr II,,,,
TYC 4924-33-1,39.1,Y II,,,0.0,
TYC 4924-33-1,56.1,Ba II,,,,
TYC 4924-33-1,63.1,Eu II,,,0.1,
TYC 4995-333-1,12.0,Mg I,,,0.0,
TYC 4995-333-1,14.0,Si I,,,0.0,
TYC 4995-333-1,19.0,K I,,,0.0,
TYC 4995-333-1,20.0,Ca I,,,0.04,
TYC 4995-333-1,21.1,Sc II,,,0.1,
TYC 4995-333-1,22.0,Ti I,,,0.01,
TYC 4995-333-1,22.1,Ti II,,,0.01,
TYC 4995-333-1,23.0,V I,,,0.01,
TYC 4995-333-1,24.0,Cr I,,,0.01,
TYC 4995-333-1,25.0,Mn I,,,0.04,
TYC 4995-333-1,26.0,Fe I,,,,
TYC 4995-333-1,26.1,Fe II,,,,
TYC 4995-333-1,27.0,Co I,,,0.03,
TYC 4995-333-1,28.0,Ni I,,,0.03,
TYC 4995-333-1,30.0,Zn I,,,0.01,
TYC 4995-333-1,38.1,Sr II,,,,
TYC 4995-333-1,39.1,Y II,,,0.0,
TYC 4995-333-1,40.1,Zr II,,,0.05,
TYC 4995-333-1,56.1,Ba II,,,,
TYC 4995-333-1,57.1,La II,,,0.02,
TYC 4995-333-1,58.1,Ce II,,,0.1,
TYC 4995-333-1,59.1,Pr II,,,0.07,
TYC 4995-333-1,60.1,Nd II,,,0.05,
TYC 4995-333-1,63.1,Eu II,,,0.2,
TYC 5329-1927-1,8.0,O I,,,0.1,
TYC 5329-1927-1,11.0,Na I,,,0.05,
TYC 5329-1927-1,12.0,Mg I,,,0.05,
TYC 5329-1927-1,14.0,Si I,,,0.1,
TYC 5329-1927-1,19.0,K I,,,0.0,
TYC 5329-1927-1,20.0,Ca I,,,0.04,
TYC 5329-1927-1,21.1,Sc II,,,0.1,
TYC 5329-1927-1,22.0,Ti I,,,0.01,
TYC 5329-1927-1,22.1,Ti II,,,0.02,
TYC 5329-1927-1,23.0,V I,,,0.01,
TYC 5329-1927-1,24.0,Cr I,,,0.01,
TYC 5329-1927-1,25.0,Mn I,,,0.09,
TYC 5329-1927-1,26.0,Fe I,,,,
TYC 5329-1927-1,26.1,Fe II,,,,
TYC 5329-1927-1,27.0,Co I,,,0.01,
TYC 5329-1927-1,28.0,Ni I,,,0.03,
TYC 5329-1927-1,30.0,Zn I,,,0.01,
TYC 5329-1927-1,38.1,Sr II,,,,
TYC 5329-1927-1,39.1,Y II,,,0.0,
TYC 5329-1927-1,40.1,Zr II,,,0.08,
TYC 5329-1927-1,56.1,Ba II,,,,
TYC 5329-1927-1,57.1,La II,,,0.04,
TYC 5329-1927-1,58.1,Ce II,,,0.05,
TYC 5329-1927-1,59.1,Pr II,,,0.1,
TYC 5329-1927-1,60.1,Nd II,,,0.03,
TYC 5329-1927-1,62.1,Sm II,,,0.06,
TYC 5329-1927-1,63.1,Eu II,,,0.1,
TYC 5329-1927-1,66.1,Dy II,,,0.03,
TYC 5329-1927-1,76.0,Os I,,,0.05,
TYC 5861-1732-1,11.0,Na I,,,,
TYC 5861-1732-1,12.0,Mg I,,,0.0,
TYC 5861-1732-1,14.0,Si I,,,0.04,
TYC 5861-1732-1,19.0,K I,,,0.04,
TYC 5861-1732-1,20.0,Ca I,,,0.0,
TYC 5861-1732-1,21.1,Sc II,,,0.1,
TYC 5861-1732-1,22.0,Ti I,,,0.01,
TYC 5861-1732-1,22.1,Ti II,,,0.03,
TYC 5861-1732-1,24.0,Cr I,,,0.01,
TYC 5861-1732-1,26.0,Fe I,,,,
TYC 5861-1732-1,26.1,Fe II,,,,
TYC 5861-1732-1,27.0,Co I,,,0.05,
TYC 5861-1732-1,28.0,Ni I,,,0.0,
TYC 5861-1732-1,30.0,Zn I,,,0.01,
TYC 5861-1732-1,38.1,Sr II,,,,
TYC 5861-1732-1,39.1,Y II,,,0.0,
TYC 5861-1732-1,56.1,Ba II,,,,
TYC 5861-1732-1,57.1,La II,,,0.08,
TYC 5861-1732-1,63.1,Eu II,<,,0.1,
TYC 5911-452-1,12.0,Mg I,,,0.0,
TYC 5911-452-1,14.0,Si I,,,0.0,
TYC 5911-452-1,19.0,K I,,,0.02,
TYC 5911-452-1,20.0,Ca I,,,0.0,
TYC 5911-452-1,21.1,Sc II,,,0.1,
TYC 5911-452-1,22.0,Ti I,,,0.01,
TYC 5911-452-1,22.1,Ti II,,,0.02,
TYC 5911-452-1,26.0,Fe I,,,,
TYC 5911-452-1,26.1,Fe II,,,,
TYC 5911-452-1,28.0,Ni I,,,0.0,
TYC 5911-452-1,38.1,Sr II,,,,
TYC 5911-452-1,56.1,Ba II,,,,
TYC 5911-452-1,63.1,Eu II,<,,0.07,
TYC 6088-1943-1,12.0,Mg I,,,0.0,
TYC 6088-1943-1,14.0,Si I,,,0.0,
TYC 6088-1943-1,19.0,K I,,,0.03,
TYC 6088-1943-1,20.0,Ca I,,,0.0,
TYC 6088-1943-1,21.1,Sc II,,,0.1,
TYC 6088-1943-1,22.0,Ti I,,,0.01,
TYC 6088-1943-1,22.1,Ti II,,,0.03,
TYC 6088-1943-1,23.0,V I,,,0.01,
TYC 6088-1943-1,24.0,Cr I,,,0.01,
TYC 6088-1943-1,25.0,Mn I,,,0.0,
TYC 6088-1943-1,26.0,Fe I,,,,
TYC 6088-1943-1,26.1,Fe II,,,,
TYC 6088-1943-1,27.0,Co I,,,0.11,
TYC 6088-1943-1,28.0,Ni I,,,0.01,
TYC 6088-1943-1,30.0,Zn I,,,0.02,
TYC 6088-1943-1,38.1,Sr II,,,,
TYC 6088-1943-1,39.1,Y II,,,0.0,
TYC 6088-1943-1,56.1,Ba II,,,,
TYC 6088-1943-1,63.1,Eu II,<,,0.2,
TYC 6535-3183-1,8.0,O I,,,0.05,
TYC 6535-3183-1,11.0,Na I,,,0.04,
TYC 6535-3183-1,12.0,Mg I,,,0.09,
TYC 6535-3183-1,14.0,Si I,,,0.05,
TYC 6535-3183-1,19.0,K I,,,0.0,
TYC 6535-3183-1,20.0,Ca I,,,0.04,
TYC 6535-3183-1,21.1,Sc II,,,0.1,
TYC 6535-3183-1,22.0,Ti I,,,0.01,
TYC 6535-3183-1,22.1,Ti II,,,0.02,
TYC 6535-3183-1,23.0,V I,,,0.01,
TYC 6535-3183-1,24.0,Cr I,,,0.01,
TYC 6535-3183-1,25.0,Mn I,,,0.09,
TYC 6535-3183-1,26.0,Fe I,,,,
TYC 6535-3183-1,26.1,Fe II,,,,
TYC 6535-3183-1,27.0,Co I,,,0.07,
TYC 6535-3183-1,28.0,Ni I,,,0.02,
TYC 6535-3183-1,29.0,Cu I,,,0.0,
TYC 6535-3183-1,30.0,Zn I,,,0.01,
TYC 6535-3183-1,38.1,Sr II,,,,
TYC 6535-3183-1,39.1,Y II,,,0.05,
TYC 6535-3183-1,40.1,Zr II,,,0.05,
TYC 6535-3183-1,56.1,Ba II,,,,
TYC 6535-3183-1,57.1,La II,,,0.02,
TYC 6535-3183-1,58.1,Ce II,,,0.1,
TYC 6535-3183-1,59.1,Pr II,,,0.06,
TYC 6535-3183-1,60.1,Nd II,,,0.05,
TYC 6535-3183-1,62.1,Sm II,,,0.05,
TYC 6535-3183-1,63.1,Eu II,,,0.2,
TYC 6535-3183-1,76.0,Os I,,,0.08,
TYC 6900-414-1,12.0,Mg I,,,0.0,
TYC 6900-414-1,14.0,Si I,,,0.0,
TYC 6900-414-1,19.0,K I,,,0.02,
TYC 6900-414-1,20.0,Ca I,,,0.02,
TYC 6900-414-1,21.1,Sc II,,,0.1,
TYC 6900-414-1,22.0,Ti I,,,0.01,
TYC 6900-414-1,22.1,Ti II,,,0.02,
TYC 6900-414-1,24.0,Cr I,,,0.01,
TYC 6900-414-1,25.0,Mn I,,,0.0,
TYC 6900-414-1,26.0,Fe I,,,,
TYC 6900-414-1,26.1,Fe II,,,,
TYC 6900-414-1,27.0,Co I,,,0.05,
TYC 6900-414-1,28.0,Ni I,,,0.01,
TYC 6900-414-1,30.0,Zn I,,,0.01,
TYC 6900-414-1,38.1,Sr II,,,,
TYC 6900-414-1,39.1,Y II,,,0.0,
TYC 6900-414-1,56.1,Ba II,,,,
TYC 6900-414-1,63.1,Eu II,,,0.1,
TYC 75-1185-1,12.0,Mg I,,,0.0,
TYC 75-1185-1,14.0,Si I,,,0.0,
TYC 75-1185-1,19.0,K I,,,0.04,
TYC 75-1185-1,20.0,Ca I,,,0.01,
TYC 75-1185-1,21.1,Sc II,,,0.1,
TYC 75-1185-1,22.0,Ti I,,,0.01,
TYC 75-1185-1,22.1,Ti II,,,0.05,
TYC 75-1185-1,24.0,Cr I,,,0.01,
TYC 75-1185-1,25.0,Mn I,,,0.0,
TYC 75-1185-1,26.0,Fe I,,,,
TYC 75-1185-1,26.1,Fe II,,,,
TYC 75-1185-1,27.0,Co I,,,0.02,
TYC 75-1185-1,28.0,Ni I,,,0.02,
TYC 75-1185-1,30.0,Zn I,,,0.02,
TYC 75-1185-1,38.1,Sr II,,,,
TYC 75-1185-1,39.1,Y II,,,0.0,
TYC 75-1185-1,56.1,Ba II,,,,
TYC 75-1185-1,63.1,Eu II,,,0.07,
