Found, JINA_ID, Query_ID        , RA_input     , DEC_input    , main_id                    , ra                  , dec                , coo_err_maj, coo_err_min, coo_err_angle, coo_wavelength, coo_bibcode        , B                 , J                  , V                 , H                  , R                 , I                 , U, K                  , pmra    , pmdec   , plx_value, rvz_nature, rvz_qual, otype, sp_type    , sp_qual, sp_bibcode
True ,        , C0023306-163143 , 00:23:30.7200, -16:31:44.400, DENIS J002330.6-163142     ,   5.8778305475599995, -16.52864406186    ,      0.0179,      0.013 ,            90, O             , 2020yCat.1350....0G, 12.854999542236328, 11.017999649047852 , 12.281999588012695, 10.635000228881836 , 12.40999984741211 , 11.49899959564209 ,  , 10.586000442504883 , 61.333  , -75.593 ,    1.4005, s         , A       , Pe*  , CEMP       , C      , 2018AJ....155..256P
True ,        , C0315358-094743 , 03:15:35.7600, -09:47:45.600, UCAC4 402-003840           ,  48.89928478956001  , -9.79549859478     ,      0.0146,      0.0158,            90, O             , 2020yCat.1350....0G, 13.248000144958496,  9.9399995803833   , 12.128999710083008,  9.357000350952148 , 11.890999794006348, 10.840999603271484,  ,  9.232000350952148 , 14.174  , -12.492 ,    0.3804, s         , A       , *    ,            ,        , 
True ,        , C0408404-462531 , 04:08:40.5600, -46:25:30.000, UCAC4 218-004207           ,  62.16862345226999  , -46.42537951786001 ,      0.0083,      0.0103,            90, O             , 2020yCat.1350....0G, 14.562999725341797, 11.732000350952148 , 13.595999717712402, 11.190999984741211 , 13.418000221252441, 12.4399995803833  ,  , 11.081000328063965 , 4.437   , -1.562  ,    0.0698, s         , B       , Pe*  ,            ,        , 
True ,        , C0549576-334007 , 05:49:57.6000, -33:40:08.400, UCAC4 282-007984           ,  87.49001659045     , -33.66878806788    ,      0.0092,      0.011 ,            90, O             , 2020yCat.1350....0G, 12.869000434875488, 10.944999694824219 , 12.291000366210938, 10.531999588012695 , 12.159000396728516,                   ,  , 10.491999626159668 , 2.044   , -10.107 ,    0.9689, s         , B       , SB*  ,            ,        , 
True ,        , C1141088-453528 , 11:41:08.8800, -45:35:27.600, UCAC4 223-060458           , 175.28688624712     , -45.59120968672    ,      0.0112,      0.0102,            90, O             , 2020yCat.1350....0G, 13.003999710083008,  9.909000396728516 , 11.963000297546387,  9.388999938964844 , 11.694000244140625, 10.77400016784668 ,  ,  9.236000061035156 , -1.012  , -3.996  ,    0.2638, s         , A       , Pe*  ,            ,        , 
True ,        , C1620512-091257 , 16:20:51.1200, -09:12:57.600, 2MASS J16205121-0912579    , 245.2134010698      , -9.216094317530002 ,      0.0133,      0.0097,            90, O             , 2020yCat.1350....0G, 13.732000350952148, 10.333999633789062 , 12.661999702453613,  9.756999969482422 , 12.4399995803833  , 11.324000358581543,  ,  9.619000434875488 , -2.944  , -20.646 ,    0.3531, s         , A       , Pe*  , CEMP       , C      , 2018AJ....155..256P
True ,        , C1947015-235335 , 19:47:01.6800, -23:53:34.800, UCAC4 331-201857           , 296.75662209200993  , -23.89330915342    ,      0.0207,      0.0176,            90, O             , 2020yCat.1350....0G, 13.277999877929688, 10.258999824523926 , 12.309000015258789,  9.664999961853027 , 12.010000228881836, 11.013999938964844,  ,  9.562000274658203 , 4.427   , -4.16   ,    0.151 , s         , B       , *    ,            ,        , 
True ,        , J001858.8-280036, 00:18:58.8000, -28:00:36.000, CD-28    81                ,   4.74538841598     , -28.01029962007    ,      0.0182,      0.0171,            90, O             , 2020yCat.1350....0G, 11.088000297546387,  9.597999572753906 , 10.609999656677246,  9.312999725341797 ,                   ,                   ,  ,  9.270000457763672 , 0.196   , -8.533  ,    3.2404, s         , A       , *    ,            ,        , 
True ,        , J003314.2-104342, 00:33:14.4000, -10:43:44.400, V* CM Cet                  ,   8.309628575779998 , -10.72853567329    ,      0.0151,      0.0151,            90, O             , 2020yCat.1350....0G, 10.65999984741211 ,  7.181000232696533 ,  9.479999542236328,  6.603000164031982 ,  8.84000015258789 ,  9.0600004196167  ,  ,  6.416999816894531 , 15.153  , -8.08   ,    0.4421, s         , A       , LP?  , G3/5V      , D      , 1999MSS...C05....0H
True ,        , J004733.4-450942, 00:47:33.3600, -45:09:43.200, TYC 8031-670-1             ,  11.889475387640001 , -45.1618078912     ,      0.0109,      0.0141,            90, O             , 2020yCat.1350....0G, 12.541000366210938, 10.144000053405762 , 11.755999565124512,  9.687999725341797 ,                   ,                   ,  ,  9.574000358581543 , 6.783   , -17.32  ,    0.473 , s         , A       , *    ,            ,        , 
True ,        , J010700.3-160223, 01:07:00.2400, -16:02:24.000, BD-16   179                ,  16.751179215269996 , -16.040072466310004,      0.0119,      0.0112,            90, O             , 2020yCat.1350....0G, 11.541999816894531,  9.843000411987305 , 10.994000434875488,  9.515999794006348 ,                   ,                   ,  ,  9.458000183105469 , -109.936, -208.005,    6.3409, s         , A       , PM*  ,            ,        , 
True ,        , J010839.5-285701, 01:08:39.6000, -28:56:60.000, Bok    I  98B              ,  17.16495013211     , -28.950420009020004,      0.0127,      0.0078,            90, O             , 2020yCat.1350....0G, 13.277999877929688, 10.979000091552734 , 12.598999977111816, 10.53499984741211  , 12.449999809265137,                   ,  , 10.454000473022461 , -1.937  , -8.115  ,    0.4963, s         , A       , Pe*  , CEMP-r     , C      , 2022ApJ...927...13Z
True ,        , J012415.6-102832, 01:24:15.6000, -10:28:33.600, TYC 5274-1114-1            ,  21.06509670991     , -10.47587042536    ,      0.0174,      0.0105,            90, O             , 2020yCat.1350....0G, 11.208000183105469,  9.77299976348877  , 10.744000434875488,  9.529999732971191 ,                   ,                   ,  ,  9.442000389099121 , 47.204  , -57.142 ,    3.0011, s         , A       , PM*  ,            ,        , 
True ,        , J013153.5-502702, 01:31:53.5200, -50:27:03.600, TYC 8046-895-1             ,  22.97334090073     , -50.450672608990004,      0.0089,      0.0096,            90, O             , 2020yCat.1350....0G, 11.859999656677246,  8.454999923706055 , 10.600000381469727,  7.741000175476074 ,                   ,                   ,  ,  7.59499979019165  , 11.836  , 1.526   ,    0.3896, s         , A       , *    ,            ,        , 
True ,        , J013758.9-433020, 01:37:59.0400, -43:30:21.600, CD-44   465                ,  24.49582045629     , -43.50577120129    ,      0.0091,      0.0108,            90, O             , 2020yCat.1350....0G, 10.87399959564209 ,  9.482000350952148 , 10.380000114440918,  9.20300006866455  ,                   ,                   ,  ,  9.144000053405762 , 2.814   , 29.546  ,    6.1153, s         , A       , *    , F5         , E      , 2014yCat....1.2023S
True ,        , J014254.2-503248, 01:42:54.2400, -50:32:49.200, TYC 8046-39-1              ,  25.72587369122     , -50.54688163184    ,      0.0095,      0.011 ,            90, O             , 2020yCat.1350....0G, 11.970000267028809,  9.918999671936035 , 11.33899974822998 ,  9.484999656677246 ,                   ,                   ,  ,  9.4399995803833   , 60.727  , -100.996,    1.4823, s         , A       , Pe*  ,            ,        , 
True ,        , J014821.1-532145, 01:48:21.1200, -53:21:46.800, TYC 8482-861-1             ,  27.088147554790005 , -53.36254552091    ,      0.0092,      0.009 ,            90, O             , 2020yCat.1350....0G, 12.07800006866455 ,  9.35200023651123  , 11.168000221252441,  8.800000190734863 ,                   ,                   ,  ,  8.697999954223633 , 11.872  , 0.376   ,    0.3617, s         , A       , *    ,            ,        , 
True ,        , J014907.9-491142, 01:49:07.9200, -49:11:42.000, CD-49   506                ,  27.28310199517     , -49.19525664126999 ,      0.0096,      0.0107,            90, O             , 2020yCat.1350....0G, 11.944000244140625,  9.524999618530273 , 11.17199993133545 ,  9.097000122070312 ,                   ,                   ,  ,  8.960000038146973 , 10.853  , 0.66    ,    0.404 , s         , A       , Pe*  , CEMP-r     , C      , 2022ApJ...927...13Z
True ,        , J015300.2-341736, 01:53:00.2400, -34:17:34.800, HD  11582                  ,  28.25101555866     , -34.29344266158    ,      0.0083,      0.0082,            90, O             , 2020yCat.1350....0G, 10.270000457763672,  8.12399959564209  ,  9.579999923706055,  7.689000129699707 ,                   ,                   ,  ,  7.6519999504089355, 22.317  , -212.037,    3.3313, s         , A       , Pe*  , G5/6(V)w   , E      , 1982MSS...C03....0H
True ,        , J015401.6-220240, 01:54:01.6800, -22:02:38.400, TYC 5858-420-1             ,  28.50687489901     , -22.0444400822     ,      0.0134,      0.0118,            90, O             , 2020yCat.1350....0G, 12.708999633789062, 10.017000198364258 , 11.79699993133545 ,  9.4399995803833   ,                   ,                   ,  ,  9.342000007629395 , 13.275  , -3.37   ,    0.3359, s         , A       , Pe*  ,            ,        , 
True ,        , J015522.5-582242, 01:55:22.5600, -58:22:44.400, CD-59   371                ,  28.8439237874      , -58.37859957189999 ,      0.011 ,      0.0107,            90, O             , 2020yCat.1350....0G, 11.5              ,  8.713000297546387 , 10.513999938964844,  8.12600040435791  , 10.029999732971191,  9.576000213623047,  ,  8.034000396728516 , 28.197  , 0.541   ,    0.6785, s         , A       , *    ,            ,        , 
True ,        , J020025.5-061101, 02:00:25.6800, -06:11:02.400, TYC 4695-199-1             ,  30.10658564745     , -6.1839616481699995,      0.0237,      0.0219,            90, O             , 2020yCat.1350....0G, 13.239999771118164,  9.789999961853027 , 11.34000015258789 ,  9.229999542236328 ,                   ,                   ,  ,  9.13700008392334  , 9.11    , -8.494  ,    0.3576, s         , B       , *    ,            ,        , 
True ,        , J020706.4-500916, 02:07:06.4800, -50:09:18.000, TYC 8048-292-1             ,  31.77669621454     , -50.15462251588    ,      0.0082,      0.01  ,            90, O             , 2020yCat.1350....0G, 12.420000076293945,  9.08899974822998  , 11.329999923706055,  8.442000389099121 ,                   ,                   ,  ,  8.359000205993652 , 10.228  , 3.838   ,    0.2017, s         , A       , SB*  ,            ,        , 
True ,        , J021110.1-191124, 02:11:10.0800, -19:11:24.000, TYC 5861-1732-1            ,  32.79245425927     , -19.18994922978    ,      0.0155,      0.0158,            90, O             , 2020yCat.1350....0G, 12.029999732971191,  9.835000038146973 , 11.430000305175781,  9.461999893188477 ,                   ,                   ,  ,  9.366000175476074 , 84.721  , -68.909 ,    1.4553, s         , A       , Pe*  ,            ,        , 
True ,        , J021634.8-394034, 02:16:34.8000, -39:40:33.600, CD-40   581                ,  34.145308942110006 , -39.67617132327    ,      0.0086,      0.011 ,            90, O             , 2020yCat.1350....0G, 11.62399959564209 ,  8.515000343322754 , 10.543999671936035,  7.89900016784668  ,                   ,                   ,  ,  7.738999843597412 , 12.506  , 0.741   ,    0.3949, s         , A       , *    ,            ,        , 
True ,        , J021742.0-492344, 02:17:42.0000, -49:23:45.600, HD  14352                  ,  34.42534020894     , -49.39551965715    ,      0.009 ,      0.01  ,            90, O             , 2020yCat.1350....0G,  9.430000305175781,  8.081999778747559 ,  8.989999771118164,  7.894999980926514 ,                   ,                   ,  ,  7.822000026702881 , 136.516 , 100.807 ,    9.4763, s         , A       , PM*  , F3V        , C      , 1978MSS...C02....0H
True ,        , J022308.0-312953, 02:23:07.9200, -31:29:52.800, TYC 7007-2228-1            ,  35.78355409647     , -31.49809159551    ,      0.0105,      0.0115,            90, O             , 2020yCat.1350....0G, 12.390000343322754,  9.67300033569336  , 11.48900032043457 ,  9.133999824523926 ,                   ,                   ,  ,  9.029000282287598 , 0.717   , -14.678 ,    0.3453, s         , A       , Pe*  ,            ,        , 
True ,        , J022310.5-362823, 02:23:10.5600, -36:28:22.800, TYC 7009-693-1             ,  35.793855727680004 , -36.47310793295    ,      0.0093,      0.0112,            90, O             , 2020yCat.1350....0G, 12.567000389099121, 10.156000137329102 , 11.76099967956543 ,  9.682999610900879 ,                   ,                   ,  ,  9.548999786376953 , 2.858   , -13.326 ,    0.6113, s         , A       , *    ,            ,        , 
True ,        , J022658.3-074959, 02:26:58.3200, -07:49:58.800, BD-08   452                ,  36.74304176376001  , -7.833244577460001 ,      0.0208,      0.0174,            90, O             , 2020yCat.1350....0G, 11.09000015258789 ,  9.0               , 10.4399995803833  ,  8.552000045776367 ,                   ,                   ,  ,  8.460000038146973 , 58.007  , -12.73  ,    1.9579, s         , B       , Pe*  , G2         , E      , 2023ApJS..264...17Z
True ,        , J023042.1-504643, 02:30:42.2400, -50:46:44.400, CD-51   599                ,  37.67586846201001  , -50.77850901821    ,      0.038 ,      0.0406,            90, O             , 2020yCat.1350....0G, 10.965999603271484,  9.503000259399414 , 10.489999771118164,  9.241999626159668 ,                   ,                   ,  ,  9.156999588012695 , 247.264 , 99.165  ,    6.7805, s         , B       , PM*  , F5         , E      , 2014yCat....1.2023S
True ,        , J023557.6-174856, 02:35:57.6000, -17:48:57.600, TYC 5860-62-1              ,  38.9904335738      , -17.81579899166    ,      0.013 ,      0.0126,            90, O             , 2020yCat.1350....0G, 12.710000038146973, 10.0649995803833   , 11.670000076293945,  9.555000305175781 ,                   ,                   ,  ,  9.451000213623047 , 6.228   , -12.695 ,    0.2275, s         , C       , Pe*  ,            ,        , 
True ,        , J025500.9-232029, 02:55:00.9600, -23:20:27.600, HD  18224                  ,  43.75402828041     , -23.3415115272     ,      0.0071,      0.0089,            90, O             , 2020yCat.1350....0G, 10.767999649047852,  7.9730000495910645,  9.840999603271484,  7.414000034332275 ,                   ,                   ,  ,  7.320000171661377 , 13.088  , -14.908 ,    0.6714, s         , A       , *    , G6/8       , E      , 1988MSS...C04....0H
True ,        , J031005.5-401003, 03:10:05.5200, -40:10:04.800, CD-40   820                ,  47.52306688547999  , -40.16763020900001 ,      0.0075,      0.0097,            90, O             , 2020yCat.1350....0G, 11.496999740600586,  9.16100025177002  , 10.732000350952148,  8.6850004196167   ,                   ,                   ,  ,  8.593000411987305 , 32.623  , 10.729  ,    1.2098, s         , A       , *    ,            ,        , 
True ,        , J031459.1-371513, 03:14:59.2800, -37:15:14.400, CD-37  1215                ,  48.74678260423     , -37.25377623758    ,      0.0071,      0.0096,            90, O             , 2020yCat.1350....0G, 11.279000282287598,  8.258999824523926 , 10.279000282287598,  7.7210001945495605,                   ,                   ,  ,  7.568999767303467 , 16.282  , 3.815   ,    0.4582, s         , A       , SB*  , F8         , E      , 1955AnCap..18....0J
True ,        , J031459.2-481045, 03:14:59.2800, -48:10:44.400, TYC 8061-713-1             ,  48.74715224502     , -48.17932285375    ,      0.0087,      0.0093,            90, O             , 2020yCat.1350....0G, 13.239999771118164, 11.128999710083008 , 12.1899995803833  , 10.734000205993652 ,                   ,                   ,  , 10.673999786376953 , 31.737  , -26.317 ,    1.1971, s         , B       , *    ,            ,        , 
True ,        , J031540.6-190322, 03:15:40.5600, -19:03:21.600, BD-19   637                ,  48.91928177887     , -19.056312484840003,      0.01  ,      0.0108,            90, O             , 2020yCat.1350....0G, 11.449000358581543,  8.180999755859375 , 10.265999794006348,  7.546000003814697 ,  9.619999885559082,  9.038000106811523,  ,  7.374000072479248 , -1.981  , -8.315  ,    0.5507, s         , A       , *    ,            ,        , 
True ,        , J032559.4-372358, 03:25:59.5200, -37:23:60.000, TYC 7027-67-1              ,  51.49779312959001  , -37.39966527008    ,      0.0074,      0.0091,            90, O             , 2020yCat.1350....0G, 11.630000114440918,  9.428999900817871 , 10.87600040435791 ,  9.027000427246094 ,                   ,                   ,  ,  8.888999938964844 , 24.591  , 1.735   ,    0.9728, s         , A       , *    ,            ,        , 
True ,        , J033655.9-292252, 03:36:55.9200, -29:22:51.600, CD-29  1343                ,  54.23318193635     , -29.381324918269993,      0.007 ,      0.0103,            90, O             , 2020yCat.1350....0G, 10.906999588012695,  9.406999588012695 , 10.395999908447266,  9.121999740600586 ,                   ,                   ,  ,  9.064000129699707 , 28.806  , 33.982  ,    4.2323, s         , A       , *    ,            ,        , 
True ,        , J034220.6-270736, 03:42:20.6400, -27:07:37.200, CD-27  1350                ,  55.58597112144     , -27.126752645469995,      0.0086,      0.0126,            90, O             , 2020yCat.1350....0G, 12.420999526977539,  9.472999572753906 , 11.395000457763672,  8.904999732971191 ,                   ,                   ,  ,  8.736000061035156 , 7.025   , -9.055  ,    0.2853, s         , A       , *    ,            ,        , 
True ,        , J034516.4-075922, 03:45:16.5600, -07:59:24.000, TYC 5304-229-1             ,  56.31852433960999  , -7.989727501370002 ,      0.0143,      0.0122,            90, O             , 2020yCat.1350....0G, 11.420000076293945,  9.97700023651123  , 10.619999885559082,  9.701000213623047 ,                   ,                   ,  ,  9.663999557495117 , -24.417 , -25.185 ,    3.9453, s         , A       , *    ,            ,        , 
True ,        , J040148.9-375753, 04:01:48.9600, -37:57:54.000, TYC 7577-1592-1            ,  60.45406352667     , -37.964832339439994,      0.0099,      0.0118,            90, O             , 2020yCat.1350....0G, 12.371999740600586, 10.005000114440918 , 11.619000434875488,  9.543000221252441 ,                   ,                   ,  ,  9.427000045776367 , 6.264   , 2.15    ,    0.3664, s         , A       , Pe*  ,            ,        , 
True ,        , J040647.0-214611, 04:06:47.0400, -21:46:12.000, TYC 5889-42-1              ,  61.69592764616999  , -21.76991508743    ,      0.0071,      0.0076,            90, O             , 2020yCat.1350....0G, 11.534000396728516,  9.512999534606934 , 10.866999626159668,  9.053000450134277 ,                   ,                   ,  ,  8.986000061035156 , -2.196  , 1.014   ,    0.9514, s         , A       , *    ,            ,        , 
True ,        , J042314.5+013048, 04:23:14.6400, +01:30:46.800, HE 0420+0123a              ,  65.8106029276      , 1.5134169491099998 ,      0.0162,      0.01  ,            90, O             , 2020yCat.1350....0G, 12.26200008392334 ,  9.621999740600586 , 11.482999801635742,  9.170999526977539 , 10.687999725341797, 10.170999526977539,  ,  9.015999794006348 , 33.291  , -21.462 ,    0.8687, s         , A       , Pe*  , CEMP-no    , C      , 2016ApJ...833...20Y
True ,        , J042445.6-150150, 04:24:45.6000, -15:01:51.600, BD-15   779                ,  66.19016578257     , -15.030736968559998,      0.0092,      0.0064,            90, O             , 2020yCat.1350....0G, 11.036999702453613,  8.184000015258789 , 10.0649995803833  ,  7.644000053405762 ,                   ,                   ,  ,  7.5               , 5.618   , -9.988  ,    0.824 , s         , A       , *    ,            ,        , 
True ,        , J042917.8-342050, 04:29:17.7600, -34:20:49.200, TYC 7041-453-1             ,  67.32452335978     , -34.3474807044     ,      0.0094,      0.0139,            90, O             , 2020yCat.1350....0G, 11.918000221252441,  9.878999710083008 , 11.229999542236328,  9.494999885559082 ,                   ,                   ,  ,  9.397000312805176 , 7.065   , -8.903  ,    0.7688, s         , A       , *    ,            ,        , 
True ,        , J044106.6-350735, 04:41:06.7200, -35:07:37.200, TYC 7045-1116-1            ,  70.27783713629     , -35.12658932408    ,      0.008 ,      0.0099,            90, O             , 2020yCat.1350....0G, 11.75             ,  9.373000144958496 , 10.942000389099121,  8.901000022888184 ,                   ,                   ,  ,  8.793000221252441 , 3.407   , -23.181 ,    1.1049, s         , A       , *    ,            ,        , 
True ,        , J050332.7-625716, 05:03:32.8800, -62:57:18.000, CPD-63   407A              ,  75.88666220681374  , -62.954584383852506,      0.4136,      0.4525,            90, O             , 2020yCat.1350....0G,                   ,                    ,                   ,                    ,                   ,                   ,  ,                    , -16.386 , -3.717  ,    5.7438,           ,         , *    ,            ,        , 
True ,        , J050453.7-135037, 05:04:53.7600, -13:50:38.400, TYC 5329-1033-1            ,  76.22385400796     , -13.84382828237    ,      0.0211,      0.0185,            90, O             , 2020yCat.1350....0G, 12.154000282287598, 10.109000205993652 , 11.50100040435791 ,  9.722000122070312 ,                   ,                   ,  ,  9.637999534606934 , 1.004   , -29.684 ,    0.6624, s         , A       , Pe*  ,            ,        , 
True ,        , J050620.1-134421, 05:06:20.1600, -13:44:20.400, TYC 5329-1927-1            ,  76.58385062002     , -13.739439687370002,      0.0134,      0.0132,            90, O             , 2020yCat.1350....0G, 13.0600004196167  ,  9.758000373840332 , 11.710000038146973,  9.142000198364258 ,                   ,                   ,  ,  9.020000457763672 , 3.208   , -0.613  ,    0.2772, s         , A       , Pe*  , CEMP       , C      , 2018AJ....155..256P
True ,        , J051111.7-363540, 05:11:11.7600, -36:35:42.000, CD-36  2087                ,  77.79876499523     , -36.59462371193    ,      0.0082,      0.0087,            90, O             , 2020yCat.1350....0G, 11.977999687194824,  8.496000289916992 , 10.743000030517578,  7.869999885559082 ,                   ,                   ,  ,  7.696000099182129 , 3.866   , -10.182 ,    0.2996, s         , A       , *    ,            ,        , 
True ,        , J051200.1-113048, 05:12:00.2400, -11:30:46.800, TYC 5338-1142-1            ,  78.00053084813     , -11.51349364338    ,      0.015 ,      0.0136,            90, O             , 2020yCat.1350....0G, 12.279999732971191,  9.968999862670898 , 11.92199993133545 ,  9.456999778747559 ,                   ,                   ,  ,  9.3149995803833   , 8.303   , -5.745  ,    0.3976, s         , B       , *    ,            ,        , 
True ,        , J052150.1-153705, 05:21:50.1600, -15:37:04.800, TYC 5915-1267-1            ,  80.45874612463     , -15.61831556541    ,      0.0093,      0.0097,            90, O             , 2020yCat.1350....0G, 12.795999526977539, 10.277000427246094 , 11.98799991607666 ,  9.791999816894531 ,                   ,                   ,  ,  9.70199966430664  , -0.289  , -16.584 ,    0.3505, s         , B       , Pe*  ,            ,        , 
True ,        , J053148.3-365951, 05:31:48.2400, -36:59:52.800, CD-37  2255                ,  82.95138076602     , -36.99766320415999 ,      0.0087,      0.0104,            90, O             , 2020yCat.1350....0G, 11.420000076293945,  8.97599983215332  , 10.649999618530273,  8.569000244140625 ,                   ,                   ,  ,  8.42199993133545  , 23.346  , -47.855 ,    0.666 , s         , A       , PM*  ,            ,        , 
True ,        , J053709.3-303731, 05:37:09.3600, -30:37:30.000, TYC 7056-1294-1            ,  84.28908972002     , -30.625426979299995,      0.0082,      0.0105,            90, O             , 2020yCat.1350....0G, 11.920000076293945, 10.086999893188477 , 11.600000381469727,  9.725000381469727 ,                   ,                   ,  ,  9.652999877929688 , 10.217  , -63.497 ,    6.2747, s         , E       , SB*  ,            ,        , 
True ,        , J055142.1-332734, 05:51:42.2400, -33:27:32.400, TYC 7062-1120-1            ,  87.92557514174     , -33.45939424275999 ,      0.008 ,      0.0094,            90, O             , 2020yCat.1350....0G, 12.609999656677246, 10.079999923706055 , 11.90999984741211 ,  9.579000473022461 ,                   ,                   ,  ,  9.454999923706055 , 6.798   , -3.293  ,    0.3209, s         , A       , Pe*  , CEMP       , C      , 2018AJ....155..256P
True ,        , J055215.7-395318, 05:52:15.8400, -39:53:16.800, TYC 7602-1143-1            ,  88.06577862062     , -39.88845601984    ,      0.0105,      0.0115,            90, O             , 2020yCat.1350....0G, 12.404999732971191,  9.710000038146973 , 11.531999588012695,  9.182999610900879 ,                   ,                   ,  ,  9.074999809265137 , 4.519   , -7.249  ,    0.4062, s         , A       , Pe*  , CEMP       , C      , 2022ApJ...926...26S
True ,        , J055848.6-542624, 05:58:48.7200, -54:26:24.000, TYC 8524-301-1             ,  89.70283202647     , -54.44003487426    ,      0.0101,      0.0114,            90, O             , 2020yCat.1350....0G, 11.25             ,  9.85099983215332  , 10.819999694824219,  9.597000122070312 ,                   ,                   ,  ,  9.557000160217285 , 15.514  , 33.049  ,    3.914 , s         , A       , *    ,            ,        , 
True ,        , J061950.0-531211, 06:19:49.9200, -53:12:10.800, TYC 8534-778-1             ,  94.95840460224     , -53.20318027091    ,      0.0106,      0.0103,            90, O             , 2020yCat.1350....0G, 12.050000190734863,  9.883999824523926 , 11.369000434875488,  9.49899959564209  ,                   ,                   ,  ,  9.37600040435791  , -25.576 , -23.971 ,    1.6034,           , A       , Pe*  , CEMP       , C      , 2018AJ....155..256P
True ,        , J063201.2-202654, 06:32:01.2000, -20:26:52.800, BD-20  1426                ,  98.0054291196      , -20.448323493720004,      0.0068,      0.0103,            90, O             , 2020yCat.1350....0G, 10.6899995803833  ,  8.324000358581543 ,  9.979999542236328,  7.883999824523926 ,                   ,                   ,  ,  7.7870001792907715, 35.124  , 15.764  ,    1.9591, s         , A       , Pe*  ,            ,        , 
True ,        , J063347.2-491234, 06:33:47.2800, -49:12:36.000, TYC 8112-338-1             ,  98.44706559775001  , -49.20960429622    ,      0.0093,      0.0099,            90, O             , 2020yCat.1350....0G, 12.388999938964844,  9.178000450134277 , 11.220000267028809,  8.529000282287598 ,                   ,                   ,  ,  8.354000091552734 , 4.887   , 4.86    ,    0.4438, s         , A       , *    ,            ,        , 
True ,        , J063411.2-641831, 06:34:11.2800, -64:18:32.400, TYC 8902-1714-1            ,  98.54694323892     , -64.30863978921    ,      0.0099,      0.0098,            90, O             , 2020yCat.1350....0G, 12.324000358581543,  8.954000473022461 , 11.07800006866455 ,  8.291000366210938 , 10.4399995803833  ,  9.932999610900879,  ,  8.175000190734863 , 1.764   , 1.16    ,    0.4104, s         , A       , *    ,            ,        , 
True ,        , J064013.1-354044, 06:40:13.2000, -35:40:44.400, TYC 7099-1614-1            , 100.05492192108001  , -35.67900257729001 ,      0.0083,      0.0088,            90, O             , 2020yCat.1350....0G, 12.809000015258789, 10.543999671936035 , 12.104000091552734, 10.133999824523926 ,                   ,                   ,  , 10.031999588012695 , 35.696  , -16.893 ,    0.8843, s         , A       , Pe*  ,            ,        , 
True ,        , J064211.9-650134, 06:42:12.0000, -65:01:33.600, CPD-64   610               , 100.55005175376002  , -65.0261965561     ,      0.0119,      0.0123,            90, O             , 2020yCat.1350....0G, 10.62600040435791 ,  8.92199993133545  ,  9.942999839782715,  8.696000099182129 ,  9.680000305175781,  9.659000396728516,  ,  8.588000297546387 , 42.721  , 110.684 ,    6.4635, s         , A       , PM*  ,            ,        , 
True ,        , J070028.0-270512, 07:00:28.0800, -27:05:13.200, TYC 6531-554-1             , 105.11698392081     , -27.086831120189995,      0.0068,      0.0096,            90, O             , 2020yCat.1350....0G, 12.01099967956543 ,  8.440999984741211 , 10.793999671936035,  7.811999797821045 ,                   ,                   ,  ,  7.618000030517578 , -0.937  , 6.533   ,    0.41  , s         , A       , SB*  ,            ,        , 
True ,        , J070333.5-291748, 07:03:33.6000, -29:17:49.200, TYC 6535-3183-1            , 105.88994606661     , -29.296632107269996,      0.0064,      0.0084,            90, O             , 2020yCat.1350....0G, 12.196000099182129,  8.704000473022461 , 11.015999794006348,  8.079000473022461 ,                   ,                   ,  ,  7.921999931335449 , 3.296   , -8.562  ,    0.334 , s         , A       , *    ,            ,        , 
True ,        , J070648.0-324056, 07:06:48.0000, -32:40:55.200, TYC 7094-133-1             , 106.70036807818     , -32.68228851963    ,      0.0096,      0.0119,            90, O             , 2020yCat.1350....0G, 12.392000198364258, 10.065999984741211 , 11.611000061035156,  9.663000106811523 ,                   ,                   ,  ,  9.562000274658203 , -14.806 , 1.087   ,    0.7208,           , A       , *    ,            ,        , 
True ,        , J073554.7-351938, 07:35:54.7200, -35:19:37.200, CD-35  3714                , 113.97808323045     , -35.32727228798    ,      0.0141,      0.0174,            90, O             , 2020yCat.1350....0G, 11.039999961853027,  8.142999649047852 , 10.050000190734863,  7.565999984741211 ,                   ,                   ,  ,  7.4019999504089355, 1.116   , 7.664   ,    1.6825, s         , C       , SB*  ,            ,        , 
True ,        , J081343.6-233252, 08:13:43.6800, -23:32:52.800, TYC 6555-1318-1            , 123.43185190610001  , -23.5480122379     ,      0.0077,      0.008 ,            90, O             , 2020yCat.1350....0G, 12.015999794006348,  9.104999542236328 , 11.039999961853027,  8.553999900817871 ,                   ,                   ,  ,  8.463000297546387 , -7.703  , -8.876  ,    0.4913, s         , A       , Pe*  , CEMP       , C      , 2018AJ....155..256P
True ,        , J082838.7-482652, 08:28:38.8800, -48:26:52.800, TYC 8154-6786-1            , 127.16162564622     , -48.44787017142    ,      0.0107,      0.0115,            90, O             , 2020yCat.1350....0G, 12.942000389099121,  9.524999618530273 , 11.821000099182129,  8.916999816894531 ,                   ,                   ,  ,  8.75100040435791  , 8.562   , -21.922 ,    0.5049, s         , A       , Pe*  , CEMP       , C      , 2018AJ....155..256P
True ,        , J085934.2-053404, 08:59:34.3200, -05:34:04.800, TYC 4873-1606-1            , 134.89255442301     , -5.56800932889     ,      0.0152,      0.0103,            90, O             , 2020yCat.1350....0G, 11.220000267028809,  8.861000061035156 , 10.390000343322754,  8.255999565124512 ,  9.880000114440918,  9.45199966430664 ,  ,  8.119999885559082 , -43.084 , -47.552 ,    2.8876, s         , B       , SB*  ,            ,        , 
True ,        , J090722.4-283415, 09:07:22.3200, -28:34:15.600, TYC 6598-636-1             , 136.84326665169     , -28.570911681680002,      0.0125,      0.0129,            90, O             , 2020yCat.1350....0G, 12.553000450134277, 10.303999900817871 , 11.822999954223633,  9.902999877929688 ,                   ,                   ,  ,  9.79800033569336  , -38.124 , -63.861 ,    2.0155, s         , C       , PM*  ,            ,        , 
True ,        , J090922.5-272207, 09:09:22.5600, -27:22:08.400, TYC 6594-1176-1            , 137.34376902528     , -27.368821559940002,      0.0099,      0.0116,            90, O             , 2020yCat.1350....0G, 12.902000427246094,  9.949000358581543 , 11.92300033569336 ,  9.373000144958496 ,                   ,                   ,  ,  9.267000198364258 , -1.452  , 14.174  ,    0.6869, s         , A       , *    ,            ,        , 
True ,        , J093101.0-030405, 09:31:00.9600, -03:04:04.800, BD-02  2914                , 142.7542702055      , -3.06814311425     ,      0.0152,      0.0135,            90, O             , 2020yCat.1350....0G, 10.977999687194824,  9.48900032043457  , 10.505000114440918,  9.182999610900879 ,                   ,                   ,  ,  9.156999588012695 , 0.516   , -97.418 ,    5.0122, s         , A       , Pe*  ,            ,        , 
True ,        , J093101.0-030405, 09:31:00.9600, -03:04:04.800, BD-02  2914                , 142.7542702055      , -3.06814311425     ,      0.0152,      0.0135,            90, O             , 2020yCat.1350....0G, 10.977999687194824,  9.48900032043457  , 10.505000114440918,  9.182999610900879 ,                   ,                   ,  ,  9.156999588012695 , 0.516   , -97.418 ,    5.0122, s         , A       , Pe*  ,            ,        , 
True ,        , J093121.3-332635, 09:31:21.3600, -33:26:34.800, CD-32  6470                , 142.83899359182     , -33.44318282741    ,      0.0066,      0.0092,            90, O             , 2020yCat.1350....0G, 12.093000411987305,  9.383999824523926 , 11.21399974822998 ,  8.876999855041504 ,                   ,                   ,  ,  8.755000114440918 , -8.685  , -8.465  ,    0.8045, s         , A       , Pe*  , CEMP       , C      , 2018AJ....155..256P
True ,        , J093619.9-205314, 09:36:19.9200, -20:53:13.200, HD  83212                  , 144.08313382212     , -20.88742986381    ,      0.0171,      0.0188,            90, O             , 2020yCat.1350....0G,  9.581999778747559,  6.307000160217285 ,  9.177000045776367,  5.729000091552734 ,  7.829999923706055,                   ,  ,  5.609000205993652 , -17.256 , -19.201 ,    1.2723, s         , A       , Pe*  , G6/K0IIIwF7, D      , 1988MSS...C04....0H
True ,        , J100310.2-203704, 10:03:10.3200, -20:37:04.800, TYC 6054-91-1              , 150.79267086972     , -20.617747317089997,      0.0121,      0.0109,            90, O             , 2020yCat.1350....0G, 11.911999702453613,  9.317000389099121 , 11.050000190734863,  8.862000465393066 ,                   ,                   ,  ,  8.734999656677246 , 6.394   , -47.783 ,    0.8738, s         , A       , *    ,            ,        , 
True ,        , J100334.4-170612, 10:03:34.3200, -17:06:10.800, TYC 6050-1502-1            , 150.89329046821     , -17.103373101580004,      0.1139,      0.1267,            90, O             , 2020yCat.1350....0G, 11.407999992370605,  9.963000297546387 , 10.928999900817871,  9.720999717712402 , 10.720000267028809, 10.354000091552734,  ,  9.70300006866455  , 20.783  , 6.638   ,    2.2717, s         , A       , *    ,            ,        , 
True ,        , J100603.1-114029, 10:06:03.1200, -11:40:30.000, BD-10  2990                , 151.5129821666079   , -11.674858395138056,      1.217 ,      0.9043,            90, O             , 2018yCat.1345....0G, 10.392000198364258,  8.748000144958496 ,  9.991999626159668,  8.427000045776367 , 10.006999969482422,  9.232000350952148,  ,  8.39900016784668  , -4.147  , -23.174 ,    0.731 , s         , C       , **   ,            ,        , 
True ,        , J101915.7-192446, 10:19:15.8400, -19:24:46.800, TYC 6068-514-1             , 154.81555045799     , -19.412881743849997,      0.0122,      0.0107,            90, O             , 2020yCat.1350....0G, 12.480999946594238,  9.059000015258789 , 11.244000434875488,  8.394000053405762 ,                   ,                   ,  ,  8.211999893188477 , -4.877  , -1.981  ,    0.3123, s         , A       , Pe*  ,            ,        , 
True ,        , J102436.9-063029, 10:24:36.9600, -06:30:28.800, TYC 4911-1483-1            , 156.15394353604     , -6.508219646000001 ,      0.0152,      0.0157,            90, O             , 2020yCat.1350....0G, 12.815999984741211,  9.711000442504883 , 11.734000205993652,  9.088000297546387 ,                   ,                   ,  ,  8.991999626159668 , -6.621  , 0.97    ,    0.2841, s         , A       , *    ,            ,        , 
True ,        , J102818.1-280723, 10:28:18.0000, -28:07:22.800, TYC 6628-769-1             , 157.07539989275     , -28.12330613863    ,      0.0103,      0.011 ,            90, O             , 2020yCat.1350....0G, 12.585000038146973,  9.017999649047852 , 11.322999954223633,  8.312000274658203 ,                   ,                   ,  ,  8.204999923706055 , -2.735  , 0.492   ,    0.2432, s         , A       , *    ,            ,        , 
True ,        , J103742.2-104232, 10:37:42.2400, -10:42:32.400, BD-09  3110                , 159.42590754775     , -10.70910781633    ,      0.0191,      0.0191,            90, O             , 2020yCat.1350....0G, 11.473999977111816,  8.244999885559082 , 10.34000015258789 ,  7.658999919891357 ,  9.6899995803833  ,  9.45199966430664 ,  ,  7.50600004196167  , -3.509  , -12.649 ,    0.5228, s         , A       , RG*  ,            ,        , 
True ,        , J103748.8-350618, 10:37:48.9600, -35:06:18.000, TYC 7193-332-1             , 159.45378998838     , -35.10508606245    ,      0.0112,      0.013 ,            90, O             , 2020yCat.1350....0G, 12.628000259399414,  9.684000015258789 , 11.644000053405762,  9.142999649047852 ,                   ,                   ,  ,  8.991000175476074 , -15.658 , 1.063   ,    0.3671, s         , A       , Pe*  , CEMP       , C      , 2018AJ....155..256P
True ,        , J104034.8-112021, 10:40:34.8000, -11:20:20.400, TYC 5495-873-1             , 160.1453744609      , -11.339333799040002,      0.0153,      0.0129,            90, O             , 2020yCat.1350....0G, 12.595999717712402,  9.361000061035156 , 11.494000434875488,  8.680000305175781 , 11.218999862670898,                   ,  ,  8.58899974822998  , -6.057  , -13.091 ,    0.2409, s         , A       , *    ,            ,        , 
True ,        , J104610.9-023806, 10:46:11.0400, -02:38:06.000, BD-01  2439                , 161.54568826985     , -2.6351939479300004,      0.018 ,      0.0175,            90, O             , 2020yCat.1350....0G, 10.95199966430664 ,  8.678999900817871 , 10.222999572753906,  8.277000427246094 ,                   ,                   ,  ,  8.156999588012695 , 6.475   , 4.892   ,    1.1976, s         , A       , Em*  , G3         , E      , 2023ApJS..264...17Z
True ,        , J104943.6-092646, 10:49:43.6800, -09:26:45.600, BD-08  3016                , 162.43167429641     , -9.44621577918     ,      0.0169,      0.0154,            90, O             , 2020yCat.1350....0G, 11.36400032043457 ,  8.534000396728516 , 10.383999824523926,  7.979000091552734 ,                   ,                   ,  ,  7.835999965667725 , -11.505 , -17.33  ,    0.632 , s         , A       , *    ,            ,        , 
True ,        , J105252.9-262048, 10:52:53.0400, -26:20:49.200, CD-25  8298                , 163.22049496976     , -26.34682674697    ,      0.0129,      0.0133,            90, O             , 2020yCat.1350....0G, 11.345999717712402,  7.828999996185303 , 10.126999855041504,  7.1620001792907715,                   ,                   ,  ,  7.044000148773193 , 22.65   , -25.808 ,    0.4945, s         , A       , *    ,            ,        , 
True ,        , J105642.1-273735, 10:56:42.2400, -27:37:33.600, TYC 6643-289-1             , 164.17558822955     , -27.6264603915     ,      0.0151,      0.0153,            90, O             , 2020yCat.1350....0G, 12.282999992370605, 10.519000053405762 , 11.755999565124512, 10.293999671936035 ,                   ,                   ,  , 10.225000381469727 , -8.115  , -38.519 ,    3.5919, s         , B       , *    ,            ,        , 
True ,        , J105811.4-263418, 10:58:11.5200, -26:34:19.200, CD-25  8351                , 164.5475362844      , -26.571665892749998,      0.0137,      0.0132,            90, O             , 2020yCat.1350....0G, 11.460000038146973,  7.88100004196167  , 10.255000114440918,  7.243000030517578 ,                   ,                   ,  ,  7.068999767303467 , 6.278   , -18.105 ,    0.4181, s         , A       , SB*  ,            ,        , 
True ,        , J110248.5-030125, 11:02:48.4800, -03:01:26.400, TYC 4924-33-1              , 165.70243137485     , -3.0239191057399992,      0.0169,      0.0159,            90, O             , 2020yCat.1350....0G, 12.484999656677246, 10.010000228881836 , 11.694000244140625,  9.557000160217285 ,                   ,                   ,  ,  9.470000267028809 , -7.91   , -30.208 ,    0.5416, s         , A       , Em*  , G0         , E      , 2023ApJS..264...17Z
True ,        , J110416.2-124129, 11:04:16.0800, -12:41:31.200, HD  95982                  , 166.06746665928     , -12.69154839062    ,      0.016 ,      0.0126,            90, O             , 2020yCat.1350....0G,  9.899999618530273,  8.282999992370605 ,  9.380000114440918,  8.074999809265137 ,                   ,                   ,  ,  8.008000373840332 , -50.122 , 63.144  ,   11.0846, s         , A       , PM*  , G1V(w)     , C      , 1988MSS...C04....0H
True ,        , J110708.8-265825, 11:07:08.8800, -26:58:26.400, TYC 6644-868-1             , 166.78684518859     , -26.973571497929996,      0.0145,      0.0145,            90, O             , 2020yCat.1350....0G, 12.350000381469727, 10.32800006866455  , 11.74899959564209 ,  9.923999786376953 ,                   ,                   ,  ,  9.878000259399414 , -11.558 , 13.468  ,    0.5984, s         , A       , *    ,            ,        , 
True ,        , J110746.5-033433, 11:07:46.5600, -03:34:33.600, UCAC2  30538222            , 166.94391845741     , -3.57608284268     ,      0.0174,      0.0133,            90, O             , 2020yCat.1350....0G, 11.71399974822998 , 10.067000389099121 , 11.208999633789062, 10.78499984741211  , 11.201000213623047, 10.5              ,  , 10.098999977111816 , 19.229  , 6.493   ,    2.9595, s         , A       , *    ,            ,        , 
True ,        , J111447.8-405219, 11:14:47.7600, -40:52:19.200, HIP 54918                  , 168.69908243484     , -40.87205944334    ,      0.009 ,      0.0093,            90, O             , 2020yCat.1350....0G, 12.737000465393066, 10.052000045776367 , 11.880999565124512,  9.532999992370605 ,                   ,                   ,  ,  9.406999588012695 , -11.142 , -2.11   ,    0.3898, s         , A       , *    ,            ,        , 
True ,        , J112344.9-290327, 11:23:44.8800, -29:03:28.800, TYC 6662-935-1             , 170.93706567617     , -29.05764223716    ,      0.0148,      0.0138,            90, O             , 2020yCat.1350....0G, 11.020000457763672,  9.64799976348877  , 10.565999984741211,  9.371999740600586 ,                   ,                   ,  ,  9.343999862670898 , -48.189 , -2.84   ,    4.5431, s         , A       , *    ,            ,        , 
True ,        , J112651.4-180530, 11:26:51.3600, -18:05:31.200, TYC 6088-1943-1            , 171.71412286199     , -18.091599853219996,      0.0155,      0.0121,            90, O             , 2020yCat.1350....0G, 11.8149995803833  ,                    , 11.16100025177002 ,                    ,                   ,                   ,  ,                    , 28.959  , -64.974 ,    1.1018, s         , A       , Pe*  ,            ,        , 
True ,        , J113110.2-154315, 11:31:10.3200, -15:43:15.600, TYC 6085-551-1             , 172.79291493721     , -15.72104235972    ,      0.0155,      0.013 ,            90, O             , 2020yCat.1350....0G, 11.5600004196167  , 10.211999893188477 , 11.175999641418457,  9.98799991607666  ,                   ,                   ,  ,  9.935999870300293 , -30.641 , 7.801   ,    2.5322, s         , B       , *    ,            ,        , 
True ,        , J113635.0-083517, 11:36:35.0400, -08:35:16.800, BD-07  3261                , 174.14591259123     , -8.588367155479999 ,      0.0165,      0.015 ,            90, O             , 2020yCat.1350....0G, 11.329999923706055,  8.449000358581543 , 10.5              ,  7.818999767303467 ,                   ,                   ,  ,  7.706999778747559 , 0.906   , -13.128 ,    0.8602, s         , A       , *    ,            ,        , 
True ,        , J114029.4-222107, 11:40:29.5200, -22:21:07.200, TYC 6092-1923-1            , 175.12248321306     , -22.351901887459995,      0.0137,      0.0107,            90, O             , 2020yCat.1350....0G, 12.803999900817871,  9.916999816894531 , 11.815999984741211,  9.38599967956543  ,                   ,                   ,  ,  9.25100040435791  , 1.782   , -16.172 ,    0.2395, s         , A       , Pe*  ,            ,        , 
True ,        , J114200.1-161729, 11:42:00.2400, -16:17:31.200, TYC 6086-1161-1            , 175.5004234368      , -16.291656497069997,      0.0183,      0.0126,            90, O             , 2020yCat.1350....0G, 12.074999809265137, 10.432999610900879 , 11.581999778747559, 10.173999786376953 ,                   ,                   ,  , 10.086999893188477 , -25.82  , 31.543  ,    2.9764, s         , A       , *    ,            ,        , 
True ,        , J115337.3-020036, 11:53:37.2000, -02:00:36.000, BD-01  2582                , 178.40551321672     , -2.0102023050300004,      0.0163,      0.0112,            90, O             , 2020yCat.1350....0G, 10.289999961853027,  8.12600040435791  ,  9.600000381469727,  7.7170000076293945,                   ,                   ,  ,  7.5980000495910645, -18.452 , -121.539,    2.5761, s         , A       , RG*  , CEMP-s     , C      , 2016ApJ...833...20Y
True ,        , J115408.3-125455, 11:54:08.4000, -12:54:57.600, TYC 5523-465-1             , 178.53482621211     , -12.915464993809998,      0.0159,      0.0112,            90, O             , 2020yCat.1350....0G, 11.887999534606934,  9.449999809265137 , 11.079000473022461,  8.980999946594238 ,                   ,                   ,  ,  8.883999824523926 , -2.029  , 1.33    ,    0.4741, s         , A       , *    ,            ,        , 
True ,        , J115824.2-130520, 11:58:24.2400, -13:05:20.400, TYC 5524-361-1             , 179.6009860003      , -13.08905041048    ,      0.0236,      0.0182,            90, O             , 2020yCat.1350....0G, 12.204000473022461, 10.314000129699707 , 11.611000061035156, 10.017000198364258 ,                   ,                   ,  ,  9.939000129699707 , 50.6    , -7.413  ,    2.4537, s         , A       , PM*  ,            ,        , 
True ,        , J120213.1-111220, 12:02:13.2000, -11:12:21.600, UCAC4 394-051610           , 180.55486356789996  , -11.20575619619    ,      0.0164,      0.0118,            90, O             , 2020yCat.1350....0G, 12.592000007629395, 10.196000099182129 , 11.803999900817871,  9.741999626159668 , 11.664999961853027,                   ,  ,  9.630000114440918 , -13.567 , -13.363 ,    0.8881,           , A       , *    ,            ,        , 
True ,        , J120244.8-171201, 12:02:44.8800, -17:11:60.000, TYC 6094-163-1             , 180.68667635683997  , -17.20050422783    ,      0.0152,      0.0135,            90, O             , 2020yCat.1350....0G, 12.739999771118164,  8.975000381469727 , 11.140000343322754,  8.307999610900879 ,                   ,                   ,  ,  8.170000076293945 , -10.641 , -0.784  ,    0.3913, s         , A       , *    ,            ,        , 
True ,        , J120324.9-353405, 12:03:24.9600, -35:34:04.800, CD-34  7871                , 180.85377972044     , -35.568101846590004,      0.0138,      0.0106,            90, O             , 2020yCat.1350....0G, 11.479000091552734,  8.928999900817871 , 10.628999710083008,  8.432000160217285 ,                   ,                   ,  ,  8.277000427246094 , -32.407 , 4.185   ,    0.8116, s         , A       , SB*  , Gwl        , E      , 1972POAN....2...59S
True ,        , J120920.8-203636, 12:09:20.8800, -20:36:36.000, HD 105572                  , 182.33679579138     , -20.60993612214    ,      0.0134,      0.0139,            90, O             , 2020yCat.1350....0G, 11.310999870300293,  8.852999687194824 , 10.506999969482422,  8.392000198364258 , 10.069999694824219,  9.789999961853027,  ,  8.27299976348877  , -27.956 , -15.524 ,    1.5939, s         , A       , *    , G3/6(V)    , E      , 1988MSS...C04....0H
True ,        , J121231.9-334428, 12:12:31.9200, -33:44:27.600, CD-33  8245                , 183.13326715324996  , -33.74139376568    ,      0.0161,      0.0127,            90, O             , 2020yCat.1350....0G, 10.692000389099121,  9.364999771118164 , 10.26200008392334 ,  9.17300033569336  , 10.0              ,  9.741999626159668,  ,  9.069999694824219 , -25.529 , 21.574  ,    3.8077, s         , A       , *    ,            ,        , 
True ,        , J122239.1-422157, 12:22:39.1200, -42:21:57.600, CD-41  7141                , 185.66292373734998  , -42.36593933588    ,      0.0126,      0.0061,            90, O             , 2020yCat.1350....0G, 11.765999794006348,  8.842000007629395 , 10.791000366210938,  8.331999778747559 ,                   ,                   ,  ,  8.190999984741211 , -14.697 , -4.559  ,    0.4981, s         , A       , *    , Gwl        , E      , 1972POAN....2...59S
True ,        , J123050.9-451108, 12:30:50.8800, -45:11:09.600, TYC 8231-1328-1            , 187.71214839391996  , -45.18563343941    ,      0.0134,      0.0093,            90, O             , 2020yCat.1350....0G, 11.652000427246094,  8.111000061035156 , 10.394000053405762,  7.422999858856201 ,                   ,                   ,  ,  7.285999774932861 , -20.482 , 5.428   ,    0.4398, s         , A       , *    ,            ,        , 
True ,        , J123824.6-292725, 12:38:24.7200, -29:27:25.200, CD-28  9617                , 189.60254566839998  , -29.457038959470008,      0.0135,      0.0095,            90, O             , 2020yCat.1350....0G, 11.333000183105469,  9.623000144958496 , 10.78499984741211 ,  9.342000007629395 , 10.619999885559082, 10.175000190734863,  ,  9.274999618530273 , -9.28   , 80.16   ,    4.6597, s         , A       , PM*  ,            ,        , 
True ,        , J123859.7-025609, 12:38:59.7600, -02:56:09.600, TYC 4951-84-1              , 189.74887127775997  , -2.9359501844600007,      0.0191,      0.0091,            90, O             , 2020yCat.1350....0G, 12.085000038146973,  9.347999572753906 , 11.17199993133545 ,  8.821999549865723 ,                   ,                   ,  ,  8.677000045776367 , -6.217  , -12.927 ,    0.3715, s         , A       , Pe*  , CEMP       , C      , 2018AJ....155..256P
True ,        , J124244.9-131503, 12:42:44.8800, -13:15:03.600, BD-12  3680                , 190.68705343753     , -13.25092470059    ,      0.0137,      0.0087,            90, O             , 2020yCat.1350....0G, 10.720999717712402,  9.152000427246094 , 10.27400016784668 ,  8.918999671936035 ,                   ,                   ,  ,  8.793000221252441 , -95.726 , -63.454 ,    5.4901, s         , A       , Pe*  ,            ,        , 
True ,        , J124307.9-140657, 12:43:07.9200, -14:06:57.600, BD-13  3583                , 190.78284786422998  , -14.115924037870002,      0.0136,      0.0077,            90, O             , 2020yCat.1350....0G, 11.414999961853027,  9.15999984741211  , 10.6899995803833  ,  8.777999877929688 ,                   ,                   ,  ,  8.687999725341797 , -27.479 , 3.313   ,    0.9033, s         , A       , *    ,            ,        , 
True ,        , J125431.7-425303, 12:54:31.6800, -42:53:02.400, TYC 7780-651-1             , 193.63213565594998  , -42.88439208149    ,      0.0214,      0.015 ,            90, O             , 2020yCat.1350....0G, 12.777999877929688,  9.590999603271484 , 11.680999755859375,  8.98900032043457  ,                   ,                   ,  ,  8.845000267028809 , -2.43   , -21.138 ,    0.4492, s         , A       , *    ,            ,        , 
True ,        , J125815.0-402633, 12:58:14.8800, -40:26:31.200, TYC 7776-777-1             , 194.56239708755996  , -40.44246652086    ,      0.0131,      0.0096,            90, O             , 2020yCat.1350....0G, 12.052000045776367,  9.57800006866455  , 11.22700023651123 ,  9.104000091552734 ,                   ,                   ,  ,  8.996999740600586 , 1.44    , 2.57    ,    1.2513, s         , A       , *    ,            ,        , 
True ,        , J130043.2-091049, 13:00:43.2000, -09:10:48.000, TYC 5536-589-1             , 195.18038015282997  , -9.180447354960002 ,      0.0184,      0.0126,            90, O             , 2020yCat.1350....0G, 11.75             ,  9.906999588012695 , 11.220000267028809,  9.470999717712402 ,                   ,                   ,  ,  9.420999526977539 , -25.644 , -8.23   ,    0.527 , s         , A       , *    ,            ,        , 
True ,        , J131013.0-334236, 13:10:12.9600, -33:42:36.000, CD-33  8865                , 197.55436501005     , -33.71025923141999 ,      0.0104,      0.0101,            90, O             , 2020yCat.1350....0G, 11.942000389099121,  8.803000450134277 , 10.859999656677246,  8.218000411987305 ,                   ,                   ,  ,  8.095999717712402 , -12.366 , -6.456  ,    0.3496, s         , A       , RG*  ,            ,        , 
True ,        , J131951.5-144755, 13:19:51.6000, -14:47:56.400, TYC 5550-1314-1            , 199.9648526396      , -14.798793645949997,      0.0182,      0.0124,            90, O             , 2020yCat.1350....0G, 12.355999946594238,  8.986000061035156 , 11.197999954223633,  8.293999671936035 ,                   ,                   ,  ,  8.182000160217285 , -9.45   , -14.653 ,    0.3974, s         , A       , *    ,            ,        , 
True ,        , J132157.2-241639, 13:21:57.1200, -24:16:40.800, TYC 6700-806-1             , 200.48848728239     , -24.277611858379995,      0.0145,      0.0116,            90, O             , 2020yCat.1350....0G, 12.569000244140625,  8.831999778747559 , 11.251999855041504,  8.166999816894531 ,                   ,                   ,  ,  7.980999946594238 , -2.366  , 0.488   ,    0.2152, s         , A       , *    ,            ,        , 
True ,        , J132302.8-174949, 13:23:02.8800, -17:49:48.000, TYC 6124-8-1               , 200.76190922585997  , -17.83049590225    ,      0.0173,      0.0121,            90, O             , 2020yCat.1350....0G, 12.567999839782715,  9.366999626159668 , 11.451000213623047,  8.75100040435791  ,                   ,                   ,  ,  8.652000427246094 , -0.672  , -6.885  ,    0.3488, s         , A       , *    ,            ,        , 
True ,        , J132414.3-180620, 13:24:14.4000, -18:06:21.600, TYC 6124-458-1             , 201.05957180307     , -18.105901514790002,      0.0147,      0.0113,            90, O             , 2020yCat.1350....0G, 12.460000038146973,  9.684000015258789 , 11.409000396728516,  9.227999687194824 , 10.793999671936035, 10.196999549865723,  ,  9.079000473022461 , -25.065 , -4.091  ,    0.4186, s         , B       , Pe*  ,            ,        , 
True ,        , J132604.5-152502, 13:26:04.5600, -15:25:01.200, UCAC4 373-066758           , 201.51880136883     , -15.417218868159997,      0.0187,      0.0122,            90, O             , 2020yCat.1350....0G, 12.458999633789062,  9.541999816894531 , 11.461000442504883,  8.949000358581543 , 11.33899974822998 ,                   ,  ,  8.852999687194824 , -8.035  , -6.362  ,    0.3257, s         , A       , Pe*  ,            ,        , 
True ,        , J132635.5-280343, 13:26:35.5200, -28:03:43.200, CD-27  9226                , 201.64809558203     , -28.062261619210002,      0.0222,      0.0153,            90, O             , 2020yCat.1350....0G, 11.355999946594238,  7.974999904632568 , 10.161999702453613,  7.315999984741211 ,                   ,                   ,  ,  7.179999828338623 , -1.044  , -9.909  ,    0.7509, s         , A       , *    ,            ,        , 
True ,        , J133403.6-122545, 13:34:03.6000, -12:25:44.400, TYC 5548-1310-1            , 203.5150196184      , -12.42924145142    ,      0.015 ,      0.0097,            90, O             , 2020yCat.1350....0G, 11.737000465393066,  9.515999794006348 , 11.039999961853027,  9.154000282287598 ,                   ,                   ,  ,  9.01200008392334  , -13.244 , -16.672 ,    0.6845, s         , A       , Pe*  ,            ,        , 
True ,        , J134340.7-112620, 13:43:40.5600, -11:26:20.400, BD-10  3742                , 205.91954582796998  , -11.43904317643    ,      0.0138,      0.012 ,            90, O             , 2020yCat.1350....0G, 11.25             ,  8.303999900817871 , 10.34000015258789 ,  7.7179999351501465,                   ,                   ,  ,  7.605000019073486 , -13.896 , -3.899  ,    0.5227,           , A       , *    ,            ,        , 
True ,        , J135125.0-470627, 13:51:24.9600, -47:06:28.800, TYC 8266-2549-1            , 207.85426530125997  , -47.107487861779994,      0.0184,      0.0141,            90, O             , 2020yCat.1350....0G, 11.590999603271484,  7.7220001220703125, 10.263999938964844,  7.0289998054504395,                   ,                   ,  ,  6.8480000495910645, -9.382  , -5.308  ,    0.5268, s         , A       , Pe*  ,            ,        , 
True ,        , J140206.8-135654, 14:02:06.9600, -13:56:52.800, TYC 5560-874-1             , 210.52860075629997  , -13.948476144730002,      0.0192,      0.0144,            90, O             , 2020yCat.1350....0G, 12.607000350952148,  9.71399974822998  , 11.819999694824219,  9.154000282287598 ,                   ,                   ,  ,  9.069000244140625 , -4.582  , 7.595   ,    0.8285, s         , A       , RG*  ,            ,        , 
True ,        , J140722.5-295446, 14:07:22.5600, -29:54:46.800, CD-29 10832                , 211.84382244347998  , -29.91293478801    ,      0.0184,      0.0154,            90, O             , 2020yCat.1350....0G, 11.26200008392334 ,  8.913999557495117 , 10.480999946594238,  8.454999923706055 ,                   ,                   ,  ,  8.354999542236328 , -20.244 , -6.763  ,    1.5242, s         , A       , *    ,            ,        , 
True ,        , J140741.7-175143, 14:07:41.7600, -17:51:43.200, TYC 6141-547-1             , 211.92385098855     , -17.86210263182    ,      0.0162,      0.0132,            90, O             , 2020yCat.1350....0G, 11.616999626159668,  9.196000099182129 , 10.769000053405762,  8.722999572753906 ,                   ,                   ,  ,  8.64900016784668  , 16.341  , -10.479 ,    1.0264, s         , A       , *    ,            ,        , 
True ,        , J140908.9-281336, 14:09:08.8800, -28:13:37.200, TYC 6742-572-1             , 212.28727028891     , -28.22691286105    ,      0.0191,      0.0156,            90, O             , 2020yCat.1350....0G, 11.90999984741211 , 10.399999618530273 , 11.260000228881836, 10.156000137329102 ,                   ,                   ,  , 10.095000267028809 , -15.653 , -7.778  ,    2.3475, s         , A       , *    ,            ,        , 
True ,        , J141231.4-050201, 14:12:31.4400, -05:02:02.400, TYC 4982-898-1             , 213.13099003470998  , -5.03383972308     ,      0.0203,      0.0157,            90, O             , 2020yCat.1350....0G, 12.413000106811523,  9.97599983215332  , 11.623000144958496,  9.468999862670898 ,                   ,                   ,  ,  9.40999984741211  , -18.925 , 3.095   ,    0.4437, s         , A       , Pe*  ,            ,        , 
True ,        , J141810.5-333452, 14:18:10.5600, -33:34:51.600, TYC 7286-486-1             , 214.54406632199     , -33.58129683336    ,      0.0147,      0.0111,            90, O             , 2020yCat.1350....0G, 12.529999732971191,  9.13599967956543  , 11.75             ,  8.390000343322754 ,                   ,                   ,  ,  8.229999542236328 , 0.329   , -14.285 ,    0.2535, s         , A       , *    ,            ,        , 
True ,        , J141832.4-081824, 14:18:32.4000, -08:18:25.200, TYC 5562-446-1             , 214.63513578432     , -8.30692015239     ,      0.0156,      0.0125,            90, O             , 2020yCat.1350....0G, 12.347999572753906,  8.711999893188477 , 11.041000366210938,  7.995999813079834 , 10.793000221252441,                   ,  ,  7.9070000648498535, -9.412  , -10.902 ,    0.2808, s         , A       , *    ,            ,        , 
True ,        , J142522.3-114202, 14:25:22.3200, -11:42:03.600, UCAC2  27674303            , 216.34315531496998  , -11.70099814945    ,      0.0135,      0.0104,            90, O             , 2020yCat.1350....0G, 11.656000137329102,  9.298999786376953 , 10.842000007629395,  8.8100004196167   , 10.78600025177002 , 10.039999961853027,  ,  8.685999870300293 , 6.134   , -47.99  ,    2.0048, s         , A       , *    ,            ,        , 
True ,        , J142546.2-154629, 14:25:46.3200, -15:46:30.000, BD-15  3868                , 216.44283188929998  , -15.77504668351    ,      0.0133,      0.0135,            90, O             , 2020yCat.1350....0G, 12.220999717712402,  8.576000213623047 , 10.91100025177002 ,  7.890999794006348 , 10.71500015258789 ,                   ,  ,  7.815000057220459 , -8.747  , -11.018 ,    0.2318, s         , A       , Pe*  ,            ,        , 
True ,        , J142839.0-204459, 14:28:39.1200, -20:45:00.000, BD-20  4035                , 217.16282435019997  , -20.749841075039996,      0.0246,      0.0188,            90, O             , 2020yCat.1350....0G, 11.557000160217285,  8.684000015258789 , 10.300000190734863,  8.142999649047852 ,                   ,                   ,  ,  8.005999565124512 , -13.146 , -9.743  ,    0.5725, s         , A       , Pe*  ,            ,        , 
True ,        , J142911.4-053131, 14:29:11.5200, -05:31:30.000, TYC 4983-448-1             , 217.29774050102     , -5.52534125518     ,      0.0171,      0.0153,            90, O             , 2020yCat.1350....0G, 12.319999694824219, 10.071999549865723 , 11.550000190734863,  9.75100040435791  ,                   ,                   ,  ,  9.699999809265137 , 83.388  , -122.074,    6.0093, s         , A       , PM*  ,            ,        , 
True ,        , J144548.8-165433, 14:45:48.7200, -16:54:32.400, UCAC2  25546322            , 221.45321684966999  , -16.90925770307    ,      0.0152,      0.0122,            90, O             , 2020yCat.1350....0G, 12.706000328063965, 10.324999809265137 , 11.956000328063965,  9.918999671936035 , 11.819999694824219, 10.9399995803833  ,  ,  9.817000389099121 , -22.377 , -16.443 ,    0.5509, s         , B       , *    ,            ,        , 
True ,        , J144603.1-011132, 14:46:03.1200, -01:11:31.200, TYC 4986-481-1             , 221.51310142957     , -1.19248771991     ,      0.0137,      0.012 ,            90, O             , 2020yCat.1350....0G, 12.189000129699707,  9.234000205993652 , 11.13599967956543 ,  8.607999801635742 ,                   ,                   ,  ,  8.505999565124512 , -2.855  , -1.981  ,    0.3646, s         , A       , Pe*  ,            ,        , 
True ,        , J144614.2-123902, 14:46:14.1600, -12:39:03.600, TYC 5573-793-1             , 221.55909036584     , -12.650619465580002,      0.0148,      0.0126,            90, O             , 2020yCat.1350....0G, 12.972000122070312,  9.553000450134277 , 11.807999610900879,  8.934000015258789 ,                   ,                   ,  ,  8.815999984741211 , -1.15   , -13.401 ,    0.2444, s         , A       , Pe*  , CEMP       , C      , 2018AJ....155..256P
True ,        , J144747.0-143827, 14:47:47.0400, -14:38:27.600, TYC 5577-268-1             , 221.94579947168     , -14.640968464869996,      0.0183,      0.0139,            90, O             , 2020yCat.1350....0G, 12.821999549865723, 10.08899974822998  , 11.937000274658203,  9.557999610900879 ,                   ,                   ,  ,  9.435999870300293 , -1.255  , -9.322  ,    0.6186, s         , A       , *    ,            ,        , 
True ,        , J145446.0-251541, 14:54:46.0800, -25:15:43.200, TYC 6751-684-1             , 223.69194514195     , -25.26161992982    ,      0.0115,      0.0107,            90, O             , 2020yCat.1350....0G, 12.185999870300293,  9.41100025177002  , 11.276000022888184,  8.897000312805176 ,                   ,                   ,  ,  8.829999923706055 , -19.248 , -4.207  ,    1.4069, s         , A       , *    ,            ,        , 
True ,        , J145446.0-251541, 14:54:46.0800, -25:15:43.200, TYC 6751-684-1             , 223.69194514195     , -25.26161992982    ,      0.0115,      0.0107,            90, O             , 2020yCat.1350....0G, 12.185999870300293,  9.41100025177002  , 11.276000022888184,  8.897000312805176 ,                   ,                   ,  ,  8.829999923706055 , -19.248 , -4.207  ,    1.4069, s         , A       , *    ,            ,        , 
True ,        , J150031.0-122656, 15:00:30.9600, -12:26:56.400, BD-11  3853                , 225.1289104241      , -12.44908394858    ,      0.0143,      0.0136,            90, O             , 2020yCat.1350....0G, 10.826000213623047,  9.08899974822998  , 10.24899959564209 ,  8.79699993133545  , 10.265999794006348,  9.744000434875488,  ,  8.732999801635742 , -145.904, -36.136 ,    5.9905, s         , A       , SB*  , Fwl        , E      , 1973AJ.....78..687B
True ,        , J150212.0-093319, 15:02:12.0000, -09:33:18.000, TYC 5583-632-1             , 225.54993341308     , -9.55539701705     ,      0.0212,      0.0262,            90, O             , 2020yCat.1350....0G, 13.175000190734863,  9.585000038146973 , 11.868000030517578,  8.809000015258789 , 10.460000038146973, 10.555999755859375,  ,  8.708999633789062 , -3.734  , -0.999  ,    0.2296, s         , A       , *    ,            ,        , 
True ,        , J150223.7-194824, 15:02:23.7600, -19:48:25.200, TYC 6176-821-1             , 225.59885336091     , -19.80678722748    ,      0.0147,      0.0122,            90, O             , 2020yCat.1350....0G, 12.621999740600586,  8.984999656677246 , 11.29699993133545 ,  8.321000099182129 , 10.920000076293945, 10.012999534606934,  ,  8.156000137329102 , 2.172   , -10.682 ,    0.2785, s         , B       , Pe*  , CEMP       , C      , 2018AJ....155..256P
True ,        , J150436.8-123108, 15:04:36.7200, -12:31:08.400, TYC 5588-1160-1            , 226.15332498714997  , -12.519088401240003,      0.0157,      0.0149,            90, O             , 2020yCat.1350....0G, 10.704000473022461,  8.75              , 10.151000022888184,  8.402999877929688 ,                   ,                   ,  ,  8.305999755859375 , -84.687 , -1.193  ,    1.535 , s         , A       , PM*  ,            ,        , 
True ,        , J150505.2-035039, 15:05:05.2800, -03:50:38.400, BD-03  3720                , 226.27200789116     , -3.84429004496     ,      0.0134,      0.0141,            90, O             , 2020yCat.1350....0G, 11.229000091552734,  8.13599967956543  , 10.230999946594238,  7.545000076293945 ,  9.6899995803833  ,  9.090999603271484,  ,  7.488999843597412 , 8.621   , -9.431  ,    1.4693, s         , A       , *    ,            ,        , 
True ,        , J150628.6-142803, 15:06:28.8000, -14:28:04.800, TYC 5592-563-1             , 226.61942075692997  , -14.46776442069    ,      0.0134,      0.011 ,            90, O             , 2020yCat.1350....0G, 11.680000305175781,  9.829000473022461 , 11.380000114440918,  9.435999870300293 ,                   ,                   ,  ,  9.345000267028809 , -53.02  , -14.954 ,    2.5188, s         , A       , Pe*  ,            ,        , 
True ,        , J150740.0-212242, 15:07:40.0800, -21:22:44.400, HD 133929                  , 226.91669107821     , -21.37844081513    ,      0.0155,      0.0126,            90, O             , 2020yCat.1350....0G, 10.76099967956543 ,  7.366000175476074 ,  9.939000129699707,  6.763000011444092 ,  8.850000381469727,  9.277000427246094,  ,  6.572000026702881 , -3.406  , 4.207   ,    1.4018, s         , A       , *    , K0III/IV   , D      , 1988MSS...C04....0H
True ,        , J150824.0-125620, 15:08:24.0000, -12:56:20.400, TYC 5588-906-1             , 227.10029924152     , -12.93916719134    ,      0.0478,      0.0389,            90, O             , 2020yCat.1350....0G, 12.057000160217285,  9.781999588012695 , 11.29699993133545 ,  9.326000213623047 ,                   ,                   ,  ,  9.246000289916992 , -2.548  , -10.675 ,    0.9332, s         , A       , *    ,            ,        , 
True ,        , J151446.1-062842, 15:14:46.0800, -06:28:44.400, TYC 5013-689-1             , 228.69238107288996  , -6.4786192293900005,      0.0128,      0.0121,            90, O             , 2020yCat.1350....0G, 11.22700023651123 ,  8.901000022888184 , 10.479000091552734,  8.48799991607666  ,                   ,                   ,  ,  8.394000053405762 , 4.569   , -0.872  ,    1.2388, s         , A       , *    ,            ,        , 
True ,        , J152033.7-094304, 15:20:33.6000, -09:43:04.800, HD 136343                  , 230.14048586534003  , -9.71795051082     ,      0.0144,      0.0108,            90, O             , 2020yCat.1350....0G, 10.701000213623047,  8.003000259399414 ,  9.850000381469727,  7.539999961853027 ,                   ,                   ,  ,  7.401000022888184 , -2.386  , -11.633 ,    1.6974,           , A       , *    , G8/K0(III) , E      , 1999MSS...C05....0H
True ,        , J152141.1-155317, 15:21:41.0400, -15:53:16.800, TYC 6171-103-1             , 230.42118179941002  , -15.88838589914    ,      0.0158,      0.0157,            90, O             , 2020yCat.1350....0G, 12.718999862670898,  9.335000038146973 , 11.520000457763672,  8.668000221252441 ,                   ,                   ,  ,  8.519000053405762 , -5.449  , -15.602 ,    0.3488, s         , A       , *    ,            ,        , 
True ,        , J152423.2-092207, 15:24:23.2800, -09:22:08.400, TYC 5594-4-1               , 231.09696134097996  , -9.36882529301     ,      0.0174,      0.0125,            90, O             , 2020yCat.1350....0G, 13.019000053405762,  9.470999717712402 , 11.75             ,  8.795999526977539 , 11.534000396728516,                   ,  ,  8.67199993133545  , 6.13    , -10.261 ,    0.1938, s         , A       , SB*  ,            ,        , 
True ,        , J155803.8-061632, 15:58:03.8400, -06:16:33.600, TYC 5031-596-1             , 239.51590966888995  , -6.27567853105     ,      0.0124,      0.0091,            90, O             , 2020yCat.1350....0G, 11.776000022888184,  9.60200023651123  , 11.116999626159668,  9.215999603271484 ,                   ,                   ,  ,  9.12600040435791  , 19.944  , -103.741,    4.9582, s         , A       , PM*  ,            ,        , 
True ,        , J160433.6-123549, 16:04:33.6000, -12:35:49.200, TYC 5619-378-1             , 241.14004830939996  , -12.597060664410002,      0.025 ,      0.0193,            90, O             , 2020yCat.1350....0G, 13.0649995803833  ,  9.446999549865723 , 11.835000038146973,  8.781000137329102 ,                   ,                   ,  ,  8.619999885559082 , 3.113   , -6.964  ,    0.4473, s         , A       , *    ,            ,        , 
True ,        , J161527.2-141858, 16:15:27.1200, -14:18:57.600, UCAC4 379-073854           , 243.86326342351998  , -14.31624287325    ,      0.0185,      0.013 ,            90, O             , 2020yCat.1350....0G, 13.131999969482422,  9.331000328063965 , 11.859000205993652,  8.609000205993652 , 11.593999862670898,                   ,  ,  8.508999824523926 , -2.691  , -7.986  ,    0.8228, s         , A       , *    ,            ,        , 
True ,        , J161637.1-143139, 16:16:37.2000, -14:31:40.800, TYC 5625-1083-1            , 244.15498144048     , -14.52764001635    ,      0.0197,      0.0131,            90, O             , 2020yCat.1350....0G, 12.394000053405762, 10.104999542236328 , 11.6899995803833  ,  9.786999702453613 ,                   ,                   ,  ,  9.696000099182129 , 5.34    , -33.064 ,    3.0414, s         , A       , *    ,            ,        , 
True ,        , J162128.4-114017, 16:21:28.5600, -11:40:15.600, TYC 5634-965-1             , 245.36864483453996  , -11.67155284255    ,      0.0194,      0.0151,            90, O             , 2020yCat.1350....0G, 11.795000076293945,  9.8100004196167   , 11.185999870300293,  9.468000411987305 ,                   ,                   ,  ,  9.394000053405762 , 62.155  , -82.32  ,    5.6483, s         , A       , PM*  ,            ,        , 
True ,        , J162230.6-062843, 16:22:30.7200, -06:28:44.400, TYC 5047-684-1             , 245.62763449121996  , -6.4788273390599995,      0.0149,      0.0126,            90, O             , 2020yCat.1350....0G, 13.074000358581543,  9.616999626159668 , 11.954999923706055,  9.04699993133545  ,                   ,                   ,  ,  8.878000259399414 , 1.977   , -8.217  ,    0.9172, s         , A       , *    ,            ,        , 
True ,        , J162849.6-033521, 16:28:49.6800, -03:35:20.400, TYC 5039-934-1             , 247.2066575732      , -3.589284899250001 ,      0.0124,      0.0069,            90, O             , 2020yCat.1350....0G, 11.543000221252441,  9.35099983215332  , 10.864999771118164,  9.059000015258789 ,                   ,                   ,  ,  8.986000061035156 , 32.609  , -17.217 ,    5.4188, s         , A       , *    ,            ,        , 
True ,        , J165253.6-011557, 16:52:53.7600, -01:15:57.600, TYC 5051-303-1             , 253.22358379958996  , -1.2658627333      ,      0.0185,      0.0115,            90, O             , 2020yCat.1350....0G, 11.970000267028809,  9.958999633789062 , 11.260000228881836,  9.659000396728516 ,                   ,                   ,  ,  9.60099983215332  , -6.0    , 35.218  ,    3.7599, s         , A       , *    ,            ,        , 
True ,        , J174311.3-804846, 17:43:11.5200, -80:48:46.800, CD-80   645                , 265.79735001877     , -80.8129683312     ,      0.0112,      0.0124,            90, O             , 2020yCat.1350....0G, 10.8100004196167  ,  6.388000011444092 ,  9.25             ,  5.561999797821045 ,                   ,                   ,  ,  5.355999946594238 , -38.454 , -31.298 ,    1.0273, s         , A       , *    , K5         , E      , 1968AnCap..22....0S
True ,        , J180811.5-802007, 18:08:11.5200, -80:20:09.600, TYC 9453-883-1             , 272.04797081223     , -80.33552923362    ,      0.0095,      0.0112,            90, O             , 2020yCat.1350....0G, 12.399999618530273,  9.121000289916992 , 11.359999656677246,  8.50100040435791  ,                   ,                   ,  ,  8.371999740600586 , 3.127   , -41.544 ,    0.5224, s         , A       , Pe*  ,            ,        , 
True ,        , J185443.3-822504, 18:54:43.2000, -82:25:04.800, CPD-82   743               , 283.6818465947137   , -82.41803250964945 ,      0.0097,      0.0096,            90, O             , 2020yCat.1350....0G, 11.357000350952148,  9.713000297546387 , 10.805000305175781,  9.409000396728516 ,                   ,                   ,  ,  9.357000350952148 , -351.286, 7.753   ,    6.9063, s         , A       , PM*  ,            ,        , 
True ,        , J185501.5-675744, 18:55:01.4400, -67:57:46.800, TYC 9292-407-1             , 283.75645185306996  , -67.96249594361    ,      0.0055,      0.01  ,            90, O             , 2020yCat.1350....0G, 11.59000015258789 ,  7.922999858856201 , 10.399999618530273,  7.242000102996826 ,                   ,                   ,  ,  7.0879998207092285, -9.087  , -2.789  ,    0.3431, s         , A       , *    ,            ,        , 
True ,        , J190708.1-635829, 19:07:08.1600, -63:58:30.000, TYC 9078-1407-1            , 286.78409341921     , -63.974839782080004,      0.0108,      0.0126,            90, O             , 2020yCat.1350....0G, 12.140000343322754,  9.633999824523926 , 11.449999809265137,  9.050999641418457 ,                   ,                   ,  ,  8.949999809265137 , -1.948  , -7.365  ,    0.3632, s         , A       , *    ,            ,        , 
True ,        , J191144.7-600208, 19:11:44.6400, -60:02:09.600, Cl* NGC 6752   BUON     277, 287.93634986771     , -60.03574396883    ,      0.0114,      0.0151,            90, O             , 2020yCat.1350....0G, 12.890000343322754,  9.335000038146973 , 11.319999694824219,  8.696000099182129 ,                   ,                   ,  ,  8.5649995803833   , -3.188  , -4.01   ,    0.2227, s         , A       , *    ,            ,        , 
True ,        , J191258.2-790347, 19:12:58.3200, -79:03:46.800, HD 176772                  , 288.24291071631     , -79.06340567335    ,      0.0093,      0.0095,            90, O             , 2020yCat.1350....0G, 10.479000091552734,  7.544000148773193 ,  9.52299976348877 ,  7.019000053405762 ,                   ,                   ,  ,  6.914000034332275 , 19.384  , -96.373 ,    2.6291, s         , A       , PM*  , G6/K0      , E      , 1975MSS...C01....0H
True ,        , J191618.2-554445, 19:16:18.2400, -55:44:45.600, TYC 8764-1992-1            , 289.07591696139     , -55.74594335548    ,      0.0118,      0.0119,            90, O             , 2020yCat.1350....0G, 12.642999649047852,  9.350000381469727 , 11.446999549865723,  8.652999877929688 ,                   ,                   ,  ,  8.529000282287598 , -1.35   , -3.282  ,    0.1711, s         , A       , Pe*  , CEMP       , C      , 2018AJ....155..256P
True ,        , J192145.9-712436, 19:21:45.8400, -71:24:36.000, GSC 09313-01255            , 290.44137006808     , -71.41009424631    ,      0.0093,      0.0125,            90, O             , 2020yCat.1350....0G, 12.541999816894531,  9.850000381469727 , 11.583000183105469,  9.350000381469727 , 11.484000205993652,                   ,  ,  9.246000289916992 , -14.052 , -1.424  ,    0.4741, s         , A       , **   ,            ,        , 
True ,        , J192334.3-834540, 19:23:34.3200, -83:45:39.600, HD 177248                  , 290.89324807287     , -83.76135040879    ,      0.0097,      0.0097,            90, O             , 2020yCat.1350....0G,  9.979999542236328,  8.619999885559082 ,  9.600000381469727,  8.366999626159668 ,                   ,                   ,  ,  8.309000015258789 , 59.402  , -48.977 ,    6.8457, s         , A       , PM*  , F5V        , C      , 1975MSS...C01....0H
True ,        , J192406.6-693706, 19:24:06.7200, -69:37:04.800, TYC 9309-104-1             , 291.02761502379     , -69.61840513019    ,      0.0099,      0.0151,            90, O             , 2020yCat.1350....0G, 12.809000015258789,  9.621999740600586 , 11.685999870300293,  9.055000305175781 ,                   ,                   ,  ,  8.89799976348877  , 2.354   , -43.049 ,    0.4317, s         , A       , *    ,            ,        , 
True ,        , J192916.9-511613, 19:29:17.0400, -51:16:12.000, TYC 8388-291-1             , 292.32077216496     , -51.27038689392    ,      0.0132,      0.013 ,            90, O             , 2020yCat.1350....0G, 11.664999961853027,  8.319000244140625 , 10.524999618530273,  7.677999973297119 ,                   ,                   ,  ,  7.5370001792907715, -7.184  , -6.256  ,    0.3703, s         , A       , *    ,            ,        , 
True ,        , J193338.2-595902, 19:33:38.1600, -59:59:02.400, TYC 8786-651-1             , 293.40923792328     , -59.984171005849994,      0.0126,      0.0134,            90, O             , 2020yCat.1350....0G, 12.34000015258789 ,  9.680999755859375 , 11.428999900817871,  9.135000228881836 ,                   ,                   ,  ,  9.071999549865723 , -12.49  , -15.486 ,    0.3434, s         , A       , *    ,            ,        , 
True ,        , J193357.0-582141, 19:33:57.1200, -58:21:43.200, CD-58  7468                , 293.48781248229     , -58.361613666070006,      0.0102,      0.0098,            90, O             , 2020yCat.1350....0G, 11.84000015258789 ,  8.597000122070312 , 10.722000122070312,  7.953999996185303 , 10.079999923706055,  9.53600025177002 ,  ,  7.818999767303467 , -6.805  , -7.556  ,    0.3849, s         , A       , SB*  ,            ,        , 
True ,        , J193443.1-462130, 19:34:43.2000, -46:21:28.800, HD 184051                  , 293.67973299092     , -46.35854640168    ,      0.0133,      0.0118,            90, O             , 2020yCat.1350....0G, 10.843999862670898,  8.050000190734863 ,  9.951000213623047,  7.51200008392334  ,                   ,                   ,  ,  7.429999828338623 , -38.668 , -57.78  ,    1.022 , s         , A       , PM*  , G8(IIIw)   , C      , 1978MSS...C02....0H
True ,        , J194550.6-392630, 19:45:50.6400, -39:26:31.200, UCAC4 253-187742           , 296.46085876744996  , -39.44193086159    ,      0.0122,      0.0093,            90, O             , 2020yCat.1350....0G, 13.53499984741211 , 10.928000450134277 , 12.72599983215332 , 10.399999618530273 , 12.564000129699707,                   ,  , 10.315999984741211 , -5.819  , -17.373 ,    0.1882, s         , B       , Pe*  ,            ,        , 
True ,        , J194552.6-504608, 19:45:52.8000, -50:46:08.400, TYC 8402-1310-1            , 296.4695836986999   , -50.76888983416    ,      0.0178,      0.0146,            90, O             , 2020yCat.1350....0G, 12.984000205993652,  9.480999946594238 , 11.725000381469727,  8.779999732971191 ,                   ,                   ,  ,  8.633000373840332 , 0.643   , -3.263  ,    0.2406, s         , A       , *    ,            ,        , 
True ,        , J194811.5-483511, 19:48:11.5200, -48:35:13.200, 2MASS J19481153-4835119    , 297.04807809384     , -48.586640723020004,      0.0147,      0.0147,            90, O             , 2020yCat.1350....0G, 11.399999618530273,  7.320000171661377 , 10.020000457763672,  6.550000190734863 ,                   ,                   ,  ,  6.36299991607666  , 0.893   , 0.108   ,    0.3628, s         , A       , LP*  ,            ,        , 
True ,        , J194850.3-344917, 19:48:50.4000, -34:49:19.200, TYC 7447-837-1             , 297.2098330558799   , -34.82164236613001 ,      0.0147,      0.012 ,            90, O             , 2020yCat.1350....0G, 11.569999694824219,  9.762999534606934 , 11.180000305175781,  9.498000144958496 ,                   ,                   ,  ,  9.37399959564209  , 23.757  , -19.992 ,    3.7629, s         , A       , *    ,            ,        , 
True ,        , J194952.7-641309, 19:49:52.8000, -64:13:12.000, UCAC4 129-169072           , 297.46960698222     , -64.21952464215    ,      0.0086,      0.0107,            90, O             , 2020yCat.1350....0G, 13.263999938964844, 10.156000137329102 , 12.232000350952148,  9.595999717712402 , 11.98900032043457 ,                   ,  ,  9.489999771118164 , 5.833   , -13.8   ,    0.1769, s         , B       , Pe*  ,            ,        , 
True ,        , J195221.4-695417, 19:52:21.3600, -69:54:18.000, TYC 9310-1018-1            , 298.08941696305     , -69.90488850747    ,      0.0094,      0.0135,            90, O             , 2020yCat.1350....0G, 12.463000297546387,  9.881999969482422 , 11.628999710083008,  9.362000465393066 ,                   ,                   ,  ,  9.265999794006348 , 7.822   , -30.629 ,    0.3276, s         , A       , *    ,            ,        , 
True ,        , J195244.9-600813, 19:52:44.8800, -60:08:13.200, TYC 9085-934-1             , 298.18710600655993  , -60.13697753291001 ,      0.0106,      0.0105,            90, O             , 2020yCat.1350....0G, 11.8100004196167  ,  9.428000450134277 , 11.116999626159668,  8.940999984741211 ,                   ,                   ,  ,  8.847000122070312 , 10.797  , -11.683 ,    0.4206, s         , A       , *    ,            ,        , 
True ,        , J195313.7-531456, 19:53:13.6800, -53:14:56.400, TYC 8775-943-1             , 298.30752124978     , -53.24898310992    ,      0.0151,      0.0134,            90, O             , 2020yCat.1350....0G, 12.276000022888184, 10.562999725341797 , 11.729999542236328, 10.204000473022461 ,                   ,                   ,  , 10.1899995803833   , 22.191  , -65.247 ,    4.8156, s         , B       , PM*  ,            ,        , 
True ,        , J195716.7-335026, 19:57:16.8000, -33:50:27.600, TYC 7448-58-1              , 299.31984052263     , -33.84083892762    ,      0.0177,      0.014 ,            90, O             , 2020yCat.1350....0G, 12.479999542236328,  9.640000343322754 , 11.640000343322754,  9.020999908447266 ,                   ,                   ,  ,  8.894000053405762 , -4.423  , -2.754  ,    0.2999, s         , B       , *    ,            ,        , 
True ,        , J200150.5-310651, 20:01:50.6400, -31:06:50.400, UCAC2  18796689            , 300.46071853541     , -31.114247207319995,      0.0132,      0.0098,            90, O             , 2020yCat.1350....0G, 13.479000091552734,  9.644000053405762 , 12.11400032043457 ,  9.003999710083008 , 11.885000228881836, 10.680000305175781,  ,  8.845999717712402 , -0.995  , -10.057 ,    0.1949, s         , A       , *    ,            ,        , 
True ,        , J200420.2-270110, 20:04:20.4000, -27:01:12.000, TYC 6900-414-1             , 301.0846774974      , -27.01959534933    ,      0.0147,      0.0116,            90, O             , 2020yCat.1350....0G, 11.845000267028809,  9.486000061035156 , 10.84000015258789 ,  9.02299976348877  ,                   ,                   ,  ,  8.90999984741211  , -6.908  , -76.838 ,    1.2465, s         , A       , PM*  ,            ,        , 
True ,        , J200728.5-495434, 20:07:28.5600, -49:54:32.400, TYC 8400-122-1             , 301.86900267674     , -49.90949342812    ,      0.0158,      0.0108,            90, O             , 2020yCat.1350....0G, 12.369999885559082,  9.312999725341797 , 11.25             ,  8.612000465393066 ,                   ,                   ,  ,  8.47599983215332  , 0.077   , -13.531 ,    0.1306, s         , A       , Pe*  ,            ,        , 
True ,        , J201031.9-355854, 20:10:31.9200, -35:58:55.200, TYC 7453-1122-1            , 302.63305699229     , -35.98182771574    ,      0.0118,      0.0104,            90, O             , 2020yCat.1350....0G, 12.125            ,  9.776000022888184 , 11.401000022888184,  9.355999946594238 ,                   ,                   ,  ,  9.23799991607666  , 1.179   , -25.941 ,    0.4649, s         , A       , Pe*  ,            ,        , 
True ,        , J201721.9-380126, 20:17:21.8400, -38:01:26.400, TYC 7948-1882-1            , 304.34150287368     , -38.02407872927    ,      0.0176,      0.0121,            90, O             , 2020yCat.1350....0G, 12.178999900817871,  9.246000289916992 , 11.175999641418457,  8.710000038146973 ,                   ,                   ,  ,  8.583999633789062 , -1.217  , -36.058 ,    0.3485, s         , A       , *    ,            ,        , 
True ,        , J201925.1-282207, 20:19:25.2000, -28:22:08.400, UCAC4 309-258175           , 304.85493904568     , -28.368726549549997,      0.0169,      0.0129,            90, O             , 2020yCat.1350....0G, 12.909000396728516,  9.630999565124512 , 11.770999908447266,  9.0649995803833   , 11.567999839782715,                   ,  ,  8.88599967956543  , -2.824  , -8.954  ,    0.2434, s         , A       , *    ,            ,        , 
True ,        , J202319.0-661217, 20:23:18.9600, -66:12:18.000, TYC 9099-871-1             , 305.82943529207     , -66.20498708233    ,      0.0068,      0.0127,            90, O             , 2020yCat.1350....0G, 12.973999977111816, 10.23799991607666  , 12.067999839782715,  9.732999801635742 ,                   ,                   ,  ,  9.626999855041504 , -9.796  , -3.298  ,    0.2677, s         , B       , *    ,            ,        , 
True ,        , J202400.5-182024, 20:24:00.4800, -18:20:24.000, TYC 6333-2002-1            , 306.00214855946996  , -18.34007450272    ,      0.0152,      0.0096,            90, O             , 2020yCat.1350....0G, 11.097999572753906,  8.472000122070312 , 10.253000259399414,  7.978000164031982 ,                   ,                   ,  ,  7.831999778747559 , -6.403  , -14.322 ,    0.813 , s         , A       , *    ,            ,        , 
True ,        , J203717.9-353513, 20:37:18.0000, -35:35:13.200, TYC 7464-285-1             , 309.32476455935995  , -35.587214350790006,      0.0138,      0.0077,            90, O             , 2020yCat.1350....0G, 12.319999694824219,  8.310999870300293 , 10.569999694824219,  7.609000205993652 ,                   ,                   ,  ,  7.500999927520752 , 5.387   , -5.851  ,    0.1958, s         , A       , *    ,            ,        , 
True ,        , J204406.2-300007, 20:44:06.2400, -30:00:07.200, CD-30 18140                , 311.0261969365958   , -30.002110331382504,      0.0212,      0.0126,            90, O             , 2020yCat.1350....0G, 10.326000213623047,  8.954999923706055 ,  9.932000160217285,  8.692999839782715 ,                   ,                   ,  ,  8.654999732971191 , -59.874 , -319.588,    6.8969, s         , A       , Pe*  , F8         , D      , 1994A&A...285..440N
True ,        , J204547.1-621403, 20:45:47.0400, -62:14:02.400, UCAC2   4452544            , 311.4463862950299   , -62.23425901368    ,      0.0093,      0.0115,            90, O             , 2020yCat.1350....0G, 12.300000190734863,  9.848999977111816 , 11.510000228881836,  9.411999702453613 , 11.399999618530273, 10.5600004196167  ,  ,  9.289999961853027 , -4.924  , 4.335   ,    0.6643, s         , A       , *    ,            ,        , 
True ,        , J204923.3-362238, 20:49:23.5200, -36:22:37.200, CD-36 14418                , 312.3475369813      , -36.37748764159999 ,      0.0127,      0.009 ,            90, O             , 2020yCat.1350....0G, 12.104000091552734,  8.588000297546387 , 10.847999572753906,  7.9679999351501465,                   ,                   ,  ,  7.823999881744385 , -5.622  , -5.778  ,    0.1754, s         , A       , Pe*  ,            ,        , 
True ,        , J205058.6-315839, 20:50:58.5600, -31:58:40.800, CD-32 16238                , 312.7443323676      , -31.977680327780003,      0.0192,      0.0126,            90, O             , 2020yCat.1350....0G, 10.460000038146973,  9.053999900817871 , 10.0600004196167  ,  8.831000328063965 ,                   ,                   ,  ,  8.777999877929688 , 11.265  , 29.397  ,    4.7618, s         , A       , *    ,            ,        , 
True ,        , J205155.4-325126, 20:51:55.4400, -32:51:25.200, UCAC2  18078006            , 312.98105756947996  , -32.85741080965    ,      0.0176,      0.0129,            90, O             , 2020yCat.1350....0G, 12.729000091552734,  9.687999725341797 , 11.668000221252441,  9.104999542236328 , 11.48900032043457 , 10.649999618530273,  ,  9.012999534606934 , 3.883   , -13.28  ,    0.437 , s         , A       , *    ,            ,        , 
True ,        , J205319.4-244456, 20:53:19.4400, -24:44:56.400, UCAC2  21897294            , 313.33102280649     , -24.749145449789996,      0.0194,      0.0113,            90, O             , 2020yCat.1350....0G,                   ,  9.868000030517578 ,                   ,  9.371999740600586 , 11.574999809265137, 10.680000305175781,  ,  9.251999855041504 , 2.486   , -9.315  ,    0.2615, s         , A       , *    ,            ,        , 
True ,        , J205440.3-053500, 20:54:40.3200, -05:35:02.400, TYC 5187-193-1             , 313.66800541603     , -5.583692228530001 ,      0.0131,      0.0072,            90, O             , 2020yCat.1350....0G, 12.229999542236328,  9.508000373840332 , 11.09000015258789 ,  8.991999626159668 ,                   ,                   ,  ,  8.892999649047852 , 3.33    , -3.005  ,    0.2271, s         , A       , Pe*  ,            ,        , 
True ,        , J205515.5-403414, 20:55:15.6000, -40:34:15.600, HD 198954                  , 313.81481852569     , -40.57056853196    ,      0.0454,      0.0338,            90, O             , 2020yCat.1350....0G,  9.75             ,  7.2170000076293945,  8.859999656677246,  6.699999809265137 ,                   ,                   ,  ,  6.580999851226807 , 49.834  , -23.446 ,    2.7032, s         , C       , SB*  , G5III/IV   , D      , 1978MSS...C02....0H
True ,        , J210038.2-053916, 21:00:38.1600, -05:39:18.000, TYC 5204-805-1             , 315.15935818026     , -5.65475634541     ,      0.0119,      0.0081,            90, O             , 2020yCat.1350....0G, 11.510000228881836,  9.119999885559082 , 10.819999694824219,  8.711000442504883 ,                   ,                   ,  ,  8.541999816894531 , -5.605  , -18.349 ,    0.6237, s         , A       , Pe*  ,            ,        , 
True ,        , J210634.7-495749, 21:06:34.8000, -49:57:50.400, HD 200654                  , 316.64479718936167  , -49.963966746666664,      0.0111,      0.009 ,            90, O             , 2020yCat.1350....0G,  9.739999771118164,  7.6479997634887695,  9.100000381469727,  7.251999855041504 ,                   ,                   ,  ,  7.1539998054504395, 193.953 , -274.04 ,    3.6212, s         , A       , Pe*  , CEMP       , C      , 2018AJ....155..256P
True ,        , J211103.7-071250, 21:11:03.8400, -07:12:50.400, TYC 5205-359-1             , 317.76570978537     , -7.21421953479     ,      0.0129,      0.0109,            90, O             , 2020yCat.1350....0G, 12.84000015258789 ,  9.781000137329102 , 11.670000076293945,  9.107999801635742 ,                   ,                   ,  ,  8.994000434875488 , -11.101 , -1.853  ,    0.2187, s         , A       , Pe*  ,            ,        , 
True ,        , J212558.5-265657, 21:25:58.5600, -26:56:56.400, TYC 6946-579-1             , 321.49395597379     , -26.94929253652    ,      0.0145,      0.0107,            90, O             , 2020yCat.1350....0G, 12.210000038146973,  9.180000305175781 , 10.899999618530273,  8.57699966430664  ,                   ,                   ,  ,  8.468000411987305 , 6.827   , -3.864  ,    0.4368, s         , A       , *    ,            ,        , 
True ,        , J213539.2-152631, 21:35:39.3600, -15:26:31.200, TYC 6361-708-1             , 323.91372118233     , -15.441984026709997,      0.0172,      0.0129,            90, O             , 2020yCat.1350....0G, 12.619000434875488,  9.347000122070312 , 11.4350004196167  ,  8.642000198364258 , 11.182999610900879,                   ,  ,  8.579000473022461 , 8.819   , -6.725  ,    0.0949, s         , A       , Pe*  ,            ,        , 
True ,        , J213932.9-071932, 21:39:32.8800, -07:19:33.600, BD-07  5610                , 324.8871329907299   , -7.325826435040001 ,      0.0192,      0.018 ,            90, O             , 2020yCat.1350....0G, 10.954000473022461,  8.932000160217285 , 10.28499984741211 ,  8.586000442504883 ,                   ,                   ,  ,  8.48799991607666  , 9.697   , -28.743 ,    1.2837, s         , A       , Pe*  ,            ,        , 
True ,        , J214348.9-162137, 21:43:48.9600, -16:21:39.600, TYC 6362-1006-1            , 325.95410017064     , -16.36055038639    ,      0.0127,      0.0105,            90, O             , 2020yCat.1350....0G, 12.140000343322754,  9.444000244140625 , 11.140000343322754,  8.916000366210938 ,                   ,                   ,  ,  8.795999526977539 , 0.75    , -12.591 ,    0.3791, s         , A       , *    ,            ,        , 
True ,        , J214939.2-424202, 21:49:39.3600, -42:42:03.600, TYC 7989-722-1             , 327.41367900829994  , -42.70080778486    ,      0.0107,      0.0079,            90, O             , 2020yCat.1350....0G, 11.645000457763672,  8.649999618530273 , 10.574999809265137,  8.052000045776367 ,                   ,                   ,  ,  7.922999858856201 , -8.742  , 1.033   ,    0.4769, s         , A       , *    ,            ,        , 
True ,        , J215707.2-353949, 21:57:07.2000, -35:39:50.400, CD-36 15107                , 329.28024159858995  , -35.66386298019    ,      0.0119,      0.0091,            90, O             , 2020yCat.1350....0G, 11.510000228881836,  9.864999771118164 , 10.819999694824219,  9.598999977111816 ,                   ,                   ,  ,  9.520000457763672 , -64.785 , -148.702,    3.6964, s         , A       , PM*  , F5         , E      , 1955AnCap..18....0J
True ,        , J220103.9-033641, 22:01:03.8400, -03:36:39.600, TYC 5227-484-1             , 330.26633349152     , -3.6115597079599997,      0.0178,      0.0178,            90, O             , 2020yCat.1350....0G, 11.663999557495117, 10.079000473022461 , 11.090999603271484,  9.791999816894531 ,                   ,                   ,  ,  9.748000144958496 , 42.906  , 10.409  ,    4.7694, s         , A       , *    ,            ,        , 
True ,        , J220119.1-542301, 22:01:19.2000, -54:23:02.400, TYC 8813-197-1             , 330.32988900855     , -54.38362553494    ,      0.0083,      0.0082,            90, O             , 2020yCat.1350....0G, 11.619999885559082,  9.220999717712402 , 10.739999771118164,  8.781000137329102 ,                   ,                   ,  ,  8.668999671936035 , 23.474  , -17.201 ,    0.9007, s         , A       , *    ,            ,        , 
True ,        , J220149.1-320337, 22:01:49.2000, -32:03:39.600, HD 209137                  , 330.45479450556     , -32.06059032469    ,      0.0134,      0.0112,            90, O             , 2020yCat.1350....0G,  9.645999908447266,  8.394000053405762 ,  9.210000038146973,  8.1899995803833   ,                   ,                   ,  ,  8.140999794006348 , -8.502  , 28.522  ,    7.2331, s         , A       , *    , F2V        , C      , 1982MSS...C03....0H
True ,        , J220157.5-444950, 22:01:57.6000, -44:49:51.600, TYC 8001-1589-1            , 330.48996331738     , -44.83059910073    ,      0.0108,      0.008 ,            90, O             , 2020yCat.1350....0G, 12.04699993133545 ,  9.227999687194824 , 11.090999603271484,  8.60200023651123  ,                   ,                   ,  ,  8.467000007629395 , 3.815   , -6.802  ,    0.338 , s         , A       , *    ,            ,        , 
True ,        , J220211.8-441701, 22:02:11.7600, -44:17:02.400, UCAC4 229-190249           , 330.54918109804     , -44.28378945634    ,      0.0098,      0.01  ,            90, O             , 2020yCat.1350....0G, 12.6850004196167  , 10.668999671936035 , 12.09000015258789 , 10.282999992370605 , 12.053999900817871,                   ,  , 10.17300033569336  , -18.082 , -44.064 ,    0.8698, s         , A       , Pe*  ,            ,        , 
True ,        , J220403.6-402918, 22:04:03.6000, -40:29:20.400, CD-41 14740                , 331.01506576929     , -40.48859638351    ,      0.0127,      0.0117,            90, O             , 2020yCat.1350....0G, 11.819999694824219,  9.720999717712402 , 11.260000228881836,  9.272000312805176 ,                   ,                   ,  ,  9.213000297546387 , 57.502  , -8.835  ,    1.0121, s         , A       , Pe*  , G          , E      , 2014yCat....1.2023S
True ,        , J222235.9-013827, 22:22:36.0000, -01:38:27.600, BPS CS 29502-0092          , 335.64999255766     , -1.6410056968200002,      0.0158,      0.0151,            90, O             , 2020yCat.1350....0G, 12.640000343322754, 10.177000045776367 , 11.869999885559082,  9.713000297546387 , 11.364999771118164, 10.862000465393066,  ,  9.60099983215332  , 12.567  , -67.639 ,    0.757 , s         , A       , Pe*  , CEMP-no    , C      , 2019A&A...623A.128H
True ,        , J223203.2-213556, 22:32:03.3600, -21:35:56.400, HD 213487                  , 338.0137724971      , -21.599075742740002,      0.0145,      0.0141,            90, O             , 2020yCat.1350....0G, 10.720000267028809,  8.265000343322754 ,  9.857999801635742,  7.7829999923706055,  9.380000114440918,  9.020000457763672,  ,  7.695000171661377 , 4.952   , -4.671  ,    1.5165, s         , A       , *    , G8IV       , C      , 1988MSS...C04....0H
True ,        , J224923.5-213029, 22:49:23.5200, -21:30:28.800, TYC 6393-564-1             , 342.3482728496799   , -21.50820341629    ,      0.0122,      0.0117,            90, O             , 2020yCat.1350....0G, 12.979999542236328, 10.598999977111816 , 12.539999961853027, 10.16100025177002  ,                   ,                   ,  , 10.0600004196167   , 12.781  , -7.801  ,    0.6258, s         , C       , Pe*  ,            ,        , 
True ,        , J225822.1-530715, 22:58:22.3200, -53:07:15.600, HD 217007                  , 344.59262790507995  , -53.12105090507    ,      0.0077,      0.0084,            90, O             , 2020yCat.1350....0G, 11.0              ,  8.27400016784668  , 10.050000190734863,  7.693999767303467 ,                   ,                   ,  ,  7.60699987411499  , 18.7    , -5.819  ,    1.1841, s         , A       , *    , G8/K0III   , D      , 1975MSS...C01....0H
True ,        , J225939.5-130249, 22:59:39.6000, -13:02:49.200, TYC 5826-262-1             , 344.91473454976     , -13.047226242840003,      0.0126,      0.014 ,            90, O             , 2020yCat.1350....0G, 11.496999740600586,  8.133000373840332 , 10.333000183105469,  7.505000114440918 ,                   ,                   ,  ,  7.370999813079834 , 5.138   , -5.027  ,    0.3447, s         , A       , *    ,            ,        , 
True ,        , J230028.8-284922, 23:00:28.8000, -28:49:22.800, TYC 6977-302-1             , 345.12021763596     , -28.823017922719995,      0.0145,      0.0122,            90, O             , 2020yCat.1350....0G, 12.079999923706055,  9.980999946594238 , 11.970000267028809,  9.515999794006348 ,                   ,                   ,  ,  9.425000190734863 , 13.149  , -4.484  ,    0.4058, s         , A       , *    ,            ,        , 
True ,        , J230222.8-683323, 23:02:22.8000, -68:33:21.600, TYC 9338-874-1             , 345.59539494805     , -68.55648628627    ,      0.0106,      0.0123,            90, O             , 2020yCat.1350....0G, 12.276000022888184, 10.090999603271484 , 11.592000007629395,  9.678999900817871 ,                   ,                   ,  ,  9.588000297546387 , 30.83   , -20.54  ,    0.8993, s         , A       , Pe*  ,            ,        , 
True ,        , J230955.6-142048, 23:09:55.6800, -14:20:49.200, 2MASS J23095566-1420482    , 347.48194465635     , -14.346751867170001,      0.0131,      0.0122,            90, O             , 2020yCat.1350....0G, 13.86299991607666 ,  9.467000007629395 , 12.211999893188477,  8.803999900817871 , 11.75100040435791 ,                   ,  ,  8.616999626159668 , -2.128  , -8.195  ,    0.1182, s         , A       , LP?  ,            ,        , 
True ,        , J231348.3-172808, 23:13:48.4800, -17:28:08.400, BD-18  6272                , 348.45160549613     , -17.4691397072     ,      0.0136,      0.0105,            90, O             , 2020yCat.1350....0G, 11.506999969482422,  8.809000015258789 , 10.590999603271484,  8.295999526977539 ,                   ,                   ,  ,  8.184000015258789 , -4.927  , -15.527 ,    0.4657, s         , A       , *    ,            ,        , 
True ,        , J232143.5-492914, 23:21:43.6800, -49:29:16.800, HD 220127                  , 350.4316150821342   , -49.4875315871825  ,      0.0078,      0.0085,            90, O             , 2020yCat.1350....0G, 10.8100004196167  ,  8.690999984741211 , 10.40999984741211 ,  8.276000022888184 ,                   ,                   ,  ,  8.190999984741211 , 210.17  , -289.131,    2.6811, s         , A       , Pe*  , G3/5       , E      , 1978MSS...C02....0H
True ,        , J234945.3-431707, 23:49:45.3600, -43:17:06.000, CD-43 15514                , 357.4389957706699   , -43.28548908546    ,      0.0113,      0.0111,            90, O             , 2020yCat.1350....0G, 11.279999732971191,  7.769000053405762 , 10.029999732971191,  7.171000003814697 ,                   ,                   ,  ,  6.989999771118164 , -1.124  , -12.752 ,    0.2982, s         , B       , LP*  ,            ,        , 
True ,        , J235210.2-534929, 23:52:10.3200, -53:49:30.000, TYC 8833-786-1             , 358.04301799445     , -53.82479406366    ,      0.0107,      0.0125,            90, O             , 2020yCat.1350....0G, 12.489999771118164,  9.503999710083008 , 11.600000381469727,  8.89900016784668  ,                   ,                   ,  ,  8.770999908447266 , 7.641   , -3.747  ,    0.1758, s         , B       , Pe*  ,            ,        , 
True ,        , J235221.1-270333, 23:52:21.1200, -27:03:32.400, HD 223750                  , 358.08796030585     , -27.05938218702    ,      0.0138,      0.0107,            90, O             , 2020yCat.1350....0G, 10.043000221252441,  8.442000389099121 ,  9.538000106811523,  8.196000099182129 ,                   ,                   ,  ,  8.130999565124512 , 44.365  , 36.213  ,    6.098 , s         , A       , PM*  , F6V        , C      , 1982MSS...C03....0H
True ,        , T4683_01164_1   , 01:02:06.2400, -06:24:36.000, BD-07   163                ,  15.525733368429998 , -6.410109490919998 ,      0.0187,      0.0106,            90, O             , 2020yCat.1350....0G, 11.302000045776367,  8.994999885559082 , 10.496999740600586,  8.565999984741211 ,  9.960000038146973,  9.664999961853027,  ,  8.52400016784668  , 87.424  , -0.727  ,    1.2999, s         , A       , PM*  ,            ,        , 
True ,        , T4687_02037_1   , 01:39:12.4800, -06:11:02.400, BD-06   309                ,  24.801796761399995 , -6.1837375542899995,      0.0166,      0.0123,            90, O             , 2020yCat.1350....0G, 11.168000221252441,  9.77400016784668  , 10.711000442504883,  9.50100040435791  , 10.149999618530273, 10.13700008392334 ,  ,  9.489999771118164 , -10.253 , 26.938  ,    3.0854, s         , B       , *    ,            ,        , 
True ,        , T4701_00802_1   , 02:39:02.8800, -04:29:16.800, BD-05   496                ,  39.76207227398     , -4.487835974550001 ,      0.0189,      0.0211,            90, O             , 2020yCat.1350....0G, 11.04699993133545 ,  8.406000137329102 , 10.118000030517578,  7.9029998779296875,  9.640000343322754,  9.208999633789062,  ,  7.828999996185303 , 19.362  , -10.067 ,    2.0526, s         , A       , *    ,            ,        , 
True ,        , T4944_01332_1   , 12:25:04.3200, -04:02:34.800, BD-03  3281                , 186.26801465178     , -4.04271368173     ,      0.0164,      0.0099,            90, O             , 2020yCat.1350....0G, 11.147000312805176,  8.041999816894531 , 10.060999870300293,  7.439000129699707 ,  9.569999694824219,  8.97700023651123 ,  ,  7.309999942779541 , 2.011   , 1.303   ,    0.6246, s         , A       , *    , G8         , D      , 
True ,        , T4954_00606_1   , 12:36:12.9600, -06:24:50.400, HD 109631                  , 189.05389508026     , -6.4137054545100005,      0.013 ,      0.0068,            90, O             , 2020yCat.1350....0G, 10.779999732971191,  8.628000259399414 , 10.02400016784668 ,  8.253000259399414 ,  9.699999809265137,  9.215999603271484,  ,  8.157999992370605 , -51.743 , -51.564 ,    1.4525, s         , A       , PM*  , G3V        , C      , 1999MSS...C05....0H
True ,        , T4956_00959_1   , 12:59:06.2400, -07:19:22.800, TYC 4956-959-1             , 194.77561999397997  , -7.323139473759999 ,      0.021 ,      0.0146,            90, O             , 2020yCat.1350....0G, 11.039999961853027,  8.361000061035156 , 10.09000015258789 ,  7.854000091552734 ,  9.779999732971191,                   ,  ,  7.723999977111816 , 10.768  , -30.794 ,    1.4861, s         , A       , *    ,            ,        , 
True ,        , T4968_00858_1   , 13:55:24.2400, -02:07:19.200, TYC 4968-858-1             , 208.85136707058996  , -2.1223010359699996,      0.0197,      0.0136,            90, O             , 2020yCat.1350....0G, 11.805999755859375,  9.081999778747559 , 11.170000076293945,  8.52299976348877  , 10.760000228881836, 12.093999862670898,  ,  8.416000366210938 , -26.773 , 9.417   ,    0.5714, s         , A       , *    ,            ,        , 
True ,        , T4995_00333_1   , 14:52:38.6400, -03:54:14.400, TYC 4995-333-1             , 223.16134621513     , -3.90354050555     ,      0.0132,      0.0118,            90, O             , 2020yCat.1350....0G, 12.800000190734863,  9.847999572753906 , 11.430000305175781,  9.317999839782715 , 10.569999694824219, 10.409000396728516,  ,  9.246999740600586 , -3.487  , -7.23   ,    0.3407, s         , A       , Pe*  ,            ,        , 
True ,        , T5008_00508_1   , 15:05:05.2800, -03:50:38.400, BD-03  3720                , 226.27200789116     , -3.84429004496     ,      0.0134,      0.0141,            90, O             , 2020yCat.1350....0G, 11.229000091552734,  8.13599967956543  , 10.230999946594238,  7.545000076293945 ,  9.6899995803833  ,  9.090999603271484,  ,  7.488999843597412 , 8.621   , -9.431  ,    1.4693, s         , A       , *    ,            ,        , 
True ,        , T5008_00508_1   , 15:05:05.2800, -03:50:38.400, BD-03  3720                , 226.27200789116     , -3.84429004496     ,      0.0134,      0.0141,            90, O             , 2020yCat.1350....0G, 11.229000091552734,  8.13599967956543  , 10.230999946594238,  7.545000076293945 ,  9.6899995803833  ,  9.090999603271484,  ,  7.488999843597412 , 8.621   , -9.431  ,    1.4693, s         , A       , *    ,            ,        , 
True ,        , T5271_00001_1   , 00:37:43.2000, -12:04:40.800, BD-12   106                ,   9.430261217089999 , -12.07754839319    ,      0.0144,      0.0147,            90, O             , 2020yCat.1350....0G, 11.949000358581543,  9.428000450134277 , 11.145000457763672,  8.916000366210938 , 10.899999618530273, 10.137999534606934,  ,  8.821999549865723 , 8.964   , -15.334 ,    0.4652, s         , A       , Pe*  ,            ,        , 
True ,        , T5277_01245_1   , 01:43:29.5200, -08:24:36.000, BD-09   328                ,  25.8726562968575   , -8.410257743792222 ,      0.0231,      0.0186,            90, O             , 2020yCat.1350....0G, 10.513999938964844,  9.069000244140625 , 10.065999984741211,  8.789999961853027 ,  9.930000305175781,  9.562000274658203,  ,  8.751999855041504 , 275.976 , -168.999,    6.0275, s         , A       , PM*  ,            ,        , 
True ,        , T5295_00511_1   , 03:17:29.2800, -07:38:06.000, BD-08   619                ,  49.37211174629     , -7.635310622519999 ,      0.0213,      0.0183,            90, O             , 2020yCat.1350....0G, 10.156999588012695,  8.755000114440918 ,  9.682999610900879,  8.54800033569336  ,  9.520000457763672,  9.569999694824219,  ,  8.475000381469727 , -44.3   , 68.913  ,    8.2947, s         , A       , Em*  , F6         , E      , 2023ApJS..264...17Z
True ,        , T5310_00259_1   , 03:44:53.0400, -13:56:09.600, TYC 5310-259-1             ,  56.22091206938     , -13.936221175400002,      0.0114,      0.0105,            90, O             , 2020yCat.1350....0G, 12.375            ,  8.586000442504883 , 10.970999717712402,  7.879000186920166 , 10.720000267028809,                   ,  ,  7.781000137329102 , 2.516   , -15.014 ,    0.2445, s         , A       , *    ,            ,        , 
True ,        , T5311_00017_1   , 03:55:10.8000, -13:32:42.000, TYC 5311-17-1              ,  58.79460722693     , -13.54521396605    ,      0.0144,      0.0104,            90, O             , 2020yCat.1350....0G, 12.25100040435791 ,  9.805000305175781 , 11.411999702453613,  9.333000183105469 , 10.579999923706055, 10.508000373840332,  ,  9.23799991607666  , -2.587  , -8.843  ,    0.7741, s         , A       , *    ,            ,        , 
True ,        , T5481_00786_1   , 10:08:00.7200, -10:08:52.800, TYC 5481-786-1             , 152.00271937688     , -10.14784785218    ,      0.0154,      0.0175,            90, O             , 2020yCat.1350....0G, 11.770000457763672,  8.86299991607666  , 10.732999801635742,  8.385000228881836 , 10.210000038146973,  9.651000022888184,  ,  8.260000228881836 , -15.821 , 3.078   ,    0.4937, s         , A       , Pe*  , CEMP       , C      , 2018AJ....155..256P
True ,        , T5492_00011_1   , 10:34:08.6400, -09:24:21.600, BD-08  2952                , 158.53574442976     , -9.40559512308     ,      0.0162,      0.0161,            90, O             , 2020yCat.1350....0G, 11.168999671936035,  8.572999954223633 , 10.277999877929688,  8.074999809265137 ,  9.800000190734863,  9.348999977111816,  ,  7.968999862670898 , 5.529   , 0.187   ,    1.1963, s         , A       , *    ,            ,        , 
True ,        , T5495_00660_1   , 10:36:10.8000, -10:27:46.800, BD-09  3107                , 159.04479434759     , -10.46334244429    ,      0.0142,      0.0144,            90, O             , 2020yCat.1350....0G, 10.592000007629395,  9.152000427246094 , 10.112000465393066,  8.895000457763672 ,  9.850000381469727,  9.800999641418457,  ,  8.854999542236328 , -19.188 , -10.751 ,    4.0367, s         , A       , *    ,            ,        , 
True ,        , T5495_00660_1   , 10:36:10.8000, -10:27:46.800, BD-09  3107                , 159.04479434759     , -10.46334244429    ,      0.0142,      0.0144,            90, O             , 2020yCat.1350....0G, 10.592000007629395,  9.152000427246094 , 10.112000465393066,  8.895000457763672 ,  9.850000381469727,  9.800999641418457,  ,  8.854999542236328 , -19.188 , -10.751 ,    4.0367, s         , A       , *    ,            ,        , 
True ,        , T5496_00376_1   , 10:20:06.0000, -13:05:42.000, BD-12  3141                , 155.02478785552     , -13.09467692798    ,      0.0675,      0.0744,            90, O             , 2020yCat.1350....0G, 10.883000373840332,  8.229000091552734 , 10.050000190734863,  7.77400016784668  ,                   ,                   ,  ,  7.605999946594238 , -15.189 , 17.478  ,    1.629 , s         , A       , *    , K7         , D      , 
True ,        , T5499_00076_1   , 10:52:58.5600, -07:48:39.600, BD-07  3132                , 163.24394122564252  , -7.810645908796945 ,      0.0187,      0.0127,            90, O             , 2020yCat.1350....0G, 11.199999809265137,  9.689000129699707 , 10.84000015258789 ,  9.442999839782715 , 10.630000114440918, 10.152999877929688,  ,  9.394000053405762 , -38.5   , 3.423   ,    4.2006,           , A       , *    ,            ,        , 
True ,        , T5507_01406_1   , 11:06:36.2400, -13:58:37.200, BD-13  3301                , 166.65121552866     , -13.977051651140002,      0.0223,      0.0168,            90, O             , 2020yCat.1350....0G, 10.873000144958496,  9.557000160217285 , 10.446999549865723,  9.29800033569336  , 10.25             , 10.185999870300293,  ,  9.253000259399414 , -17.52  , -2.354  ,    4.8867, s         , A       , *    ,            ,        , 
True ,        , T5551_00318_1   , 13:35:48.7200, -14:53:24.000, BD-14  3751                , 203.95346257222997  , -14.88995608443    ,      0.015 ,      0.0149,            90, O             , 2020yCat.1350....0G, 11.071999549865723,  8.196000099182129 , 10.08899974822998 ,  7.671000003814697 , 10.060999870300293,                   ,  ,  7.480999946594238 , -17.728 , -7.373  ,    1.1901, s         , A       , RG*  ,            ,        , 
True ,        , T5552_00154_1   , 13:42:12.7200, -14:17:34.800, BD-13  3753                , 205.55255680399     , -14.29316004608    ,      0.0149,      0.0129,            90, O             , 2020yCat.1350....0G, 11.510000228881836,  7.936999797821045 , 10.248000144958496,  7.25              ,  9.550000190734863,  9.37399959564209 ,  ,  7.1479997634887695, -2.89   , -18.655 ,    0.3795, s         , A       , Pe*  ,            ,        , 
True ,        , T5762_00685_1   , 20:27:46.8000, -12:55:48.000, TYC 5762-685-1             , 306.94478557131     , -12.930441855830002,      0.019 ,      0.0149,            90, O             , 2020yCat.1350....0G, 11.595999717712402,  9.039999961853027 , 10.73799991607666 ,  8.520999908447266 , 10.300000190734863,  9.784000396728516,  ,  8.430999755859375 , 2.052   , -9.574  ,    1.7197, s         , A       , *    ,            ,        , 
True ,        , T5762_00685_1   , 20:27:46.8000, -12:55:48.000, TYC 5762-685-1             , 306.94478557131     , -12.930441855830002,      0.019 ,      0.0149,            90, O             , 2020yCat.1350....0G, 11.595999717712402,  9.039999961853027 , 10.73799991607666 ,  8.520999908447266 , 10.300000190734863,  9.784000396728516,  ,  8.430999755859375 , 2.052   , -9.574  ,    1.7197, s         , A       , *    ,            ,        , 
True ,        , T5789_00559_1   , 21:54:12.7200, -08:12:07.200, TYC 5789-559-1             , 328.55341096226     , -8.202179346749999 ,      0.0156,      0.0132,            90, O             , 2020yCat.1350....0G, 12.322999954223633,  9.083000183105469 , 11.194999694824219,  8.460000038146973 , 10.359999656677246, 12.093000411987305,  ,  8.263999938964844 , 9.059   , -11.793 ,    0.4014, s         , A       , *    ,            ,        , 
True ,        , T5789_00559_1   , 21:54:12.7200, -08:12:07.200, TYC 5789-559-1             , 328.55341096226     , -8.202179346749999 ,      0.0156,      0.0132,            90, O             , 2020yCat.1350....0G, 12.322999954223633,  9.083000183105469 , 11.194999694824219,  8.460000038146973 , 10.359999656677246, 12.093000411987305,  ,  8.263999938964844 , 9.059   , -11.793 ,    0.4014, s         , A       , *    ,            ,        , 
True ,        , T5843_00314_1   , 00:23:38.4000, -17:39:10.800, BD-18    48                ,   5.909899168739999 , -17.652872727010003,      0.0144,      0.0107,            90, O             , 2020yCat.1350....0G, 11.460000038146973,  8.810999870300293 , 10.567000389099121,  8.269000053405762 , 10.199999809265137,  9.574999809265137,  ,  8.189000129699707 , -5.127  , -17.15  ,    0.6071, s         , A       , *    ,            ,        , 
True ,        , T5866_00288_1   , 02:47:50.6400, -18:16:37.200, HD  17492                  ,  41.96114154415     , -18.27690084509    ,      0.0126,      0.0138,            90, O             , 2020yCat.1350....0G, 10.189000129699707,  8.770000457763672 ,  9.859999656677246,  8.49899959564209  ,  9.479999542236328,  9.517999649047852,  ,  8.503000259399414 , -9.141  , 54.191  ,    8.0546, s         , A       , PM*  , F5V        , C      , 1988MSS...C04....0H
True ,        , T5875_00738_1   , 03:15:40.5600, -19:03:21.600, BD-19   637                ,  48.91928177887     , -19.056312484840003,      0.01  ,      0.0108,            90, O             , 2020yCat.1350....0G, 11.449000358581543,  8.180999755859375 , 10.265999794006348,  7.546000003814697 ,  9.619999885559082,  9.038000106811523,  ,  7.374000072479248 , -1.981  , -8.315  ,    0.5507, s         , A       , *    ,            ,        , 
True ,        , T5911_00452_1   , 04:53:22.5600, -22:10:40.800, TYC 5911-452-1             ,  73.3443609611      , -22.17762715876    ,      0.0089,      0.0122,            90, O             , 2020yCat.1350....0G, 11.050000190734863,  9.831999778747559 , 10.65999984741211 ,  9.574999809265137 , 10.430000305175781,                   ,  ,  9.472999572753906 , 51.79   , -141.812,    5.2135, s         , A       , Pe*  , CEMP       , C      , 2018AJ....155..256P
True ,        , T6090_00859_1   , 11:15:22.3200, -22:24:03.600, HD  97878                  , 168.84319272337     , -22.40098945701    ,      0.0953,      0.0907,            90, O             , 2020yCat.1350....0G, 10.392000198364258,  8.902000427246094 ,  9.944000244140625,  8.640999794006348 ,  9.520000457763672,                   ,  ,  8.57699966430664  , -34.321 , 23.118  ,    6.1071, s         , A       , SB*  , G2/3wA/F0  , E      , 1988MSS...C04....0H
True ,        , T6092_00035_1   , 11:38:32.4000, -20:08:49.200, BD-19  3314                , 174.63464568652     , -20.146672207729996,      0.0143,      0.0104,            90, O             , 2020yCat.1350....0G, 11.22700023651123 ,  9.769000053405762 , 10.756999969482422,  9.555999755859375 , 10.5              , 10.190999984741211,  ,  9.467000007629395 , -12.159 , 14.128  ,    4.4032, s         , A       , *    ,            ,        , 
True ,        , T6092_00035_1   , 11:38:32.4000, -20:08:49.200, BD-19  3314                , 174.63464568652     , -20.146672207729996,      0.0143,      0.0104,            90, O             , 2020yCat.1350....0G, 11.22700023651123 ,  9.769000053405762 , 10.756999969482422,  9.555999755859375 , 10.5              , 10.190999984741211,  ,  9.467000007629395 , -12.159 , 14.128  ,    4.4032, s         , A       , *    ,            ,        , 
True ,        , T6105_00098_1   , 12:25:28.0800, -18:55:51.600, TYC 6105-98-1              , 186.36713840598     , -18.93067341624    ,      0.0182,      0.014 ,            90, O             , 2020yCat.1350....0G, 12.392000198364258,  9.303999900817871 , 11.310999870300293,  8.642000198364258 , 10.529999732971191, 10.121000289916992,  ,  8.5600004196167   , -11.696 , -14.38  ,    0.5971, s         , A       , *    ,            ,        , 
True ,        , T6117_01347_1   , 12:50:49.9200, -21:12:46.800, TYC 6117-1347-1            , 192.70755413749     , -21.21285791018    ,      0.0325,      0.0257,            90, O             , 2020yCat.1350....0G, 11.961000442504883,  9.51099967956543  , 10.819999694824219,  9.052000045776367 , 10.239999771118164, 10.17300033569336 ,  ,  8.937999725341797 , -22.321 , 5.545   ,    0.7275, s         , A       , *    ,            ,        , 
True ,        , T6122_00253_1   , 13:36:09.8400, -15:36:39.600, BD-14  3753                , 204.04054046981     , -15.611475994679996,      0.0871,      0.0959,            90, O             , 2020yCat.1350....0G, 10.913000106811523,  9.404000282287598 , 10.458000183105469,  9.177000045776367 , 10.09000015258789 ,                   ,  ,  9.055000305175781 , -15.981 , -10.064 ,    3.6893, s         , A       , *    ,            ,        , 
True ,        , T6141_00148_1   , 14:04:41.2800, -18:06:54.000, BD-17  3995                , 211.17222570835     , -18.11464637886    ,      0.0393,      0.0293,            90, O             , 2020yCat.1350....0G, 10.869999885559082,  9.163999557495117 , 10.335000038146973,  8.791999816894531 ,  9.890000343322754,  9.756999969482422,  ,  8.717000007629395 , -119.378, -6.738  ,    6.8005, s         , A       , SB*  ,            ,        , 
True ,        , T6170_00280_1   , 15:15:52.8000, -15:40:22.800, TYC 6170-280-1             , 228.96954056483997  , -15.67304671271    ,      0.0766,      0.0993,            90, O             , 2020yCat.1350....0G, 10.838000297546387,  9.317000389099121 , 10.34000015258789 ,  9.0600004196167   , 10.010000228881836,  9.694000244140625,  ,  8.967000007629395 , 6.422   , -16.403 ,    3.845 , s         , A       , *    ,            ,        , 
True ,        , T6333_00173_1   , 20:25:37.2000, -17:43:58.800, BD-18  5677                , 306.40469421758996  , -17.732914750479996,      0.017 ,      0.012 ,            90, O             , 2020yCat.1350....0G, 10.847000122070312,  9.29800033569336  , 10.333999633789062,  9.017999649047852 ,                   ,                   ,  ,  8.977999687194824 , -34.543 , -44.145 ,    4.4114, s         , A       , PM*  , F8         , D      , 
True ,        , T6333_01571_1   , 20:31:05.5200, -18:17:20.400, HD 195316                  , 307.77253868283     , -18.28946336441    ,      0.0146,      0.0098,            90, O             , 2020yCat.1350....0G, 10.501999855041504,  8.809000015258789 ,  9.949999809265137,  8.593000411987305 ,                   ,                   ,  ,  8.484000205993652 , 26.95   , -26.429 ,    6.6896, s         , A       , *    , F6V        , C      , 1988MSS...C04....0H
True ,        , T6338_00797_1   , 20:36:06.4800, -18:57:10.800, TYC 6338-797-1             , 309.02667032837     , -18.9530848465     ,      0.0119,      0.0084,            90, O             , 2020yCat.1350....0G, 12.229999542236328,  8.859999656677246 , 11.220000267028809,  8.211000442504883 , 10.609999656677246,  9.833999633789062,  ,  8.036999702453613 , -1.757  , -11.012 ,    0.2399, s         , A       , *    ,            ,        , 
True ,        , T6340_00478_1   , 20:20:01.9200, -22:07:30.000, BD-22  5393                , 305.0081677449999   , -22.124853419239997,      0.108 ,      0.0711,            90, O             , 2020yCat.1350....0G, 10.711999893188477,  8.78499984741211  , 10.04699993133545 ,  8.460000038146973 ,  9.880000114440918,  9.362000465393066,  ,  8.366999626159668 , 72.359  , 10.953  ,    5.9227, s         , A       , SB*  ,            ,        , 
True ,        , T6412_00004_1   , 00:10:20.6400, -22:46:08.400, HD    606                  ,   2.58569904298     , -22.769168635609997,      0.0154,      0.0133,            90, O             , 2020yCat.1350....0G, 10.244999885559082,  8.84000015258789  ,  9.767999649047852,  8.586000442504883 ,                   ,                   ,  ,  8.538999557495117 , -8.937  , 6.495   ,    4.4436, s         , A       , *    , F3V        , C      , 1988MSS...C04....0H
True ,        , T6444_00154_1   , 03:05:24.2400, -28:57:39.600, CD-29  1141                ,  46.35087542547999  , -28.960896898869997,      0.0069,      0.0102,            90, O             , 2020yCat.1350....0G, 10.932000160217285,  8.572999954223633 , 10.152999877929688,  8.083999633789062 ,  9.550000190734863,  9.154000282287598,  ,  8.006999969482422 , -17.178 , -76.074 ,    2.4443, s         , A       , PM*  ,            ,        , 
True ,        , T6501_01104_1   , 05:42:59.2800, -29:56:09.600, CD-30  2575                ,  85.74705745594     , -29.935600854180002,      0.0063,      0.0083,            90, O             , 2020yCat.1350....0G, 11.595000267028809,  9.312000274658203 , 10.842000007629395,  8.890000343322754 , 10.399999618530273,                   ,  ,  8.732000350952148 , 29.011  , 11.344  ,    1.0529, s         , A       , *    ,            ,        , 
True ,        , T6640_00549_1   , 11:04:46.8000, -24:34:22.800, CD-23  9718                , 166.19543994751     , -24.572714155779998,      0.0153,      0.0169,            90, O             , 2020yCat.1350....0G, 10.491000175476074,  9.170000076293945 , 10.093999862670898,  8.925999641418457 ,  9.770000457763672,                   ,  ,  8.838000297546387 , -33.114 , 15.471  ,    5.7379, s         , A       , *    ,            ,        , 
True ,        , T6642_00874_1   , 10:47:00.9600, -27:06:39.600, TYC 6642-874-1             , 161.75421200407     , -27.111047181560004,      0.0147,      0.0145,            90, O             , 2020yCat.1350....0G, 11.90999984741211 ,  9.130999565124512 , 11.119999885559082,  8.559000015258789 , 10.6899995803833  ,  9.899999618530273,  ,  8.416999816894531 , -18.041 , -2.194  ,    1.4749, s         , C       , *    ,            ,        , 
True ,        , T6695_00459_1   , 12:33:59.7600, -29:44:06.000, TYC 6695-459-1             , 188.49921393439     , -29.734502264250004,      0.0166,      0.0136,            90, O             , 2020yCat.1350....0G, 12.022000312805176,  9.548999786376953 , 11.204000473022461,  9.041999816894531 , 10.729999542236328,                   ,  ,  8.965999603271484 , -25.346 , 4.251   ,    0.4754, s         , A       , Pe*  ,            ,        , 
True ,        , T6703_00690_1   , 13:14:34.0800, -26:06:57.600, CD-25  9687A               , 198.64216564583333  , -26.116164205555556,     32.0   ,     29.0   ,            90, O             , 2002A&A...384..180F, 11.34000015258789 ,                    , 10.729999542236328,                    ,                   ,                   ,  ,                    , -76.0   , 44.6    ,          ,           ,         , PM*  ,            ,        , 
True ,        , T6709_00331_1   , 12:54:11.0400, -28:49:48.000, TYC 6709-331-1             , 193.54626344779996  , -28.83014605045    ,      0.0189,      0.0124,            90, O             , 2020yCat.1350....0G, 12.609999656677246,  9.22599983215332  , 11.392000198364258,  8.616000175476074 ,                   ,                   ,  ,  8.4350004196167   , -5.307  , -2.069  ,    0.2526, s         , A       , *    ,            ,        , 
True ,        , T6709_00331_1   , 12:54:11.0400, -28:49:48.000, TYC 6709-331-1             , 193.54626344779996  , -28.83014605045    ,      0.0189,      0.0124,            90, O             , 2020yCat.1350....0G, 12.609999656677246,  9.22599983215332  , 11.392000198364258,  8.616000175476074 ,                   ,                   ,  ,  8.4350004196167   , -5.307  , -2.069  ,    0.2526, s         , A       , *    ,            ,        , 
True ,        , T6718_00241_1   , 13:37:25.2000, -25:12:50.400, TYC 6718-241-1             , 204.3546640495      , -25.21413870969    ,      0.0139,      0.0119,            90, O             , 2020yCat.1350....0G, 12.189000129699707,  9.779999732971191 , 11.404000282287598,  9.32699966430664  , 10.850000381469727,                   ,  ,  9.253999710083008 , -5.261  , -8.293  ,    0.7306, s         , A       , *    ,            ,        , 
True ,        , T6757_00705_1   , 14:37:03.1200, -29:09:07.200, TYC 6757-705-1             , 219.26308784823     , -29.152304736120005,      0.0152,      0.0136,            90, O             , 2020yCat.1350....0G, 12.918999671936035,  9.140999794006348 , 11.53600025177002 ,  8.468999862670898 , 11.020000457763672,                   ,  ,  8.27400016784668  , -13.021 , -1.961  ,    0.2436, s         , A       , *    ,            ,        , 
True ,        , T6904_00180_1   , 20:04:49.4400, -28:16:26.400, HD 190178                  , 301.2061305975      , -28.27365179461    ,      0.0495,      0.0404,            90, O             , 2020yCat.1350....0G, 10.020000457763672,  8.416000366210938 ,  9.619999885559082,  8.142999649047852 ,  9.260000228881836,  9.284000396728516,  ,  8.074000358581543 , -0.326  , 45.039  ,    5.1766, s         , A       , Pe*  , F3V        , C      , 1982MSS...C03....0H
True ,        , T6904_00180_1   , 20:04:49.4400, -28:16:26.400, HD 190178                  , 301.2061305975      , -28.27365179461    ,      0.0495,      0.0404,            90, O             , 2020yCat.1350....0G, 10.020000457763672,  8.416000366210938 ,  9.619999885559082,  8.142999649047852 ,  9.260000228881836,  9.284000396728516,  ,  8.074000358581543 , -0.326  , 45.039  ,    5.1766, s         , A       , Pe*  , F3V        , C      , 1982MSS...C03....0H
True ,        , T6909_00633_1   , 20:08:25.9200, -25:30:18.000, CD-25 14568                , 302.10799964696     , -25.50506706944    ,      0.0152,      0.0119,            90, O             , 2020yCat.1350....0G, 10.557999610900879,  8.904999732971191 , 10.038999557495117,  8.600000381469727 ,                   ,                   ,  ,  8.543000221252441 , 12.006  , -164.423,    8.2028, s         , A       , PM*  ,            ,        , 
True ,        , T6909_01741_1   , 20:13:15.8400, -24:58:22.800, CD-25 14621                , 303.31624224857     , -24.97272521144    ,      0.014 ,      0.0098,            90, O             , 2020yCat.1350....0G, 10.949999809265137,  8.07800006866455  , 10.050000190734863,  7.605000019073486 ,  9.510000228881836,                   ,  ,  7.443999767303467 , -2.521  , -11.862 ,    1.9061, s         , A       , *    ,            ,        , 
True ,        , T6913_00155_1   , 20:08:00.7200, -27:59:27.600, CD-28 16430                , 302.00346974421     , -27.990691582050005,      0.0135,      0.0095,            90, O             , 2020yCat.1350....0G, 12.208000183105469,  8.517000198364258 , 10.897000312805176,  7.8429999351501465, 10.079999923706055,  9.786999702453613,  ,  7.703000068664551 , 1.991   , -15.136 ,    0.2783, s         , A       , Pe*  ,            ,        , 
True ,        , T6953_00510_1   , 21:51:52.5600, -22:56:06.000, TYC 6953-510-1             , 327.96870257827     , -22.93491441649    ,      0.0241,      0.0248,            90, O             , 2020yCat.1350....0G, 11.859000205993652,  9.23900032043457  , 10.949999809265137,  8.706999778747559 , 10.710000038146973,                   ,  ,  8.590999603271484 , 3.514   , -4.054  ,    0.5274, s         , A       , *    ,            ,        , 
True ,        , T6975_00058_1   , 23:10:52.8000, -26:41:56.400, CD-27 16207                , 347.71985636814     , -26.698714800570002,      0.0209,      0.0149,            90, O             , 2020yCat.1350....0G, 11.01099967956543 ,  9.468999862670898 , 10.550000190734863,  9.197999954223633 , 10.279999732971191,  9.916999816894531,  ,  9.131999969482422 , -19.913 , 18.1    ,    3.4558, s         , A       , *    ,            ,        , 
True ,        , T6975_00904_1   , 23:05:50.6400, -25:57:21.600, CD-26 16470                , 346.46061963143     , -25.956196708129998,      0.0132,      0.0122,            90, O             , 2020yCat.1350....0G, 12.0600004196167  ,  9.479999542236328 , 11.15999984741211 ,  8.979000091552734 , 10.609999656677246, 10.229000091552734,  ,  8.892999649047852 , 2.32    , -7.278  ,    0.4709, s         , A       , Pe*  , Gwl        , E      , 1972POAN....2...59S
True ,        , T7217_00088_1   , 11:42:09.8400, -31:25:48.000, CD-30  9400                , 175.54108954456     , -31.43031030742    ,      0.015 ,      0.0139,            90, O             , 2020yCat.1350....0G, 12.46500015258789 ,  9.776000022888184 , 11.517000198364258,  9.25100040435791  , 10.960000038146973,                   ,  ,  9.135000228881836 , -5.297  , -7.12   ,    0.6193, s         , A       , *    , Gwl:       , E      , 1972POAN....2...59S
True ,        , T7222_00638_1   , 11:58:06.9600, -32:07:19.200, TYC 7222-638-1             , 179.52918130187     , -32.1222526415     ,      0.0148,      0.0119,            90, O             , 2020yCat.1350....0G, 12.571999549865723,  9.277999877929688 , 11.406000137329102,  8.656000137329102 , 11.130000114440918, 10.14799976348877 ,  ,  8.520999908447266 , -11.64  , -8.1    ,    0.3078, s         , A       , *    ,            ,        , 
True ,        , T7228_01050_1   , 11:37:57.8400, -35:39:43.200, CD-34  7589                , 174.49141896979     , -35.66212087761    ,      0.0109,      0.0079,            90, O             , 2020yCat.1350....0G, 11.994999885559082,  9.295000076293945 , 11.067999839782715,  8.718000411987305 , 10.729999542236328, 10.015000343322754,  ,  8.642000198364258 , 3.515   , -18.774 ,    0.6407, s         , A       , *    , Gwl        , E      , 1972POAN....2...59S
True ,        , T7232_00209_1   , 12:10:59.2800, -31:08:06.000, CD-30  9733                , 182.74730621342997  , -31.134834977420002,      0.0104,      0.009 ,            90, O             , 2020yCat.1350....0G, 11.954999923706055,  8.951000213623047 , 10.904999732971191,  8.348999977111816 , 10.020000457763672,  9.86400032043457 ,  ,  8.222000122070312 , -12.059 , -5.396  ,    0.8383, s         , A       , *    ,            ,        , 
True ,        , T7242_00198_1   , 12:28:45.8400, -33:56:52.800, CD-33  8433                , 187.190641555       , -33.94762277724    ,      0.0166,      0.0133,            90, O             , 2020yCat.1350....0G, 10.925999641418457,  8.755999565124512 , 10.246999740600586,  8.380000114440918 ,  9.710000038146973,  9.873000144958496,  ,  8.303999900817871 , 8.422   , 2.636   ,    1.3328, s         , A       , *    ,            ,        , 
True ,        , T7299_00506_1   , 14:25:34.0800, -33:01:08.400, TYC 7299-506-1             , 216.39156096124     , -33.019366128209995,      0.0351,      0.0308,            90, O             , 2020yCat.1350....0G, 11.845999717712402,  8.868000030517578 , 10.850000381469727,  8.251999855041504 , 10.140000343322754,                   ,  ,  8.17199993133545  , -11.364 , -16.197 ,    1.0178, s         , A       , *    ,            ,        , 
True ,        , T7464_00857_1   , 20:40:31.4400, -34:54:28.800, TYC 7464-857-1             , 310.13093326003997  , -34.90808503173    ,      0.012 ,      0.0076,            90, O             , 2020yCat.1350....0G, 12.486000061035156,  8.901000022888184 , 11.208000183105469,  8.1899995803833   , 10.229999542236328,  9.852999687194824,  ,  8.022000312805176 , -10.772 , -6.142  ,    0.5168, s         , A       , *    ,            ,        , 
True ,        , T7538_00271_1   , 00:46:23.5200, -44:46:51.600, CD-45   237                ,  11.59762311864     , -44.78124875062999 ,      0.0114,      0.0138,            90, O             , 2020yCat.1350....0G, 10.84000015258789 ,  9.380000114440918 , 10.302000045776367,  9.185999870300293 , 10.239999771118164,  9.850000381469727,  ,  9.119999885559082 , 37.182  , -8.378  ,    4.8034, s         , A       , *    , F5         , E      , 2014yCat....1.2023S
True ,        , T7578_00560_1   , 04:22:57.8400, -38:21:28.800, TYC 7578-560-1             ,  65.74079307892     , -38.35850398564    ,      0.014 ,      0.0164,            90, O             , 2020yCat.1350....0G, 11.07699966430664 ,  9.461999893188477 , 10.545000076293945,  9.192000389099121 , 10.279999732971191,  9.920000076293945,  ,  9.118000030517578 , 146.406 , 12.304  ,    6.2068, s         , A       , PM*  ,            ,        , 
True ,        , T7729_00280_1   , 11:05:38.6400, -39:28:58.800, TYC 7729-280-1             , 166.41126292673     , -39.482917617229994,      0.012 ,      0.0135,            90, O             , 2020yCat.1350....0G, 12.029000282287598,  9.782999992370605 , 11.298999786376953,  9.378000259399414 , 10.960000038146973, 10.42300033569336 ,  ,  9.29699993133545  , -15.509 , 7.833   ,    0.9351, s         , A       , *    ,            ,        , 
True ,        , T7922_00252_1   , 19:19:32.1600, -39:50:52.800, HD 180773                  , 289.88389849611     , -39.84840076070001 ,      0.1677,      0.1485,            90, O             , 2020yCat.1350....0G, 10.303000450134277,  8.765000343322754 ,  9.859000205993652,  8.473999977111816 ,  9.569999694824219,  9.343000411987305,  ,  8.411999702453613 , 13.448  , -7.855  ,    6.0657, s         , A       , *    , F2/3V      , D      , 1978MSS...C02....0H
True ,        , T8055_00583_1   , 02:22:46.3200, -51:50:34.800, CD-52   491                ,  35.69343409257     , -51.84265160743    ,      0.0103,      0.0113,            90, O             , 2020yCat.1350....0G, 11.399999618530273,  8.637999534606934 , 10.472999572753906,  8.069999694824219 ,  9.819999694824219,  9.605999946594238,  ,  7.98199987411499  , 17.986  , -11.931 ,    0.5492, s         , A       , *    ,            ,        , 
True ,        , T8117_00251_1   , 06:51:52.5600, -46:48:25.200, CD-46  2727                , 102.96895791918     , -46.80738969694999 ,      0.0097,      0.0107,            90, O             , 2020yCat.1350....0G, 11.710000038146973, 10.029000282287598 , 11.130000114440918,  9.743000030517578 , 10.949999809265137, 10.470000267028809,  ,  9.663000106811523 , -21.731 , -80.884 ,    5.5297, s         , A       , PM*  , F5         , E      , 2014yCat....1.2023S
True ,        , T8251_00250_1   , 13:17:26.8800, -47:45:43.200, CD-47  8200                , 199.36161156269     , -47.76191234934001 ,      0.0355,      0.0244,            90, O             , 2020yCat.1350....0G, 11.835000038146973,  9.281999588012695 , 10.986000061035156,  8.795000076293945 , 10.520000457763672,  9.960000038146973,  ,  8.680000305175781 , -35.499 , -20.323 ,    1.1826, s         , A       , SB*  , Gwl        , E      , 1972POAN....2...59S
True ,        , T8409_01371_1   , 20:16:03.6000, -47:42:07.200, TYC 8409-1371-1            , 304.01502706        , -47.70240009268    ,      0.011 ,      0.0076,            90, O             , 2020yCat.1350....0G, 11.446000099182129,  7.882999897003174 , 10.196000099182129,  7.1479997634887695,  9.489999771118164,  9.133000373840332,  ,  6.999000072479248 , 8.351   , -7.246  ,    0.6441, s         , A       , *    ,            ,        , 
True ,        , T8413_00131_1   , 20:19:29.5200, -48:46:15.600, TYC 8413-131-1             , 304.87283316801     , -48.77114157078    ,      0.0147,      0.0102,            90, O             , 2020yCat.1350....0G, 12.26200008392334 ,  8.456999778747559 , 10.906000137329102,  7.691999912261963 , 10.119999885559082,  9.508999824523926,  ,  7.5279998779296875, 11.533  , -3.234  ,    0.464 , s         , A       , *    ,            ,        , 
True ,        , T8428_00929_1   , 21:35:57.3600, -48:29:49.200, TYC 8428-929-1             , 323.98884260462     , -48.4965733735     ,      0.0614,      0.0534,            90, O             , 2020yCat.1350....0G, 11.454000473022461,  8.986000061035156 , 10.58899974822998 ,  8.491000175476074 , 10.1899995803833  ,                   ,  ,  8.416999816894531 , -41.951 , -23.258 ,    1.1825, s         , A       , PM*  ,            ,        , 
True ,        , T8446_00381_1   , 22:42:11.2800, -45:45:10.800, TYC 8446-381-1             , 340.54654465144     , -45.75344090307    ,      0.0096,      0.0115,            90, O             , 2020yCat.1350....0G, 11.871000289916992,  8.769000053405762 , 10.782999992370605,  8.187999725341797 , 10.420000076293945,                   ,  ,  8.057000160217285 , 11.558  , -9.594  ,    0.2981, s         , A       , *    ,            ,        , 
True ,        , T8454_00937_1   , 23:08:58.8000, -50:15:00.000, HD 218493                  , 347.24491511723994  , -50.25033881547    ,      0.0105,      0.0104,            90, O             , 2020yCat.1350....0G, 10.696000099182129,  9.057000160217285 , 10.199999809265137,  8.718999862670898 ,  9.850000381469727,                   ,  ,  8.67300033569336  , -19.932 , -3.108  ,    9.0857, s         , A       , *    , G0/3       , E      , 1978MSS...C02....0H
True ,        , T8488_00009_1   , 01:58:04.5600, -58:48:50.400, CD-59   383                ,  29.519316879590008 , -58.81436129329    ,      0.01  ,      0.0103,            90, O             , 2020yCat.1350....0G, 10.510000228881836,  8.274999618530273 ,  9.800000190734863,  7.895999908447266 ,  9.359999656677246,  9.102999687194824,  ,  7.784999847412109 , 35.972  , -12.224 ,    1.6042, s         , A       , *    ,            ,        , 
True ,        , T8519_00103_1   , 05:40:51.8400, -52:44:27.600, TYC 8519-103-1             ,  85.21566694649     , -52.74060825017    ,      0.1619,      0.1856,            90, O             , 2020yCat.1350....0G, 11.720000267028809, 10.220000267028809 , 11.218999862670898,  9.982999801635742 , 10.850000381469727, 10.670000076293945,  ,  9.939000129699707 , -10.063 , 19.311  ,    2.5278, s         , A       , *    ,            ,        , 
True ,        , T8789_00425_1   , 20:23:19.9200, -58:51:57.600, TYC 8789-425-1             , 305.83293718735     , -58.86635371924001 ,      0.0102,      0.0095,            90, O             , 2020yCat.1350....0G, 11.968000411987305,  8.527000427246094 , 10.720000267028809,  7.8480000495910645,  9.989999771118164,  9.375            ,  ,  7.699999809265137 , 6.066   , -2.848  ,    0.3027, s         , A       , *    ,            ,        , 
True ,        , T8824_00811_1   , 22:58:38.6400, -53:07:58.800, TYC 8824-811-1             , 344.6605674944      , -53.13247274172    ,      0.0084,      0.0098,            90, O             , 2020yCat.1350....0G, 11.348999977111816,  9.75              , 10.831999778747559,  9.442999839782715 , 10.59000015258789 , 10.230999946594238,  ,  9.37399959564209  , 22.139  , -52.523 ,    3.8819, s         , A       , PM*  ,            ,        , 
True ,        , T8847_00274_1   , 00:23:53.5200, -66:49:22.800, CPD-67    26               ,   5.972742366780001 , -66.82253782904    ,      0.0099,      0.0095,            90, O             , 2020yCat.1350....0G, 11.609999656677246,  9.23799991607666  , 10.8149995803833  ,  8.713000297546387 , 10.279999732971191,  9.892000198364258,  ,  8.628999710083008 , 27.544  , 1.606   ,    0.985 , s         , A       , Pe*  ,            ,        , 
True ,        , T8865_00425_1   , 02:47:06.2400, -66:31:58.800, CD-67   148                ,  41.77616349187999  , -66.532701114      ,      0.0102,      0.0084,            90, O             , 2020yCat.1350....0G, 11.355999946594238,  8.475000381469727 , 10.390999794006348,  7.9039998054504395,  9.760000228881836,  9.5649995803833  ,  ,  7.808000087738037 , 29.922  , -0.874  ,    0.6708, s         , A       , *    ,            ,        , 
True ,        , T8870_00259_1   , 03:48:31.4400, -62:45:39.600, CPD-63   262               ,  57.13143875419     , -62.760516228      ,      0.0105,      0.0107,            90, O             , 2020yCat.1350....0G, 11.630999565124512, 10.131999969482422 , 11.156999588012695,  9.833000183105469 , 10.890000343322754, 10.496999740600586,  ,  9.791000366210938 , 22.485  , 34.152  ,    3.9751, s         , A       , *    ,            ,        , 
True ,        , T9159_01533_1   , 03:55:13.2000, -73:44:16.800, CD-74   181                ,  58.80502746956     , -73.73763474262    ,      0.0107,      0.0086,            90, O             , 2020yCat.1350....0G, 10.826000213623047,  7.826000213623047 ,  9.887999534606934,  7.276000022888184 ,  9.390000343322754,  8.782999992370605,  ,  7.14900016784668  , 98.066  , 20.822  ,    2.1923, s         , A       , PM*  ,            ,        , 
True ,        , T9161_00706_1   , 05:07:09.6000, -67:55:04.800, HD 269026                  ,  76.79031930324     , -67.91760629074    ,      0.0134,      0.0142,            90, O             , 2020yCat.1350....0G, 11.390000343322754,  9.07699966430664  , 10.623000144958496,  8.57699966430664  , 10.039999961853027,  9.821000099182129,  ,  8.467000007629395 , 18.589  , -2.32   ,    0.7896, s         , A       , *    , G0         , D      , 1936AnHar.100....0C
True ,        , T9169_01585_1   , 05:05:40.0800, -71:36:07.200, HD 269088                  ,  76.41685754622     , -71.60174777545    ,      0.0095,      0.0092,            90, O             , 2020yCat.1350....0G, 12.149999618530273,  9.225000381469727 , 11.0              ,  8.626999855041504 ,                   ,                   ,  ,  8.555000305175781 , 7.161   , 15.915  ,    0.6072, s         , A       , *    , K2         , E      , 1993yCat.3135....0C
True ,        , T9378_00079_1   , 05:38:17.0400, -75:16:19.200, TYC 9378-79-1              ,  84.5707697162      , -75.2724184673     ,      0.013 ,      0.0097,            90, O             , 2020yCat.1350....0G, 12.026000022888184,  9.428999900817871 , 11.206999778747559,  8.89799976348877  , 10.720000267028809, 10.152999877929688,  ,  8.795000076293945 , 13.858  , 17.591  ,    0.6549, s         , A       , Pe*  , CEMP       , C      , 2018AJ....155..256P
True ,        , T9392_00902_1   , 06:57:40.3200, -81:33:14.400, CD-81   228                , 104.41770765036     , -81.55407950012    ,      0.1855,      0.219 ,            90, O             , 2020yCat.1350....0G, 10.279999732971191,  8.52400016784668  ,  9.871000289916992,  8.199999809265137 ,  9.5              ,  9.041000366210938,  ,  8.121000289916992 , 88.467  , -14.387 ,    9.5224, s         , A       , PM*  ,            ,        , 
