Species, N  , ID                      , l_logepsX, logepsX, e_logepsX, l_[X/H], [X/H], l_[X/Fe], [X/Fe]
C-H    ,   2, SMSS J000113.96-363337.9,          , 5.78   ,      0.02,        , -2.65,         , -0.33
C-H    ,   2, SMSS J001039.86-525851.4,          , 5.88   ,      0.03,        , -2.55,         , -0.23
C-H    ,   2, SMSS J001952.15-525803.0,          , 5.62   ,      0.02,        , -2.81,         , -0.25
C-H    ,   2, SMSS J002148.06-471132.1,          , 5.55   ,      0.04,        , -2.88,         , 0.29
C-H    ,   2, SMSS J003055.81-482011.3,          , 5.95   ,      0.05,        , -2.48,         , 0.05
C-H    ,   1, SMSS J003327.36-491037.9, <        , 4.67   ,      0.0 , <      , -3.75, <       , -0.4
C-H    ,   2, SMSS J004037.56-515025.2,          , 4.51   ,      0.09,        , -3.92,         , -0.09
C-H    ,   2, SMSS J005953.98-594329.9,          , 5.7    ,      0.05,        , -2.73,         , 1.21
C-H    ,   2, SMSS J010332.63-534654.3,          , 5.59   ,      0.09,        , -2.84,         , 0.19
C-H    ,   2, SMSS J010651.91-524410.5,          , 4.77   ,      0.05,        , -3.66,         , 0.13
C-H    ,   2, SMSS J010839.58-285701.5,          , 5.62   ,      0.01,        , -2.8 ,         , 0.22
C-H    ,   2, SMSS J012147.80-495328.2,          , 6.3    ,      0.02,        , -2.12,         , -0.53
C-H    ,   2, SMSS J014624.60-352457.7,          , 5.35   ,      0.05,        , -3.08,         , -0.27
C-H    ,   2, SMSS J015350.94-775525.6,          , 5.29   ,      0.04,        , -3.14,         , -0.48
C-H    ,   2, SMSS J015941.53-781408.7,          , 5.51   ,      0.09,        , -2.92,         , 0.19
C-H    ,   2, 2MASS J02031860-7930291 ,          , 4.88   ,      0.08,        , -3.55,         , -0.52
C-H    ,   2, SMSS J020748.93-465616.4,          , 5.18   ,      0.02,        , -3.25,         , -0.54
C-H    ,   2, SMSS J021323.26-495936.5,          , 5.03   ,      0.02,        , -3.4 ,         , -0.53
C-H    ,   2, SMSS J022410.38-534659.9,          , 5.06   ,      0.03,        , -3.37,         , 0.03
C-H    ,   2, SMSS J022423.27-573705.1,          , 4.53   ,      0.07,        , -3.9 ,         , 0.07
C-H    ,   1, SMSS J022452.58-731051.8,          , 6.0    ,          ,        , -2.43,         , 0.12
C-H    ,   2, SMSS J022545.31-774119.9,          , 6.18   ,      0.02,        , -2.25,         , 0.38
C-H    ,   2, SMSS J022756.48-684256.6,          , 6.45   ,      0.05,        , -1.98,         , 0.24
C-H    ,   2, SMSS J023139.43-523957.4,          , 5.89   ,      0.0 ,        , -2.54,         , 0.4
C-H    ,   2, SMSS J023147.96-575341.7,          , 5.36   ,      0.06,        , -3.07,         , 0.35
C-H    ,   2, SMSS J024643.28-352502.4,          , 5.08   ,      0.08,        , -3.35,         , 0.02
C-H    ,   2, SMSS J024858.41-684306.4,          , 5.38   ,      0.03,        , -3.05,         , 0.66
C-H    ,   2, 2MASS J03084611-4747083 ,          , 7.07   ,      0.02,        , -1.36,         , 0.2
C-H    ,   2, SMSS J031556.09-473442.1,          , 5.36   ,      0.06,        , -3.07,         , 0.19
C-H    ,   2, SMSS J032132.29-363123.6,          , 4.9    ,      0.05,        , -3.53,         , -0.13
C-H    ,   2, SMSS J033005.90-681352.5,          , 5.64   ,      0.01,        , -2.79,         , 0.65
C-H    ,   2, SMSS J034249.53-284216.0,          , 5.6    ,      0.0 ,        , -2.83,         , -0.5
C-H    ,   2, SMSS J040148.04-743537.3,          , 5.69   ,      0.01,        , -2.74,         , 0.35
C-H    ,   2, SMSS J041957.56-493818.3,          , 5.2    ,      0.04,        , -3.23,         , -0.26
C-H    ,   2, SMSS J051008.62-372019.8,          , 5.79   ,      0.02,        , -2.64,         , 0.56
C-H    ,   2, SMSS J055746.51-575057.4,          , 6.44   ,      0.02,        , -1.99,         , 0.51
C-H    ,   2, SMSS J061725.30-600740.6,          , 5.93   ,      0.02,        , -2.5 ,         , 0.22
C-H    ,   2, SMSS J062609.83-590503.2,          , 5.93   ,      0.02,        , -2.5 ,         , 0.27
C-H    ,   1, SMSS J063447.15-622355.0,          , 5.1    ,          ,        , -3.33,         , 0.08
C-H    ,   2, SMSS J064349.43-653038.6,          , 5.88   ,      0.03,        , -2.55,         , -0.07
C-H    ,   2, SMSS J065014.40-614328.0,          , 5.07   ,      0.02,        , -3.36,         , -0.18
C-H    ,   2, SMSS J070257.95-600422.4,          , 6.23   ,      0.03,        , -2.2 ,         , 0.42
C-H    ,   2, SMSS J080050.54-724620.6,          , 5.98   ,      0.06,        , -2.45,         , -0.37
C-H    ,   2, SMSS J085924.06-120104.9,          , 4.6    ,      0.1 ,        , -3.83,         , -0.2
C-H    ,   2, SMSS J090247.43-122755.0,          , 6.23   ,      0.03,        , -2.2 ,         , 0.2
C-H    ,   2, SMSS J091210.40-064427.9,          , 6.05   ,      0.0 ,        , -2.38,         , 0.26
C-H    ,   2, SMSS J093209.41-003435.8,          , 5.53   ,      0.07,        , -2.9 ,         , 0.21
C-H    ,   1, 2MASS J09380777-0600392 , <        , 6.75   ,      0.05, <      , -1.68, <       , 1.0
C-H    ,   2, SMSS J093829.27-070520.9,          , 6.45   ,      0.1 ,        , -1.98,         , 0.37
C-H    ,   2, SMSS J094029.05-060935.0,          , 5.12   ,      0.22,        , -3.3 ,         , -0.12
C-H    ,   2, SMSS J094755.04-102724.7,          , 5.62   ,      0.03,        , -2.8 ,         , 0.19
C-H    ,   2, SMSS J095120.49-401431.3,          , 6.8    ,      0.0 ,        , -1.63,         , -0.15
C-H    ,   2, SMSS J100251.13-000152.1,          , 6.15   ,      0.05,        , -2.28,         , 0.34
C-H    ,   2, 2MASS J10242264-2904203 ,          , 5.25   ,      0.05,        , -3.18,         , -0.05
C-H    ,   0, 2MASS J10275895-3006391 ,          ,        ,          ,        ,      ,         , 
C-H    ,   0, 2MASS J10283035-2951115 ,          ,        ,          ,        ,      ,         , 
C-H    ,   2, 2MASS J10294248-0103238 ,          , 5.7    ,      0.0 ,        , -2.73,         , -0.34
C-H    ,   2, SMSS J105320.99-435300.1,          , 6.66   ,      0.04,        , -1.77,         , 0.09
C-H    ,   2, SMSS J105438.86-435819.9,          , 6.55   ,      0.1 ,        , -1.88,         , 0.1
C-H    ,   1, SMSS J110850.60-080034.7, <        , 5.68   ,      0.02, <      , -2.75, <       , 0.15
C-H    ,   2, SMSS J121353.63-441911.2,          , 6.12   ,      0.03,        , -2.3 ,         , 0.29
C-H    ,   2, SMSS J121716.48-442510.2,          , 6.14   ,      0.01,        , -2.29,         , -0.19
C-H    ,   2, SMSS J122455.61-151134.0,          , 5.95   ,      0.05,        , -2.48,         , 0.14
C-H    ,   2, SMSS J123158.00-162317.6,          , 6.42   ,      0.12,        , -2.0 ,         , 0.62
C-H    ,   2, SMSS J123246.06-054559.1,          , 5.58   ,      0.08,        , -2.85,         , 0.18
C-H    ,   2, SMSS J125115.37-331448.1,          , 5.95   ,      0.0 ,        , -2.48,         , 0.16
C-H    ,   2, SMSS J125125.64-340343.4,          , 6.0    ,      0.0 ,        , -2.43,         , 0.09
C-H    ,   2, SMSS J125451.18-334440.3,          , 5.55   ,      0.1 ,        , -2.88,         , -0.07
C-H    ,   2, SMSS J125804.65-335045.1,          , 5.6    ,      0.05,        , -2.83,         , 0.61
C-H    ,   2, SMSS J130537.01-294438.3,          , 5.9    ,      0.05,        , -2.53,         , -0.18
C-H    ,   2, SMSS J133013.61-434632.4,          , 5.57   ,      0.02,        , -2.86,         , -0.32
C-H    ,   2, SMSS J133532.32-210632.9,          , 5.2    ,      0.1 ,        , -3.23,         , -0.5
C-H    ,   2, SMSS J135217.78-151405.7,          , 6.1    ,      0.1 ,        , -2.33,         , 0.23
C-H    ,   2, SMSS J135625.09-161538.7,          , 5.85   ,      0.05,        , -2.58,         , 0.18
C-H    ,   2, SMSS J135819.95-150937.4,          , 6.08   ,      0.08,        , -2.35,         , 0.23
C-H    ,   2, SMSS J141547.72-414034.0,          , 6.3    ,      0.0 ,        , -2.13,         , 0.13
C-H    ,   2, SMSS J143511.34-420326.5,          , 5.55   ,      0.05,        , -2.88,         , 0.27
C-H    ,   2, SMSS J151101.05-182103.0,          , 5.76   ,      0.04,        , -2.67,         , 0.04
C-H    ,   2, SMSS J151450.18-182946.0,          , 5.35   ,      0.05,        , -3.08,         , -0.35
C-H    ,   2, SMSS J155430.57-263904.8,          , 5.56   ,      0.06,        , -2.87,         , -0.26
C-H    ,   2, SMSS J155628.74-165533.4,          , 6.0    ,      0.05,        , -2.43,         , 0.36
C-H    ,   2, SMSS J160447.75-293146.7,          , 6.03   ,      0.02,        , -2.4 ,         , 0.26
C-H    ,   2, SMSS J164921.94-041943.9,          , 5.94   ,      0.03,        , -2.49,         , -0.25
C-H    ,   2, SMSS J165023.82-252948.7,          , 5.5    ,      0.0 ,        , -2.93,         , -0.45
C-H    ,   2, SMSS J165219.76-253133.7,          , 6.5    ,      0.05,        , -1.93,         , 0.27
C-H    ,   2, SMSS J173823.36-145701.0,          , 5.45   ,      0.0 ,        , -2.98,         , 0.6
C-H    ,   2, SMSS J174048.48-143635.6,          , 5.82   ,      0.02,        , -2.61,         , -0.11
C-H    ,   2, SMSS J174916.38-455427.5,          , 6.22   ,      0.02,        , -2.21,         , 0.3
C-H    ,   2, SMSS J174922.26-455103.8,          , 6.21   ,      0.01,        , -2.22,         , 0.55
C-H    ,   2, SMSS J175021.86-414627.2,          , 6.03   ,      0.02,        , -2.4 ,         , 0.36
C-H    ,   2, SMSS J175046.30-425506.9,          , 6.14   ,      0.06,        , -2.29,         , -0.12
C-H    ,   2, SMSS J175738.37-454823.5,          , 5.54   ,      0.06,        , -2.89,         , -0.43
C-H    ,   2, SMSS J183246.49-343434.2,          , 5.1    ,      0.05,        , -3.33,         , -0.33
C-H    ,   2, SMSS J183753.10-380725.9,          , 5.08   ,      0.04,        , -3.34,         , -0.35
C-H    ,   1, SMSS J184226.25-272602.7, <        , 4.25   ,      0.0 , <      , -4.18, <       , -0.29
C-H    ,   2, SMSS J184825.29-305929.7,          , 5.03   ,      0.02,        , -3.4 ,         , 0.25
C-H    ,   2, SMSS J185628.44-231809.8,          , 4.65   ,      0.05,        , -3.78,         , -0.79
C-H    ,   2, SMSS J190549.33-214945.0,          , 5.67   ,      0.08,        , -2.75,         , 0.35
C-H    ,   2, SMSS J190911.03-213207.5,          , 5.47   ,      0.07,        , -2.96,         , -0.56
C-H    ,   2, SMSS J190931.13-214053.9,          , 4.75   ,      0.05,        , -3.68,         , -0.35
C-H    ,   2, SMSS J191802.51-851523.0,          , 5.83   ,      0.03,        , -2.59,         , 0.04
C-H    ,   1, SMSS J193528.46-462129.6, <        , 4.78   ,      0.02, <      , -3.65, <       , -0.26
C-H    ,   2, SMSS J193617.38-790231.4,          , 7.45   ,      0.03,        , -0.98,         , 0.33
C-H    ,   2, SMSS J194432.13-720537.1,          , 6.04   ,      0.05,        , -2.38,         , 0.05
C-H    ,   2, SMSS J195614.75-320145.9,          , 5.8    ,      0.05,        , -2.63,         , -0.31
C-H    ,   2, SMSS J195931.70-643529.3,          , 5.4    ,      0.1 ,        , -3.03,         , -0.45
C-H    ,   2, SMSS J200228.85-533114.4,          , 4.75   ,      0.05,        , -3.68,         , -0.46
C-H    ,   2, SMSS J200654.42-321157.7,          , 5.85   ,      0.05,        , -2.58,         , 0.67
C-H    ,   1, SMSS J202057.49-522417.2, <        , 5.08   ,      0.17, <      , -3.35, <       , -0.23
C-H    ,   2, SMSS J202123.89-515742.8,          , 5.61   ,      0.19,        , -2.82,         , -0.21
C-H    ,   2, SMSS J205313.80-651830.6,          , 5.9    ,      0.05,        , -2.53,         , 0.09
C-H    ,   2, SMSS J210021.85-653627.9,          , 6.49   ,      0.0 ,        , -1.94,         , -0.05
C-H    ,   2, SMSS J211340.44-520017.5,          , 6.0    ,      0.05,        , -2.43,         , -0.03
C-H    ,   2, SMSS J215805.81-651327.2,          , 5.4    ,      0.05,        , -3.03,         , 0.38
C-H    ,   2, SMSS J221448.33-453949.9,          , 5.2    ,      0.05,        , -3.23,         , -0.67
C-H    ,   2, SMSS J224838.41-550635.1,          , 5.0    ,      0.1 ,        , -3.43,         , -0.56
C-H    ,   2, SMSS J224843.95-543610.1,          , 5.85   ,      0.05,        , -2.58,         , -0.2
C-H    ,   2, SMSS J225851.25-265434.9,          , 5.3    ,      0.05,        , -3.13,         , 0.36
C-H    ,   2, SMSS J230013.16-263511.0,          , 4.53   ,      0.12,        , -3.9 ,         , -0.55
C-H    ,   2, SMSS J230113.95-291458.2,          , 5.78   ,      0.12,        , -2.65,         , -0.12
C-H    ,   2, 2MASS J23203653-3637223 ,          , 5.72   ,      0.02,        , -2.71,         , -0.08
C-H    ,   2, 2MASS J23261426-3719492 ,          , 6.12   ,      0.08,        , -2.3 ,         , 0.25
Na     ,   0, SMSS J000113.96-363337.9,          ,        ,          ,        ,      ,         , 
Na     ,   0, SMSS J001039.86-525851.4,          ,        ,          ,        ,      ,         , 
Na     ,   3, SMSS J001952.15-525803.0,          , 3.99   ,      0.05,        , -2.25,         , 0.31
Na     ,   1, SMSS J002148.06-471132.1,          , 2.94   ,          ,        , -3.3 ,         , -0.13
Na     ,   0, SMSS J003055.81-482011.3,          ,        ,          ,        ,      ,         , 
Na     ,   1, SMSS J003327.36-491037.9,          , 3.46   ,          ,        , -2.78,         , 0.58
Na     ,   2, SMSS J004037.56-515025.2,          , 2.58   ,      0.15,        , -3.66,         , 0.17
Na     ,   2, SMSS J005953.98-594329.9,          , 4.3    ,      0.02,        , -1.94,         , 1.99
Na     ,   2, SMSS J010332.63-534654.3,          , 3.98   ,      0.07,        , -2.26,         , 0.78
Na     ,   2, SMSS J010651.91-524410.5,          , 2.74   ,      0.12,        , -3.5 ,         , 0.29
Na     ,   2, SMSS J010839.58-285701.5,          , 4.19   ,      0.01,        , -2.05,         , 0.97
Na     ,   0, SMSS J012147.80-495328.2,          ,        ,          ,        ,      ,         , 
Na     ,   2, SMSS J014624.60-352457.7,          , 4.23   ,      0.02,        , -2.01,         , 0.8
Na     ,   2, SMSS J015350.94-775525.6,          , 3.81   ,      0.01,        , -2.43,         , 0.19
Na     ,   0, SMSS J015941.53-781408.7,          ,        ,          ,        ,      ,         , 
Na     ,   0, 2MASS J02031860-7930291 ,          ,        ,          ,        ,      ,         , 
Na     ,   2, SMSS J020748.93-465616.4,          , 4.28   ,      0.01,        , -1.96,         , 0.75
Na     ,   2, SMSS J021323.26-495936.5,          , 4.12   ,      0.0 ,        , -2.12,         , 0.75
Na     ,   2, SMSS J022410.38-534659.9,          , 3.6    ,      0.15,        , -2.64,         , 0.76
Na     ,   2, SMSS J022423.27-573705.1,          , 2.27   ,      0.04,        , -3.98,         , -0.01
Na     ,   2, SMSS J022452.58-731051.8,          , 4.14   ,      0.09,        , -2.1 ,         , 0.46
Na     ,   2, SMSS J022545.31-774119.9,          , 4.12   ,      0.08,        , -2.12,         , 0.51
Na     ,   2, SMSS J022756.48-684256.6,          , 4.13   ,      0.04,        , -2.11,         , 0.12
Na     ,   2, SMSS J023139.43-523957.4,          , 4.17   ,      0.01,        , -2.07,         , 0.87
Na     ,   2, SMSS J023147.96-575341.7,          , 2.65   ,      0.01,        , -3.59,         , -0.17
Na     ,   1, SMSS J024643.28-352502.4,          , 3.81   ,          ,        , -2.43,         , 0.94
Na     ,   2, SMSS J024858.41-684306.4,          , 2.54   ,      0.02,        , -3.7 ,         , 0.01
Na     ,   5, 2MASS J03084611-4747083 ,          , 5.0    ,      0.01,        , -1.24,         , 0.32
Na     ,   1, SMSS J031556.09-473442.1,          , 2.98   ,          ,        , -3.26,         , -0.0
Na     ,   2, SMSS J032132.29-363123.6,          , 3.41   ,      0.11,        , -2.83,         , 0.57
Na     ,   1, SMSS J033005.90-681352.5,          , 3.53   ,          ,        , -2.71,         , 0.73
Na     ,   2, SMSS J034249.53-284216.0,          , 3.62   ,      0.08,        , -2.62,         , -0.29
Na     ,   2, SMSS J040148.04-743537.3,          , 3.62   ,      0.06,        , -2.62,         , 0.47
Na     ,   2, SMSS J041957.56-493818.3,          , 3.71   ,      0.07,        , -2.53,         , 0.44
Na     ,   2, SMSS J051008.62-372019.8,          , 3.8    ,      0.03,        , -2.44,         , 0.76
Na     ,   2, SMSS J055746.51-575057.4,          , 4.11   ,      0.04,        , -2.13,         , 0.37
Na     ,   2, SMSS J061725.30-600740.6,          , 3.94   ,      0.02,        , -2.31,         , 0.41
Na     ,   2, SMSS J062609.83-590503.2,          , 3.76   ,      0.01,        , -2.48,         , 0.29
Na     ,   2, SMSS J063447.15-622355.0,          , 3.28   ,      0.03,        , -2.96,         , 0.44
Na     ,   2, SMSS J064349.43-653038.6,          , 4.0    ,      0.05,        , -2.25,         , 0.24
Na     ,   2, SMSS J065014.40-614328.0,          , 3.34   ,      0.01,        , -2.9 ,         , 0.29
Na     ,   2, SMSS J070257.95-600422.4,          , 4.22   ,      0.02,        , -2.02,         , 0.61
Na     ,   1, SMSS J080050.54-724620.6,          , 4.42   ,          ,        , -1.82,         , 0.26
Na     ,   2, SMSS J085924.06-120104.9,          , 3.37   ,      0.01,        , -2.88,         , 0.76
Na     ,   2, SMSS J090247.43-122755.0,          , 4.31   ,      0.03,        , -1.93,         , 0.47
Na     ,   2, SMSS J091210.40-064427.9,          , 3.95   ,      0.11,        , -2.29,         , 0.35
Na     ,   2, SMSS J093209.41-003435.8,          , 3.5    ,      0.1 ,        , -2.74,         , 0.37
Na     ,   2, 2MASS J09380777-0600392 ,          , 3.33   ,      0.0 ,        , -2.92,         , -0.24
Na     ,   2, SMSS J093829.27-070520.9,          , 4.26   ,      0.07,        , -1.98,         , 0.36
Na     ,   2, SMSS J094029.05-060935.0,          , 4.03   ,      0.26,        , -2.21,         , 0.97
Na     ,   2, SMSS J094755.04-102724.7,          , 3.69   ,      0.04,        , -2.55,         , 0.44
Na     ,   2, SMSS J095120.49-401431.3,          , 5.17   ,      0.04,        , -1.08,         , 0.4
Na     ,   2, SMSS J100251.13-000152.1,          , 4.08   ,      0.1 ,        , -2.17,         , 0.46
Na     ,   2, 2MASS J10242264-2904203 ,          , 3.54   ,      0.11,        , -2.7 ,         , 0.44
Na     ,   1, 2MASS J10275895-3006391 ,          , 3.79   ,          ,        , -2.45,         , 0.51
Na     ,   2, 2MASS J10283035-2951115 ,          , 4.47   ,      0.08,        , -1.77,         , 0.62
Na     ,   2, 2MASS J10294248-0103238 ,          , 4.12   ,      0.04,        , -2.12,         , 0.26
Na     ,   1, SMSS J105320.99-435300.1,          , 4.53   ,          ,        , -1.71,         , 0.15
Na     ,   2, SMSS J105438.86-435819.9,          , 4.45   ,      0.04,        , -1.79,         , 0.18
Na     ,   1, SMSS J110850.60-080034.7,          , 3.37   ,          ,        , -2.87,         , 0.03
Na     ,   1, SMSS J121353.63-441911.2,          , 4.14   ,          ,        , -2.1 ,         , 0.49
Na     ,   2, SMSS J121716.48-442510.2,          , 4.37   ,      0.03,        , -1.87,         , 0.23
Na     ,   1, SMSS J122455.61-151134.0,          , 3.9    ,          ,        , -2.34,         , 0.28
Na     ,   2, SMSS J123158.00-162317.6,          , 4.02   ,      0.02,        , -2.22,         , 0.4
Na     ,   1, SMSS J123246.06-054559.1,          , 3.66   ,          ,        , -2.58,         , 0.45
Na     ,   0, SMSS J125115.37-331448.1,          ,        ,          ,        ,      ,         , 
Na     ,   2, SMSS J125125.64-340343.4,          , 4.12   ,      0.14,        , -2.12,         , 0.39
Na     ,   2, SMSS J125451.18-334440.3,          , 3.83   ,      0.04,        , -2.41,         , 0.4
Na     ,   2, SMSS J125804.65-335045.1,          , 3.33   ,      0.03,        , -2.91,         , 0.53
Na     ,   2, SMSS J130537.01-294438.3,          , 4.1    ,      0.04,        , -2.14,         , 0.21
Na     ,   2, SMSS J133013.61-434632.4,          , 4.25   ,      0.05,        , -1.99,         , 0.55
Na     ,   2, SMSS J133532.32-210632.9,          , 4.13   ,      0.04,        , -2.11,         , 0.62
Na     ,   2, SMSS J135217.78-151405.7,          , 4.01   ,      0.04,        , -2.23,         , 0.33
Na     ,   1, SMSS J135625.09-161538.7,          , 3.75   ,          ,        , -2.49,         , 0.27
Na     ,   2, SMSS J135819.95-150937.4,          , 4.08   ,      0.04,        , -2.17,         , 0.42
Na     ,   2, SMSS J141547.72-414034.0,          , 4.21   ,      0.04,        , -2.03,         , 0.23
Na     ,   2, SMSS J143511.34-420326.5,          , 3.51   ,      0.01,        , -2.73,         , 0.42
Na     ,   0, SMSS J151101.05-182103.0,          ,        ,          ,        ,      ,         , 
Na     ,   0, SMSS J151450.18-182946.0,          ,        ,          ,        ,      ,         , 
Na     ,   1, SMSS J155430.57-263904.8,          , 4.1    ,          ,        , -2.14,         , 0.47
Na     ,   2, SMSS J155628.74-165533.4,          , 3.84   ,      0.01,        , -2.4 ,         , 0.39
Na     ,   2, SMSS J160447.75-293146.7,          , 3.96   ,      0.06,        , -2.28,         , 0.38
Na     ,   2, SMSS J164921.94-041943.9,          , 4.49   ,      0.03,        , -1.75,         , 0.49
Na     ,   1, SMSS J165023.82-252948.7,          , 4.35   ,          ,        , -1.89,         , 0.59
Na     ,   4, SMSS J165219.76-253133.7,          , 4.36   ,      0.05,        , -1.88,         , 0.32
Na     ,   2, SMSS J173823.36-145701.0,          , 3.29   ,      0.01,        , -2.96,         , 0.62
Na     ,   1, SMSS J174048.48-143635.6,          , 3.93   ,          ,        , -2.31,         , 0.19
Na     ,   2, SMSS J174916.38-455427.5,          , 4.03   ,      0.01,        , -2.21,         , 0.3
Na     ,   2, SMSS J174922.26-455103.8,          , 3.99   ,      0.01,        , -2.25,         , 0.51
Na     ,   2, SMSS J175021.86-414627.2,          , 3.84   ,      0.01,        , -2.4 ,         , 0.36
Na     ,   2, SMSS J175046.30-425506.9,          , 4.22   ,      0.02,        , -2.02,         , 0.15
Na     ,   2, SMSS J175738.37-454823.5,          , 4.05   ,      0.03,        , -2.19,         , 0.27
Na     ,   2, SMSS J183246.49-343434.2,          , 3.72   ,      0.02,        , -2.52,         , 0.48
Na     ,   2, SMSS J183753.10-380725.9,          , 3.54   ,      0.01,        , -2.71,         , 0.29
Na     ,   1, SMSS J184226.25-272602.7,          , 2.56   ,          ,        , -3.68,         , 0.21
Na     ,   2, SMSS J184825.29-305929.7,          , 3.0    ,      0.03,        , -3.25,         , 0.4
Na     ,   2, SMSS J185628.44-231809.8,          , 3.97   ,      0.03,        , -2.27,         , 0.72
Na     ,   2, SMSS J190549.33-214945.0,          , 3.58   ,      0.04,        , -2.66,         , 0.46
Na     ,   0, SMSS J190911.03-213207.5,          ,        ,          ,        ,      ,         , 
Na     ,   2, SMSS J190931.13-214053.9,          , 2.88   ,      0.0 ,        , -3.37,         , -0.03
Na     ,   2, SMSS J191802.51-851523.0,          , 4.23   ,      0.03,        , -2.01,         , 0.62
Na     ,   2, SMSS J193528.46-462129.6,          , 3.76   ,      0.07,        , -2.48,         , 0.91
Na     ,   3, SMSS J193617.38-790231.4,          , 4.85   ,      0.09,        , -1.39,         , -0.1
Na     ,   2, SMSS J194432.13-720537.1,          , 4.16   ,      0.0 ,        , -2.08,         , 0.35
Na     ,   2, SMSS J195614.75-320145.9,          , 5.03   ,      0.06,        , -1.21,         , 1.1
Na     ,   2, SMSS J195931.70-643529.3,          , 4.13   ,      0.02,        , -2.11,         , 0.47
Na     ,   2, SMSS J200228.85-533114.4,          , 3.65   ,      0.17,        , -2.6 ,         , 0.62
Na     ,   2, SMSS J200654.42-321157.7,          , 2.75   ,      0.04,        , -3.49,         , -0.23
Na     ,   2, SMSS J202057.49-522417.2,          , 3.88   ,      0.16,        , -2.36,         , 0.76
Na     ,   2, SMSS J202123.89-515742.8,          , 3.76   ,      0.01,        , -2.48,         , 0.13
Na     ,   2, SMSS J205313.80-651830.6,          , 4.4    ,      0.04,        , -1.84,         , 0.78
Na     ,   2, SMSS J210021.85-653627.9,          , 4.44   ,      0.02,        , -1.8 ,         , 0.09
Na     ,   2, SMSS J211340.44-520017.5,          , 4.33   ,      0.01,        , -1.91,         , 0.49
Na     ,   2, SMSS J215805.81-651327.2,          , 4.57   ,      0.02,        , -1.67,         , 1.75
Na     ,   2, SMSS J221448.33-453949.9,          , 4.0    ,      0.04,        , -2.25,         , 0.31
Na     ,   2, SMSS J224838.41-550635.1,          , 3.92   ,      0.04,        , -2.33,         , 0.55
Na     ,   2, SMSS J224843.95-543610.1,          , 4.14   ,      0.05,        , -2.1 ,         , 0.28
Na     ,   2, SMSS J225851.25-265434.9,          , 2.81   ,      0.06,        , -3.43,         , 0.06
Na     ,   2, SMSS J230013.16-263511.0,          , 3.47   ,      0.07,        , -2.77,         , 0.59
Na     ,   2, SMSS J230113.95-291458.2,          , 3.75   ,      0.06,        , -2.5 ,         , 0.03
Na     ,   2, 2MASS J23203653-3637223 ,          , 4.23   ,      0.0 ,        , -2.01,         , 0.62
Na     ,   2, 2MASS J23261426-3719492 ,          , 4.05   ,      0.03,        , -2.19,         , 0.36
Mg     ,   6, SMSS J000113.96-363337.9,          , 5.69   ,      0.09,        , -1.91,         , 0.42
Mg     ,   6, SMSS J001039.86-525851.4,          , 5.61   ,      0.1 ,        , -1.99,         , 0.32
Mg     ,   4, SMSS J001952.15-525803.0,          , 5.54   ,      0.14,        , -2.06,         , 0.5
Mg     ,   4, SMSS J002148.06-471132.1,          , 4.86   ,      0.09,        , -2.74,         , 0.43
Mg     ,   6, SMSS J003055.81-482011.3,          , 5.51   ,      0.11,        , -2.09,         , 0.44
Mg     ,   6, SMSS J003327.36-491037.9,          , 4.79   ,      0.08,        , -2.81,         , 0.56
Mg     ,   4, SMSS J004037.56-515025.2,          , 4.36   ,      0.07,        , -3.24,         , 0.59
Mg     ,   6, SMSS J005953.98-594329.9,          , 4.28   ,      0.1 ,        , -3.32,         , 0.6
Mg     ,   5, SMSS J010332.63-534654.3,          , 4.99   ,      0.06,        , -2.61,         , 0.42
Mg     ,   4, SMSS J010651.91-524410.5,          , 4.37   ,      0.12,        , -3.23,         , 0.57
Mg     ,   5, SMSS J010839.58-285701.5,          , 5.03   ,      0.05,        , -2.57,         , 0.45
Mg     ,   4, SMSS J012147.80-495328.2,          , 5.85   ,      0.11,        , -1.75,         , -0.16
Mg     ,   6, SMSS J014624.60-352457.7,          , 5.21   ,      0.05,        , -2.39,         , 0.42
Mg     ,   5, SMSS J015350.94-775525.6,          , 5.84   ,      0.09,        , -1.76,         , 0.86
Mg     ,   5, SMSS J015941.53-781408.7,          , 5.05   ,      0.08,        , -2.55,         , 0.56
Mg     ,   5, 2MASS J02031860-7930291 ,          , 5.09   ,      0.03,        , -2.51,         , 0.51
Mg     ,   6, SMSS J020748.93-465616.4,          , 5.38   ,      0.1 ,        , -2.22,         , 0.49
Mg     ,   6, SMSS J021323.26-495936.5,          , 5.24   ,      0.11,        , -2.36,         , 0.51
Mg     ,   6, SMSS J022410.38-534659.9,          , 4.78   ,      0.11,        , -2.82,         , 0.58
Mg     ,   5, SMSS J022423.27-573705.1,          , 4.25   ,      0.1 ,        , -3.35,         , 0.62
Mg     ,   4, SMSS J022452.58-731051.8,          , 5.61   ,      0.14,        , -1.99,         , 0.56
Mg     ,   3, SMSS J022545.31-774119.9,          , 5.29   ,      0.07,        , -2.31,         , 0.33
Mg     ,  11, SMSS J022756.48-684256.6,          , 5.47   ,      0.14,        , -2.13,         , 0.09
Mg     ,   5, SMSS J023139.43-523957.4,          , 5.34   ,      0.08,        , -2.26,         , 0.68
Mg     ,   3, SMSS J023147.96-575341.7,          , 4.47   ,      0.1 ,        , -3.13,         , 0.29
Mg     ,   5, SMSS J024643.28-352502.4,          , 4.87   ,      0.09,        , -2.73,         , 0.64
Mg     ,   7, SMSS J024858.41-684306.4,          , 4.46   ,      0.09,        , -3.14,         , 0.57
Mg     ,   3, 2MASS J03084611-4747083 ,          , 6.44   ,      0.16,        , -1.16,         , 0.4
Mg     ,   4, SMSS J031556.09-473442.1,          , 4.82   ,      0.1 ,        , -2.78,         , 0.47
Mg     ,   5, SMSS J032132.29-363123.6,          , 4.75   ,      0.15,        , -2.85,         , 0.55
Mg     ,   6, SMSS J033005.90-681352.5,          , 4.79   ,      0.08,        , -2.81,         , 0.63
Mg     ,   6, SMSS J034249.53-284216.0,          , 5.1    ,      0.08,        , -2.5 ,         , -0.17
Mg     ,   7, SMSS J040148.04-743537.3,          , 5.0    ,      0.09,        , -2.6 ,         , 0.49
Mg     ,   6, SMSS J041957.56-493818.3,          , 5.03   ,      0.13,        , -2.57,         , 0.4
Mg     ,   6, SMSS J051008.62-372019.8,          , 5.01   ,      0.11,        , -2.58,         , 0.61
Mg     ,  10, SMSS J055746.51-575057.4,          , 5.49   ,      0.1 ,        , -2.11,         , 0.39
Mg     ,  10, SMSS J061725.30-600740.6,          , 5.28   ,      0.1 ,        , -2.32,         , 0.4
Mg     ,  11, SMSS J062609.83-590503.2,          , 5.07   ,      0.11,        , -2.53,         , 0.24
Mg     ,  10, SMSS J063447.15-622355.0,          , 4.81   ,      0.14,        , -2.79,         , 0.61
Mg     ,  11, SMSS J064349.43-653038.6,          , 5.43   ,      0.09,        , -2.17,         , 0.31
Mg     ,  10, SMSS J065014.40-614328.0,          , 5.02   ,      0.14,        , -2.58,         , 0.6
Mg     ,  11, SMSS J070257.95-600422.4,          , 5.43   ,      0.12,        , -2.17,         , 0.45
Mg     ,   9, SMSS J080050.54-724620.6,          , 5.91   ,      0.11,        , -1.69,         , 0.39
Mg     ,   8, SMSS J085924.06-120104.9,          , 4.58   ,      0.12,        , -3.02,         , 0.61
Mg     ,   9, SMSS J090247.43-122755.0,          , 5.63   ,      0.11,        , -1.97,         , 0.43
Mg     ,   4, SMSS J091210.40-064427.9,          , 5.29   ,      0.04,        , -2.31,         , 0.33
Mg     ,   3, SMSS J093209.41-003435.8,          , 5.0    ,      0.05,        , -2.6 ,         , 0.51
Mg     ,   3, 2MASS J09380777-0600392 ,          , 5.14   ,      0.12,        , -2.46,         , 0.21
Mg     ,   2, SMSS J093829.27-070520.9,          , 5.32   ,      0.09,        , -2.28,         , 0.06
Mg     ,   5, SMSS J094029.05-060935.0,          , 4.87   ,      0.13,        , -2.73,         , 0.45
Mg     ,   5, SMSS J094755.04-102724.7,          , 5.07   ,      0.08,        , -2.53,         , 0.46
Mg     ,   6, SMSS J095120.49-401431.3,          , 6.58   ,      0.08,        , -1.02,         , 0.46
Mg     ,   5, SMSS J100251.13-000152.1,          , 5.3    ,      0.08,        , -2.3 ,         , 0.32
Mg     ,   4, 2MASS J10242264-2904203 ,          , 4.9    ,      0.1 ,        , -2.7 ,         , 0.43
Mg     ,   3, 2MASS J10275895-3006391 ,          , 4.99   ,      0.07,        , -2.61,         , 0.35
Mg     ,   1, 2MASS J10283035-2951115 ,          , 5.59   ,          ,        , -2.01,         , 0.38
Mg     ,   4, 2MASS J10294248-0103238 ,          , 5.59   ,      0.07,        , -2.0 ,         , 0.38
Mg     ,  11, SMSS J105320.99-435300.1,          , 5.84   ,      0.12,        , -1.76,         , 0.1
Mg     ,   8, SMSS J105438.86-435819.9,          , 6.1    ,      0.12,        , -1.5 ,         , 0.48
Mg     ,   5, SMSS J110850.60-080034.7,          , 5.07   ,      0.05,        , -2.53,         , 0.36
Mg     ,  10, SMSS J121353.63-441911.2,          , 5.47   ,      0.1 ,        , -2.13,         , 0.46
Mg     ,  10, SMSS J121716.48-442510.2,          , 5.74   ,      0.08,        , -1.86,         , 0.24
Mg     ,   5, SMSS J122455.61-151134.0,          , 5.42   ,      0.15,        , -2.18,         , 0.44
Mg     ,   8, SMSS J123158.00-162317.6,          , 5.42   ,      0.11,        , -2.18,         , 0.45
Mg     ,   8, SMSS J123246.06-054559.1,          , 5.13   ,      0.07,        , -2.47,         , 0.56
Mg     ,   4, SMSS J125115.37-331448.1,          , 5.33   ,      0.09,        , -2.27,         , 0.38
Mg     ,   4, SMSS J125125.64-340343.4,          , 5.48   ,      0.15,        , -2.12,         , 0.4
Mg     ,   4, SMSS J125451.18-334440.3,          , 5.36   ,      0.08,        , -2.24,         , 0.56
Mg     ,   8, SMSS J125804.65-335045.1,          , 4.7    ,      0.1 ,        , -2.9 ,         , 0.53
Mg     ,  10, SMSS J130537.01-294438.3,          , 5.55   ,      0.11,        , -2.04,         , 0.31
Mg     ,  11, SMSS J133013.61-434632.4,          , 5.51   ,      0.1 ,        , -2.09,         , 0.45
Mg     ,  10, SMSS J133532.32-210632.9,          , 5.39   ,      0.09,        , -2.21,         , 0.52
Mg     ,   6, SMSS J135217.78-151405.7,          , 5.46   ,      0.07,        , -2.14,         , 0.41
Mg     ,   5, SMSS J135625.09-161538.7,          , 5.25   ,      0.08,        , -2.35,         , 0.41
Mg     ,   9, SMSS J135819.95-150937.4,          , 5.36   ,      0.13,        , -2.24,         , 0.35
Mg     ,   9, SMSS J141547.72-414034.0,          , 5.3    ,      0.11,        , -2.3 ,         , -0.05
Mg     ,  10, SMSS J143511.34-420326.5,          , 4.94   ,      0.1 ,        , -2.66,         , 0.49
Mg     ,   4, SMSS J151101.05-182103.0,          , 5.29   ,      0.13,        , -2.31,         , 0.4
Mg     ,   4, SMSS J151450.18-182946.0,          , 5.32   ,      0.08,        , -2.28,         , 0.45
Mg     ,  12, SMSS J155430.57-263904.8,          , 5.31   ,      0.13,        , -2.29,         , 0.33
Mg     ,  11, SMSS J155628.74-165533.4,          , 5.33   ,      0.12,        , -2.27,         , 0.52
Mg     ,   8, SMSS J160447.75-293146.7,          , 5.6    ,      0.1 ,        , -2.0 ,         , 0.65
Mg     ,  10, SMSS J164921.94-041943.9,          , 5.86   ,      0.09,        , -1.74,         , 0.49
Mg     ,  10, SMSS J165023.82-252948.7,          , 5.43   ,      0.13,        , -2.17,         , 0.3
Mg     ,  10, SMSS J165219.76-253133.7,          , 5.73   ,      0.08,        , -1.87,         , 0.34
Mg     ,   7, SMSS J173823.36-145701.0,          , 4.46   ,      0.08,        , -3.14,         , 0.43
Mg     ,   8, SMSS J174048.48-143635.6,          , 5.33   ,      0.09,        , -2.27,         , 0.23
Mg     ,   9, SMSS J174916.38-455427.5,          , 5.36   ,      0.12,        , -2.24,         , 0.28
Mg     ,   8, SMSS J174922.26-455103.8,          , 5.3    ,      0.1 ,        , -2.3 ,         , 0.47
Mg     ,   9, SMSS J175021.86-414627.2,          , 5.17   ,      0.11,        , -2.43,         , 0.33
Mg     ,   9, SMSS J175046.30-425506.9,          , 5.67   ,      0.1 ,        , -1.93,         , 0.24
Mg     ,   8, SMSS J175738.37-454823.5,          , 5.52   ,      0.12,        , -2.08,         , 0.39
Mg     ,  11, SMSS J183246.49-343434.2,          , 5.11   ,      0.1 ,        , -2.49,         , 0.51
Mg     ,  10, SMSS J183753.10-380725.9,          , 5.13   ,      0.13,        , -2.47,         , 0.52
Mg     ,   9, SMSS J184226.25-272602.7,          , 4.33   ,      0.09,        , -3.27,         , 0.63
Mg     ,   8, SMSS J184825.29-305929.7,          , 4.45   ,      0.13,        , -3.15,         , 0.49
Mg     ,  10, SMSS J185628.44-231809.8,          , 5.08   ,      0.15,        , -2.52,         , 0.46
Mg     ,  10, SMSS J190549.33-214945.0,          , 4.94   ,      0.1 ,        , -2.66,         , 0.45
Mg     ,  12, SMSS J190911.03-213207.5,          , 5.64   ,      0.14,        , -1.96,         , 0.44
Mg     ,   6, SMSS J190931.13-214053.9,          , 4.61   ,      0.09,        , -2.99,         , 0.34
Mg     ,   5, SMSS J191802.51-851523.0,          , 5.19   ,      0.08,        , -2.41,         , 0.21
Mg     ,   8, SMSS J193528.46-462129.6,          , 4.88   ,      0.11,        , -2.71,         , 0.68
Mg     ,   5, SMSS J193617.38-790231.4,          , 6.47   ,      0.09,        , -1.13,         , 0.16
Mg     ,   7, SMSS J194432.13-720537.1,          , 5.59   ,      0.14,        , -2.01,         , 0.42
Mg     ,   6, SMSS J195614.75-320145.9,          , 5.82   ,      0.13,        , -1.78,         , 0.54
Mg     ,   7, SMSS J195931.70-643529.3,          , 5.59   ,      0.1 ,        , -2.01,         , 0.57
Mg     ,   6, SMSS J200228.85-533114.4,          , 4.95   ,      0.11,        , -2.65,         , 0.57
Mg     ,   5, SMSS J200654.42-321157.7,          , 4.59   ,      0.19,        , -3.01,         , 0.24
Mg     ,  10, SMSS J202057.49-522417.2,          , 5.13   ,      0.15,        , -2.47,         , 0.65
Mg     ,   4, SMSS J202123.89-515742.8,          , 5.37   ,      0.1 ,        , -2.23,         , 0.38
Mg     ,   4, SMSS J205313.80-651830.6,          , 5.35   ,      0.06,        , -2.25,         , 0.37
Mg     ,   7, SMSS J210021.85-653627.9,          , 6.1    ,      0.13,        , -1.5 ,         , 0.39
Mg     ,   6, SMSS J211340.44-520017.5,          , 5.57   ,      0.09,        , -2.03,         , 0.37
Mg     ,   9, SMSS J215805.81-651327.2,          , 4.6    ,      0.09,        , -3.0 ,         , 0.42
Mg     ,   8, SMSS J221448.33-453949.9,          , 5.43   ,      0.1 ,        , -2.17,         , 0.39
Mg     ,   8, SMSS J224838.41-550635.1,          , 5.21   ,      0.13,        , -2.39,         , 0.48
Mg     ,   7, SMSS J224843.95-543610.1,          , 5.63   ,      0.1 ,        , -1.97,         , 0.41
Mg     ,   5, SMSS J225851.25-265434.9,          , 4.18   ,      0.15,        , -3.42,         , 0.06
Mg     ,   9, SMSS J230013.16-263511.0,          , 4.88   ,      0.17,        , -2.72,         , 0.63
Mg     ,   7, SMSS J230113.95-291458.2,          , 5.38   ,      0.09,        , -2.22,         , 0.3
Mg     ,   5, 2MASS J23203653-3637223 ,          , 5.39   ,      0.13,        , -2.21,         , 0.42
Mg     ,   7, 2MASS J23261426-3719492 ,          , 5.46   ,      0.05,        , -2.14,         , 0.41
Al     ,   1, SMSS J000113.96-363337.9,          , 3.32   ,          ,        , -3.13,         , -0.81
Al     ,   1, SMSS J001039.86-525851.4,          , 3.24   ,          ,        , -3.21,         , -0.89
Al     ,   1, SMSS J001952.15-525803.0,          , 3.19   ,          ,        , -3.26,         , -0.7
Al     ,   1, SMSS J002148.06-471132.1,          , 2.45   ,          ,        , -4.0 ,         , -0.83
Al     ,   0, SMSS J003055.81-482011.3,          ,        ,          ,        ,      ,         , 
Al     ,   1, SMSS J003327.36-491037.9,          , 2.9    ,          ,        , -3.55,         , -0.19
Al     ,   1, SMSS J004037.56-515025.2,          , 2.17   ,          ,        , -4.28,         , -0.45
Al     ,   1, SMSS J005953.98-594329.9,          , 2.27   ,          ,        , -4.18,         , -0.25
Al     ,   1, SMSS J010332.63-534654.3,          , 2.8    ,          ,        , -3.65,         , -0.62
Al     ,   1, SMSS J010651.91-524410.5,          , 2.06   ,          ,        , -4.39,         , -0.6
Al     ,   1, SMSS J010839.58-285701.5,          , 2.94   ,          ,        , -3.51,         , -0.49
Al     ,   1, SMSS J012147.80-495328.2,          , 3.95   ,          ,        , -2.5 ,         , -0.72
Al     ,   1, SMSS J014624.60-352457.7,          , 2.7    ,          ,        , -3.75,         , -0.94
Al     ,   1, SMSS J015350.94-775525.6,          , 3.55   ,          ,        , -2.9 ,         , -0.28
Al     ,   1, SMSS J015941.53-781408.7,          , 2.39   ,          ,        , -4.06,         , -0.95
Al     ,   1, 2MASS J02031860-7930291 ,          , 2.74   ,          ,        , -3.71,         , -0.68
Al     ,   1, SMSS J020748.93-465616.4,          , 2.87   ,          ,        , -3.58,         , -0.87
Al     ,   1, SMSS J021323.26-495936.5,          , 3.21   ,          ,        , -3.24,         , -0.37
Al     ,   1, SMSS J022410.38-534659.9,          , 2.62   ,          ,        , -3.83,         , -0.43
Al     ,   1, SMSS J022423.27-573705.1,          , 2.1    ,          ,        , -4.35,         , -0.38
Al     ,   1, SMSS J022452.58-731051.8,          , 3.55   ,          ,        , -2.9 ,         , -0.35
Al     ,   1, SMSS J022545.31-774119.9,          , 2.97   ,          ,        , -3.48,         , -0.85
Al     ,   1, SMSS J022756.48-684256.6,          , 3.41   ,          ,        , -3.04,         , -0.83
Al     ,   1, SMSS J023139.43-523957.4,          , 2.84   ,          ,        , -3.61,         , -0.67
Al     ,   1, SMSS J023147.96-575341.7,          , 2.16   ,          ,        , -4.29,         , -0.87
Al     ,   1, SMSS J024643.28-352502.4,          , 2.57   ,          ,        , -3.88,         , -0.51
Al     ,   1, SMSS J024858.41-684306.4,          , 2.02   ,          ,        , -4.43,         , -0.72
Al     ,   1, 2MASS J03084611-4747083 ,          , 4.8    ,          ,        , -1.65,         , -0.09
Al     ,   1, SMSS J031556.09-473442.1,          , 2.35   ,          ,        , -4.1 ,         , -0.84
Al     ,   1, SMSS J032132.29-363123.6,          , 2.83   ,          ,        , -3.62,         , -0.22
Al     ,   1, SMSS J033005.90-681352.5,          , 2.03   ,          ,        , -4.42,         , -0.98
Al     ,   1, SMSS J034249.53-284216.0,          , 2.7    ,          ,        , -3.75,         , -1.42
Al     ,   1, SMSS J040148.04-743537.3,          , 2.47   ,          ,        , -3.98,         , -0.89
Al     ,   1, SMSS J041957.56-493818.3,          , 3.01   ,          ,        , -3.44,         , -0.47
Al     ,   1, SMSS J051008.62-372019.8,          , 2.39   ,          ,        , -4.06,         , -0.86
Al     ,   1, SMSS J055746.51-575057.4,          , 3.21   ,          ,        , -3.24,         , -0.74
Al     ,   1, SMSS J061725.30-600740.6,          , 3.09   ,          ,        , -3.36,         , -0.64
Al     ,   1, SMSS J062609.83-590503.2,          , 2.8    ,          ,        , -3.65,         , -0.88
Al     ,   1, SMSS J063447.15-622355.0,          , 2.83   ,          ,        , -3.62,         , -0.21
Al     ,   1, SMSS J064349.43-653038.6,          , 3.29   ,          ,        , -3.16,         , -0.68
Al     ,   1, SMSS J065014.40-614328.0,          , 2.79   ,          ,        , -3.66,         , -0.48
Al     ,   1, SMSS J070257.95-600422.4,          , 3.24   ,          ,        , -3.21,         , -0.59
Al     ,   1, SMSS J080050.54-724620.6,          , 3.35   ,          ,        , -3.1 ,         , -1.02
Al     ,   1, SMSS J085924.06-120104.9,          , 2.42   ,          ,        , -4.03,         , -0.4
Al     ,   1, SMSS J090247.43-122755.0,          , 3.21   ,          ,        , -3.24,         , -0.84
Al     ,   1, SMSS J091210.40-064427.9,          , 3.06   ,          ,        , -3.39,         , -0.75
Al     ,   1, SMSS J093209.41-003435.8,          , 2.39   ,          ,        , -4.06,         , -0.95
Al     ,   1, 2MASS J09380777-0600392 ,          , 2.71   ,          ,        , -3.74,         , -1.06
Al     ,   1, SMSS J093829.27-070520.9,          ,        ,          ,        ,      ,         , 
Al     ,   1, SMSS J094029.05-060935.0,          , 2.6    ,          ,        , -3.85,         , -0.67
Al     ,   1, SMSS J094755.04-102724.7,          , 2.57   ,          ,        , -3.88,         , -0.89
Al     ,   1, SMSS J095120.49-401431.3,          , 4.33   ,          ,        , -2.12,         , -0.64
Al     ,   2, SMSS J100251.13-000152.1,          , 3.79   ,      0.03,        , -2.67,         , -0.04
Al     ,   0, 2MASS J10242264-2904203 ,          ,        ,          ,        ,      ,         , 
Al     ,   0, 2MASS J10275895-3006391 ,          ,        ,          ,        ,      ,         , 
Al     ,   0, 2MASS J10283035-2951115 ,          ,        ,          ,        ,      ,         , 
Al     ,   1, 2MASS J10294248-0103238 ,          , 2.95   ,          ,        , -3.5 ,         , -1.11
Al     ,   1, SMSS J105320.99-435300.1,          , 3.55   ,          ,        , -2.9 ,         , -1.04
Al     ,   1, SMSS J105438.86-435819.9,          , 3.66   ,          ,        , -2.79,         , -0.81
Al     ,   1, SMSS J110850.60-080034.7,          , 2.83   ,          ,        , -3.62,         , -0.72
Al     ,   1, SMSS J121353.63-441911.2,          , 3.17   ,          ,        , -3.28,         , -0.69
Al     ,   1, SMSS J121716.48-442510.2,          , 3.6    ,          ,        , -2.85,         , -0.75
Al     ,   0, SMSS J122455.61-151134.0,          ,        ,          ,        ,      ,         , 
Al     ,   1, SMSS J123158.00-162317.6,          , 3.07   ,          ,        , -3.38,         , -0.75
Al     ,   1, SMSS J123246.06-054559.1,          , 2.69   ,          ,        , -3.76,         , -0.73
Al     ,   1, SMSS J125115.37-331448.1,          , 2.94   ,          ,        , -3.51,         , -0.87
Al     ,   1, SMSS J125125.64-340343.4,          , 2.97   ,          ,        , -3.48,         , -0.96
Al     ,   1, SMSS J125451.18-334440.3,          , 2.98   ,          ,        , -3.47,         , -0.66
Al     ,   1, SMSS J125804.65-335045.1,          , 2.3    ,          ,        , -4.15,         , -0.71
Al     ,   1, SMSS J130537.01-294438.3,          , 2.99   ,          ,        , -3.46,         , -1.11
Al     ,   1, SMSS J133013.61-434632.4,          , 3.18   ,          ,        , -3.27,         , -0.73
Al     ,   1, SMSS J133532.32-210632.9,          , 3.39   ,          ,        , -3.06,         , -0.33
Al     ,   1, SMSS J135217.78-151405.7,          , 3.11   ,          ,        , -3.34,         , -0.78
Al     ,   1, SMSS J135625.09-161538.7,          , 2.4    ,          ,        , -4.05,         , -1.29
Al     ,   1, SMSS J135819.95-150937.4,          , 3.15   ,          ,        , -3.3 ,         , -0.72
Al     ,   1, SMSS J141547.72-414034.0,          , 3.16   ,          ,        , -3.29,         , -1.03
Al     ,   1, SMSS J143511.34-420326.5,          , 2.92   ,          ,        , -3.53,         , -0.38
Al     ,   1, SMSS J151101.05-182103.0,          , 2.9    ,          ,        , -3.55,         , -0.84
Al     ,   0, SMSS J151450.18-182946.0,          ,        ,          ,        ,      ,         , 
Al     ,   1, SMSS J155430.57-263904.8,          , 3.31   ,          ,        , -3.14,         , -0.53
Al     ,   1, SMSS J155628.74-165533.4,          , 2.98   ,          ,        , -3.47,         , -0.68
Al     ,   1, SMSS J160447.75-293146.7,          , 3.35   ,          ,        , -3.1 ,         , -0.44
Al     ,   1, SMSS J164921.94-041943.9,          , 3.45   ,          ,        , -3.0 ,         , -0.76
Al     ,   1, SMSS J165023.82-252948.7,          , 3.31   ,          ,        , -3.14,         , -0.66
Al     ,   1, SMSS J165219.76-253133.7,          , 3.47   ,          ,        , -2.98,         , -0.78
Al     ,   1, SMSS J173823.36-145701.0,          , 2.24   ,          ,        , -4.21,         , -0.63
Al     ,   1, SMSS J174048.48-143635.6,          , 3.26   ,          ,        , -3.19,         , -0.69
Al     ,   1, SMSS J174916.38-455427.5,          , 3.31   ,          ,        , -3.14,         , -0.63
Al     ,   1, SMSS J174922.26-455103.8,          , 3.18   ,          ,        , -3.27,         , -0.5
Al     ,   1, SMSS J175021.86-414627.2,          , 2.79   ,          ,        , -3.66,         , -0.9
Al     ,   1, SMSS J175046.30-425506.9,          , 3.46   ,          ,        , -2.99,         , -0.82
Al     ,   1, SMSS J175738.37-454823.5,          , 3.28   ,          ,        , -3.17,         , -0.71
Al     ,   1, SMSS J183246.49-343434.2,          , 2.89   ,          ,        , -3.56,         , -0.56
Al     ,   1, SMSS J183753.10-380725.9,          , 2.87   ,          ,        , -3.58,         , -0.59
Al     ,   1, SMSS J184226.25-272602.7,          , 2.19   ,          ,        , -4.26,         , -0.37
Al     ,   1, SMSS J184825.29-305929.7,          , 2.5    ,          ,        , -3.95,         , -0.3
Al     ,   1, SMSS J185628.44-231809.8,          , 2.94   ,          ,        , -3.51,         , -0.52
Al     ,   1, SMSS J190549.33-214945.0,          , 2.6    ,          ,        , -3.85,         , -0.74
Al     ,   1, SMSS J190911.03-213207.5,          , 3.44   ,          ,        , -3.01,         , -0.61
Al     ,   1, SMSS J190931.13-214053.9,          , 2.2    ,          ,        , -4.25,         , -0.92
Al     ,   1, SMSS J191802.51-851523.0,          , 3.4    ,          ,        , -3.05,         , -0.43
Al     ,   1, SMSS J193528.46-462129.6,          , 2.26   ,          ,        , -4.19,         , -0.8
Al     ,   1, SMSS J193617.38-790231.4,          , 4.22   ,          ,        , -2.23,         , -0.94
Al     ,   1, SMSS J194432.13-720537.1,          , 3.2    ,          ,        , -3.25,         , -0.82
Al     ,   0, SMSS J195614.75-320145.9,          , 3.3    ,      0.0 ,        , -3.15,         , -0.84
Al     ,   1, SMSS J195931.70-643529.3,          , 3.42   ,          ,        , -3.03,         , -0.45
Al     ,   2, SMSS J200228.85-533114.4,          , 2.32   ,      0.09,        , -4.13,         , -0.91
Al     ,   1, SMSS J200654.42-321157.7,          , 2.24   ,          ,        , -4.21,         , -0.96
Al     ,   1, SMSS J202057.49-522417.2,          , 2.87   ,          ,        , -3.58,         , -0.46
Al     ,   2, SMSS J202123.89-515742.8,          , 3.42   ,      0.35,        , -3.03,         , -0.42
Al     ,   1, SMSS J205313.80-651830.6,          , 3.25   ,          ,        , -3.2 ,         , -0.58
Al     ,   1, SMSS J210021.85-653627.9,          , 3.97   ,          ,        , -2.48,         , -0.59
Al     ,   1, SMSS J211340.44-520017.5,          , 2.84   ,          ,        , -3.61,         , -1.21
Al     ,   1, SMSS J215805.81-651327.2,          , 2.04   ,          ,        , -3.0 ,         , -1.0
Al     ,   1, SMSS J221448.33-453949.9,          , 2.82   ,          ,        , -3.63,         , -1.07
Al     ,   1, SMSS J224838.41-550635.1,          , 2.68   ,          ,        , -3.77,         , -0.9
Al     ,   1, SMSS J224843.95-543610.1,          , 3.15   ,          ,        , -3.3 ,         , -0.92
Al     ,   1, SMSS J225851.25-265434.9,          , 2.12   ,          ,        , -4.33,         , -0.85
Al     ,   1, SMSS J230013.16-263511.0,          , 2.9    ,          ,        , -3.55,         , -0.2
Al     ,   1, SMSS J230113.95-291458.2,          , 2.75   ,          ,        , -3.7 ,         , -1.17
Al     ,   1, 2MASS J23203653-3637223 ,          , 3.71   ,          ,        , -2.74,         , -0.11
Al     ,   0, 2MASS J23261426-3719492 ,          ,        ,          ,        ,      ,         , 
Si     ,   1, SMSS J000113.96-363337.9,          , 5.69   ,          ,        , -1.82,         , 0.5
Si     ,   1, SMSS J001039.86-525851.4,          , 5.32   ,          ,        , -2.19,         , 0.13
Si     ,   0, SMSS J001952.15-525803.0,          ,        ,          ,        ,      ,         , 
Si     ,   0, SMSS J002148.06-471132.1,          ,        ,          ,        ,      ,         , 
Si     ,   1, SMSS J003055.81-482011.3,          , 5.74   ,          ,        , -1.77,         , 0.76
Si     ,   1, SMSS J003327.36-491037.9,          , 5.02   ,          ,        , -2.49,         , 0.87
Si     ,   1, SMSS J004037.56-515025.2,          , 4.27   ,          ,        , -3.24,         , 0.59
Si     ,   1, SMSS J005953.98-594329.9,          , 4.31   ,          ,        , -3.2 ,         , 0.73
Si     ,   0, SMSS J010332.63-534654.3,          ,        ,          ,        ,      ,         , 
Si     ,   1, SMSS J010651.91-524410.5,          , 4.65   ,          ,        , -2.86,         , 0.93
Si     ,   1, SMSS J010839.58-285701.5,          , 4.98   ,          ,        , -2.53,         , 0.49
Si     ,   0, SMSS J012147.80-495328.2,          ,        ,          ,        ,      ,         , 
Si     ,   0, SMSS J014624.60-352457.7,          ,        ,          ,        ,      ,         , 
Si     ,   1, SMSS J015350.94-775525.6,          , 5.67   ,          ,        , -1.84,         , 0.78
Si     ,   1, SMSS J015941.53-781408.7,          , 5.66   ,          ,        , -1.85,         , 1.26
Si     ,   0, 2MASS J02031860-7930291 ,          ,        ,          ,        ,      ,         , 
Si     ,   0, SMSS J020748.93-465616.4,          ,        ,          ,        ,      ,         , 
Si     ,   1, SMSS J021323.26-495936.5,          , 5.17   ,          ,        , -2.34,         , 0.53
Si     ,   1, SMSS J022410.38-534659.9,          , 5.07   ,          ,        , -2.44,         , 0.96
Si     ,   2, SMSS J022423.27-573705.1,          , 4.1    ,      0.1 ,        , -3.41,         , 0.55
Si     ,   1, SMSS J022452.58-731051.8,          , 5.07   ,          ,        , -2.44,         , 0.11
Si     ,   0, SMSS J022545.31-774119.9,          ,        ,          ,        ,      ,         , 
Si     ,   1, SMSS J022756.48-684256.6,          , 6.1    ,          ,        , -1.41,         , 0.81
Si     ,   1, SMSS J023139.43-523957.4,          , 5.38   ,          ,        , -2.13,         , 0.81
Si     ,   1, SMSS J023147.96-575341.7,          , 4.45   ,          ,        , -3.06,         , 0.36
Si     ,   1, SMSS J024643.28-352502.4,          , 4.69   ,          ,        , -2.82,         , 0.55
Si     ,   1, SMSS J024858.41-684306.4,          , 4.55   ,          ,        , -2.96,         , 0.75
Si     ,   1, 2MASS J03084611-4747083 ,          , 6.23   ,          ,        , -1.28,         , 0.28
Si     ,   0, SMSS J031556.09-473442.1,          ,        ,          ,        ,      ,         , 
Si     ,   2, SMSS J032132.29-363123.6,          , 4.52   ,      0.07,        , -2.99,         , 0.41
Si     ,   2, SMSS J033005.90-681352.5,          , 5.1    ,      0.02,        , -2.41,         , 1.03
Si     ,   1, SMSS J034249.53-284216.0,          , 5.32   ,          ,        , -2.19,         , 0.14
Si     ,   2, SMSS J040148.04-743537.3,          , 4.88   ,      0.04,        , -2.62,         , 0.46
Si     ,   1, SMSS J041957.56-493818.3,          , 5.39   ,          ,        , -2.12,         , 0.85
Si     ,   0, SMSS J051008.62-372019.8,          ,        ,          ,        ,      ,         , 
Si     ,   1, SMSS J055746.51-575057.4,          , 5.48   ,          ,        , -2.03,         , 0.47
Si     ,   3, SMSS J061725.30-600740.6,          , 5.55   ,      0.04,        , -1.96,         , 0.76
Si     ,   2, SMSS J062609.83-590503.2,          , 5.13   ,      0.06,        , -2.38,         , 0.39
Si     ,   2, SMSS J063447.15-622355.0,          , 4.92   ,      0.04,        , -2.59,         , 0.81
Si     ,   3, SMSS J064349.43-653038.6,          , 5.55   ,      0.01,        , -1.96,         , 0.52
Si     ,   2, SMSS J065014.40-614328.0,          , 5.0    ,      0.05,        , -2.5 ,         , 0.68
Si     ,   2, SMSS J070257.95-600422.4,          , 5.61   ,      0.06,        , -1.9 ,         , 0.72
Si     ,   4, SMSS J080050.54-724620.6,          , 5.78   ,      0.1 ,        , -1.73,         , 0.36
Si     ,   2, SMSS J085924.06-120104.9,          , 4.65   ,      0.01,        , -2.86,         , 0.77
Si     ,   2, SMSS J090247.43-122755.0,          , 5.72   ,      0.03,        , -1.79,         , 0.61
Si     ,   0, SMSS J091210.40-064427.9,          ,        ,          ,        ,      ,         , 
Si     ,   0, SMSS J093209.41-003435.8,          ,        ,          ,        ,      ,         , 
Si     ,   1, 2MASS J09380777-0600392 ,          , 4.41   ,          ,        , -3.1 ,         , -0.42
Si     ,   1, SMSS J093829.27-070520.9,          , 5.81   ,          ,        , -1.7 ,         , 0.64
Si     ,   1, SMSS J094029.05-060935.0,          , 4.75   ,          ,        , -2.76,         , 0.42
Si     ,   1, SMSS J094755.04-102724.7,          , 4.87   ,          ,        , -2.64,         , 0.35
Si     ,   3, SMSS J095120.49-401431.3,          , 6.03   ,      0.08,        , -1.48,         , 0.0
Si     ,   1, SMSS J100251.13-000152.1,          , 6.14   ,          ,        , -1.37,         , 1.25
Si     ,   0, 2MASS J10242264-2904203 ,          ,        ,          ,        ,      ,         , 
Si     ,   0, 2MASS J10275895-3006391 ,          ,        ,          ,        ,      ,         , 
Si     ,   0, 2MASS J10283035-2951115 ,          ,        ,          ,        ,      ,         , 
Si     ,   2, 2MASS J10294248-0103238 ,          , 5.61   ,      0.0 ,        , -1.9 ,         , 0.49
Si     ,   2, SMSS J105320.99-435300.1,          , 5.82   ,      0.06,        , -1.69,         , 0.17
Si     ,   3, SMSS J105438.86-435819.9,          , 5.96   ,      0.1 ,        , -1.55,         , 0.43
Si     ,   1, SMSS J110850.60-080034.7,          , 4.85   ,          ,        , -2.66,         , 0.24
Si     ,   2, SMSS J121353.63-441911.2,          , 5.5    ,      0.04,        , -2.01,         , 0.57
Si     ,   2, SMSS J121716.48-442510.2,          , 5.71   ,      0.06,        , -1.8 ,         , 0.3
Si     ,   1, SMSS J122455.61-151134.0,          , 6.19   ,          ,        , -1.32,         , 1.3
Si     ,   2, SMSS J123158.00-162317.6,          , 4.96   ,      0.2 ,        , -2.54,         , 0.08
Si     ,   2, SMSS J123246.06-054559.1,          , 5.21   ,      0.11,        , -2.3 ,         , 0.73
Si     ,   1, SMSS J125115.37-331448.1,          , 4.91   ,          ,        , -2.6 ,         , 0.04
Si     ,   0, SMSS J125125.64-340343.4,          ,        ,          ,        ,      ,         , 
Si     ,   0, SMSS J125451.18-334440.3,          ,        ,          ,        ,      ,         , 
Si     ,   2, SMSS J125804.65-335045.1,          , 4.8    ,      0.0 ,        , -2.71,         , 0.73
Si     ,   2, SMSS J130537.01-294438.3,          , 5.37   ,      0.1 ,        , -2.14,         , 0.21
Si     ,   2, SMSS J133013.61-434632.4,          , 5.24   ,      0.07,        , -2.27,         , 0.27
Si     ,   2, SMSS J133532.32-210632.9,          , 5.35   ,      0.07,        , -2.16,         , 0.57
Si     ,   1, SMSS J135217.78-151405.7,          , 5.19   ,          ,        , -2.32,         , 0.24
Si     ,   1, SMSS J135625.09-161538.7,          , 5.35   ,          ,        , -2.16,         , 0.6
Si     ,   1, SMSS J135819.95-150937.4,          , 5.89   ,          ,        , -1.62,         , 0.96
Si     ,   2, SMSS J141547.72-414034.0,          , 5.49   ,      0.09,        , -2.02,         , 0.24
Si     ,   2, SMSS J143511.34-420326.5,          , 4.55   ,      0.0 ,        , -2.96,         , 0.19
Si     ,   1, SMSS J151101.05-182103.0,          , 5.56   ,          ,        , -1.95,         , 0.76
Si     ,   0, SMSS J151450.18-182946.0,          ,        ,          ,        ,      ,         , 
Si     ,   2, SMSS J155430.57-263904.8,          , 5.44   ,      0.1 ,        , -2.07,         , 0.54
Si     ,   3, SMSS J155628.74-165533.4,          , 5.4    ,      0.01,        , -2.11,         , 0.68
Si     ,   2, SMSS J160447.75-293146.7,          , 5.63   ,      0.1 ,        , -1.88,         , 0.78
Si     ,   2, SMSS J164921.94-041943.9,          , 5.71   ,      0.15,        , -1.79,         , 0.44
Si     ,   2, SMSS J165023.82-252948.7,          , 5.73   ,      0.13,        , -1.78,         , 0.7
Si     ,   2, SMSS J165219.76-253133.7,          , 5.79   ,      0.05,        , -1.72,         , 0.48
Si     ,   2, SMSS J173823.36-145701.0,          , 4.32   ,      0.04,        , -3.19,         , 0.39
Si     ,   2, SMSS J174048.48-143635.6,          , 5.35   ,      0.06,        , -2.16,         , 0.33
Si     ,   2, SMSS J174916.38-455427.5,          , 5.46   ,      0.08,        , -2.05,         , 0.46
Si     ,   2, SMSS J174922.26-455103.8,          , 5.38   ,      0.05,        , -2.13,         , 0.64
Si     ,   2, SMSS J175021.86-414627.2,          , 5.42   ,      0.01,        , -2.09,         , 0.66
Si     ,   2, SMSS J175046.30-425506.9,          , 5.58   ,      0.09,        , -1.92,         , 0.24
Si     ,   1, SMSS J175738.37-454823.5,          , 5.68   ,          ,        , -1.83,         , 0.63
Si     ,   2, SMSS J183246.49-343434.2,          , 5.3    ,      0.08,        , -2.21,         , 0.79
Si     ,   2, SMSS J183753.10-380725.9,          , 5.07   ,      0.02,        , -2.44,         , 0.56
Si     ,   2, SMSS J184226.25-272602.7,          , 4.56   ,      0.06,        , -2.95,         , 0.95
Si     ,   2, SMSS J184825.29-305929.7,          , 4.67   ,      0.12,        , -2.85,         , 0.8
Si     ,   2, SMSS J185628.44-231809.8,          , 5.09   ,      0.1 ,        , -2.42,         , 0.57
Si     ,   2, SMSS J190549.33-214945.0,          , 5.28   ,      0.11,        , -2.23,         , 0.88
Si     ,   2, SMSS J190911.03-213207.5,          , 5.56   ,      0.11,        , -1.95,         , 0.45
Si     ,   2, SMSS J190931.13-214053.9,          , 4.43   ,      0.12,        , -3.08,         , 0.26
Si     ,   1, SMSS J191802.51-851523.0,          , 5.27   ,          ,        , -2.24,         , 0.38
Si     ,   2, SMSS J193528.46-462129.6,          , 4.54   ,      0.02,        , -2.97,         , 0.42
Si     ,   2, SMSS J193617.38-790231.4,          , 6.39   ,      0.02,        , -1.12,         , 0.17
Si     ,   2, SMSS J194432.13-720537.1,          , 5.92   ,      0.06,        , -1.59,         , 0.84
Si     ,   1, SMSS J195614.75-320145.9,          , 5.52   ,          ,        , -1.99,         , 0.32
Si     ,   2, SMSS J195931.70-643529.3,          , 5.47   ,      0.02,        , -2.04,         , 0.54
Si     ,   2, SMSS J200228.85-533114.4,          , 5.1    ,      0.1 ,        , -2.41,         , 0.81
Si     ,   1, SMSS J200654.42-321157.7,          , 4.21   ,          ,        , -3.3 ,         , -0.05
Si     ,   2, SMSS J202057.49-522417.2,          , 4.91   ,      0.08,        , -2.6 ,         , 0.52
Si     ,   2, SMSS J202123.89-515742.8,          , 5.33   ,      0.0 ,        , -2.18,         , 0.43
Si     ,   2, SMSS J205313.80-651830.6,          , 5.4    ,      0.05,        , -2.11,         , 0.51
Si     ,   2, SMSS J210021.85-653627.9,          , 5.88   ,      0.08,        , -1.63,         , 0.26
Si     ,   1, SMSS J211340.44-520017.5,          , 5.72   ,          ,        , -1.79,         , 0.61
Si     ,   2, SMSS J215805.81-651327.2,          , 5.0    ,      0.09,        , -2.51,         , 0.9
Si     ,   1, SMSS J221448.33-453949.9,          , 5.15   ,          ,        , -2.36,         , 0.2
Si     ,   2, SMSS J224838.41-550635.1,          , 5.13   ,      0.12,        , -2.38,         , 0.5
Si     ,   1, SMSS J224843.95-543610.1,          , 5.73   ,          ,        , -1.78,         , 0.6
Si     ,   1, SMSS J225851.25-265434.9,          , 4.72   ,          ,        , -2.79,         , 0.69
Si     ,   2, SMSS J230013.16-263511.0,          , 4.97   ,      0.08,        , -2.54,         , 0.81
Si     ,   1, SMSS J230113.95-291458.2,          , 5.13   ,          ,        , -2.38,         , 0.15
Si     ,   1, 2MASS J23203653-3637223 ,          , 5.22   ,          ,        , -2.29,         , 0.34
Si     ,   1, 2MASS J23261426-3719492 ,          , 6.01   ,          ,        , -1.5 ,         , 1.05
Ca     ,  20, SMSS J000113.96-363337.9,          , 4.36   ,      0.09,        , -1.98,         , 0.35
Ca     ,  21, SMSS J001039.86-525851.4,          , 4.28   ,      0.1 ,        , -2.06,         , 0.26
Ca     ,  20, SMSS J001952.15-525803.0,          , 4.1    ,      0.09,        , -2.24,         , 0.32
Ca     ,   3, SMSS J002148.06-471132.1,          , 3.34   ,      0.07,        , -3.0 ,         , 0.17
Ca     ,   9, SMSS J003055.81-482011.3,          , 4.19   ,      0.12,        , -2.15,         , 0.38
Ca     ,   5, SMSS J003327.36-491037.9,          , 3.41   ,      0.09,        , -2.93,         , 0.44
Ca     ,   5, SMSS J004037.56-515025.2,          , 2.92   ,      0.05,        , -3.42,         , 0.41
Ca     ,   4, SMSS J005953.98-594329.9,          , 2.96   ,      0.05,        , -3.38,         , 0.55
Ca     ,   6, SMSS J010332.63-534654.3,          , 3.78   ,      0.04,        , -2.56,         , 0.47
Ca     ,   8, SMSS J010651.91-524410.5,          , 3.01   ,      0.08,        , -3.33,         , 0.46
Ca     ,  15, SMSS J010839.58-285701.5,          , 3.74   ,      0.09,        , -2.6 ,         , 0.42
Ca     ,  20, SMSS J012147.80-495328.2,          , 4.8    ,      0.12,        , -1.54,         , 0.05
Ca     ,  19, SMSS J014624.60-352457.7,          , 4.02   ,      0.09,        , -2.32,         , 0.49
Ca     ,   6, SMSS J015350.94-775525.6,          , 3.79   ,      0.08,        , -2.55,         , 0.07
Ca     ,   9, SMSS J015941.53-781408.7,          , 3.69   ,      0.08,        , -2.65,         , 0.46
Ca     ,   9, 2MASS J02031860-7930291 ,          , 3.69   ,      0.11,        , -2.65,         , 0.37
Ca     ,  11, SMSS J020748.93-465616.4,          , 4.09   ,      0.06,        , -2.25,         , 0.46
Ca     ,  14, SMSS J021323.26-495936.5,          , 4.0    ,      0.08,        , -2.34,         , 0.53
Ca     ,   9, SMSS J022410.38-534659.9,          , 3.2    ,      0.08,        , -3.14,         , 0.26
Ca     ,   5, SMSS J022423.27-573705.1,          , 2.78   ,      0.07,        , -3.56,         , 0.4
Ca     ,   6, SMSS J022452.58-731051.8,          , 4.06   ,      0.07,        , -2.28,         , 0.28
Ca     ,  11, SMSS J022545.31-774119.9,          , 4.11   ,      0.09,        , -2.23,         , 0.4
Ca     ,  13, SMSS J022756.48-684256.6,          , 4.29   ,      0.08,        , -2.05,         , 0.17
Ca     ,  13, SMSS J023139.43-523957.4,          , 3.9    ,      0.08,        , -2.44,         , 0.49
Ca     ,   4, SMSS J023147.96-575341.7,          , 3.15   ,      0.03,        , -3.19,         , 0.23
Ca     ,   6, SMSS J024643.28-352502.4,          , 3.51   ,      0.05,        , -2.83,         , 0.54
Ca     ,  10, SMSS J024858.41-684306.4,          , 3.06   ,      0.08,        , -3.28,         , 0.42
Ca     ,  17, 2MASS J03084611-4747083 ,          , 5.18   ,      0.11,        , -1.16,         , 0.4
Ca     ,   8, SMSS J031556.09-473442.1,          , 3.48   ,      0.11,        , -2.86,         , 0.4
Ca     ,  11, SMSS J032132.29-363123.6,          , 3.43   ,      0.1 ,        , -2.91,         , 0.49
Ca     ,   9, SMSS J033005.90-681352.5,          , 3.18   ,      0.07,        , -3.16,         , 0.28
Ca     ,   9, SMSS J034249.53-284216.0,          , 3.85   ,      0.08,        , -2.49,         , -0.16
Ca     ,  16, SMSS J040148.04-743537.3,          , 3.67   ,      0.07,        , -2.67,         , 0.42
Ca     ,  13, SMSS J041957.56-493818.3,          , 3.63   ,      0.08,        , -2.71,         , 0.25
Ca     ,  13, SMSS J051008.62-372019.8,          , 3.56   ,      0.09,        , -2.78,         , 0.41
Ca     ,  15, SMSS J055746.51-575057.4,          , 4.26   ,      0.1 ,        , -2.08,         , 0.43
Ca     ,  16, SMSS J061725.30-600740.6,          , 3.97   ,      0.11,        , -2.37,         , 0.35
Ca     ,  17, SMSS J062609.83-590503.2,          , 3.77   ,      0.09,        , -2.57,         , 0.2
Ca     ,  12, SMSS J063447.15-622355.0,          , 3.21   ,      0.1 ,        , -3.13,         , 0.28
Ca     ,  24, SMSS J064349.43-653038.6,          , 4.08   ,      0.11,        , -2.25,         , 0.23
Ca     ,  14, SMSS J065014.40-614328.0,          , 3.4    ,      0.11,        , -2.94,         , 0.24
Ca     ,  24, SMSS J070257.95-600422.4,          , 4.07   ,      0.11,        , -2.27,         , 0.35
Ca     ,  20, SMSS J080050.54-724620.6,          , 4.64   ,      0.13,        , -1.7 ,         , 0.39
Ca     ,  12, SMSS J085924.06-120104.9,          , 3.24   ,      0.13,        , -3.1 ,         , 0.54
Ca     ,  24, SMSS J090247.43-122755.0,          , 4.39   ,      0.11,        , -1.95,         , 0.45
Ca     ,  10, SMSS J091210.40-064427.9,          , 4.05   ,      0.1 ,        , -2.29,         , 0.36
Ca     ,   4, SMSS J093209.41-003435.8,          , 3.66   ,      0.11,        , -2.68,         , 0.43
Ca     ,   4, 2MASS J09380777-0600392 ,          , 3.92   ,      0.08,        , -2.42,         , 0.25
Ca     ,   3, SMSS J093829.27-070520.9,          , 4.13   ,      0.11,        , -2.21,         , 0.13
Ca     ,  16, SMSS J094029.05-060935.0,          , 3.64   ,      0.1 ,        , -2.7 ,         , 0.48
Ca     ,  24, SMSS J094755.04-102724.7,          , 3.79   ,      0.1 ,        , -2.55,         , 0.45
Ca     ,  18, SMSS J095120.49-401431.3,          , 5.31   ,      0.11,        , -1.03,         , 0.45
Ca     ,   6, SMSS J100251.13-000152.1,          , 3.97   ,      0.07,        , -2.37,         , 0.25
Ca     ,   7, 2MASS J10242264-2904203 ,          , 3.62   ,      0.13,        , -2.72,         , 0.42
Ca     ,  17, 2MASS J10275895-3006391 ,          , 3.76   ,      0.07,        , -2.58,         , 0.39
Ca     ,   4, 2MASS J10283035-2951115 ,          , 4.33   ,      0.06,        , -2.01,         , 0.38
Ca     ,  23, 2MASS J10294248-0103238 ,          , 4.34   ,      0.09,        , -2.0 ,         , 0.39
Ca     ,  21, SMSS J105320.99-435300.1,          , 4.71   ,      0.12,        , -1.63,         , 0.23
Ca     ,  21, SMSS J105438.86-435819.9,          , 4.8    ,      0.09,        , -1.54,         , 0.43
Ca     ,   6, SMSS J110850.60-080034.7,          , 3.81   ,      0.09,        , -2.53,         , 0.37
Ca     ,  20, SMSS J121353.63-441911.2,          , 4.18   ,      0.11,        , -2.16,         , 0.43
Ca     ,  24, SMSS J121716.48-442510.2,          , 4.56   ,      0.12,        , -1.78,         , 0.32
Ca     ,  13, SMSS J122455.61-151134.0,          , 4.16   ,      0.14,        , -2.18,         , 0.44
Ca     ,   7, SMSS J123158.00-162317.6,          , 3.94   ,      0.1 ,        , -2.4 ,         , 0.23
Ca     ,  13, SMSS J123246.06-054559.1,          , 3.64   ,      0.1 ,        , -2.7 ,         , 0.32
Ca     ,   9, SMSS J125115.37-331448.1,          , 4.01   ,      0.11,        , -2.33,         , 0.32
Ca     ,   9, SMSS J125125.64-340343.4,          , 4.23   ,      0.1 ,        , -2.11,         , 0.41
Ca     ,  10, SMSS J125451.18-334440.3,          , 3.85   ,      0.1 ,        , -2.49,         , 0.31
Ca     ,   9, SMSS J125804.65-335045.1,          , 3.38   ,      0.09,        , -2.96,         , 0.47
Ca     ,  24, SMSS J130537.01-294438.3,          , 4.29   ,      0.13,        , -2.05,         , 0.31
Ca     ,  14, SMSS J133013.61-434632.4,          , 4.08   ,      0.11,        , -2.26,         , 0.28
Ca     ,  23, SMSS J133532.32-210632.9,          , 4.05   ,      0.1 ,        , -2.29,         , 0.44
Ca     ,  13, SMSS J135217.78-151405.7,          , 4.19   ,      0.09,        , -2.15,         , 0.4
Ca     ,   9, SMSS J135625.09-161538.7,          , 3.94   ,      0.16,        , -2.4 ,         , 0.36
Ca     ,  13, SMSS J135819.95-150937.4,          , 4.13   ,      0.11,        , -2.21,         , 0.37
Ca     ,  18, SMSS J141547.72-414034.0,          , 4.23   ,      0.1 ,        , -2.11,         , 0.15
Ca     ,  13, SMSS J143511.34-420326.5,          , 3.62   ,      0.09,        , -2.72,         , 0.43
Ca     ,   8, SMSS J151101.05-182103.0,          , 3.98   ,      0.16,        , -2.36,         , 0.35
Ca     ,   7, SMSS J151450.18-182946.0,          , 3.99   ,      0.09,        , -2.35,         , 0.38
Ca     ,  24, SMSS J155430.57-263904.8,          , 4.06   ,      0.11,        , -2.38,         , 0.33
Ca     ,  18, SMSS J155628.74-165533.4,          , 4.01   ,      0.1 ,        , -2.33,         , 0.46
Ca     ,  19, SMSS J160447.75-293146.7,          , 4.11   ,      0.11,        , -2.23,         , 0.42
Ca     ,  21, SMSS J164921.94-041943.9,          , 4.51   ,      0.1 ,        , -1.83,         , 0.41
Ca     ,  18, SMSS J165023.82-252948.7,          , 4.22   ,      0.11,        , -2.12,         , 0.35
Ca     ,  22, SMSS J165219.76-253133.7,          , 4.59   ,      0.1 ,        , -1.75,         , 0.45
Ca     ,   8, SMSS J173823.36-145701.0,          , 3.06   ,      0.11,        , -3.28,         , 0.3
Ca     ,  19, SMSS J174048.48-143635.6,          , 4.04   ,      0.11,        , -2.3 ,         , 0.2
Ca     ,  17, SMSS J174916.38-455427.5,          , 4.16   ,      0.11,        , -2.18,         , 0.33
Ca     ,  16, SMSS J174922.26-455103.8,          , 4.08   ,      0.12,        , -2.26,         , 0.51
Ca     ,  20, SMSS J175021.86-414627.2,          , 3.94   ,      0.09,        , -2.4 ,         , 0.36
Ca     ,  21, SMSS J175046.30-425506.9,          , 4.51   ,      0.09,        , -1.83,         , 0.33
Ca     ,  20, SMSS J175738.37-454823.5,          , 4.2    ,      0.1 ,        , -2.14,         , 0.32
Ca     ,  24, SMSS J183246.49-343434.2,          , 3.77   ,      0.12,        , -2.57,         , 0.43
Ca     ,  22, SMSS J183753.10-380725.9,          , 3.7    ,      0.1 ,        , -2.64,         , 0.35
Ca     ,  13, SMSS J184226.25-272602.7,          , 3.05   ,      0.11,        , -3.29,         , 0.6
Ca     ,   8, SMSS J184825.29-305929.7,          , 3.13   ,      0.12,        , -3.21,         , 0.43
Ca     ,  21, SMSS J185628.44-231809.8,          , 3.71   ,      0.13,        , -2.63,         , 0.35
Ca     ,  19, SMSS J190549.33-214945.0,          , 3.69   ,      0.1 ,        , -2.65,         , 0.46
Ca     ,  22, SMSS J190911.03-213207.5,          , 4.34   ,      0.09,        , -2.0 ,         , 0.41
Ca     ,   9, SMSS J190931.13-214053.9,          , 3.39   ,      0.12,        , -2.95,         , 0.38
Ca     ,   5, SMSS J191802.51-851523.0,          , 4.03   ,      0.1 ,        , -2.31,         , 0.32
Ca     ,   9, SMSS J193528.46-462129.6,          , 3.31   ,      0.1 ,        , -3.03,         , 0.37
Ca     ,  17, SMSS J193617.38-790231.4,          , 5.35   ,      0.13,        , -0.99,         , 0.3
Ca     ,  16, SMSS J194432.13-720537.1,          , 4.29   ,      0.09,        , -2.05,         , 0.38
Ca     ,  18, SMSS J195614.75-320145.9,          , 4.44   ,      0.1 ,        , -1.9 ,         , 0.41
Ca     ,  21, SMSS J195931.70-643529.3,          , 4.2    ,      0.1 ,        , -2.14,         , 0.44
Ca     ,   7, SMSS J200228.85-533114.4,          , 3.39   ,      0.11,        , -2.95,         , 0.27
Ca     ,   3, SMSS J200654.42-321157.7,          , 3.27   ,      0.05,        , -3.07,         , 0.19
Ca     ,  13, SMSS J202057.49-522417.2,          , 3.71   ,      0.13,        , -2.63,         , 0.49
Ca     ,  10, SMSS J202123.89-515742.8,          , 3.92   ,      0.18,        , -2.42,         , 0.19
Ca     ,  10, SMSS J205313.80-651830.6,          , 4.07   ,      0.07,        , -2.27,         , 0.35
Ca     ,  20, SMSS J210021.85-653627.9,          , 4.7    ,      0.11,        , -1.64,         , 0.25
Ca     ,  16, SMSS J211340.44-520017.5,          , 4.24   ,      0.09,        , -2.1 ,         , 0.3
Ca     ,  13, SMSS J215805.81-651327.2,          , 3.41   ,      0.12,        , -2.93,         , 0.48
Ca     ,  14, SMSS J221448.33-453949.9,          , 4.04   ,      0.12,        , -2.3 ,         , 0.26
Ca     ,  17, SMSS J224838.41-550635.1,          , 3.75   ,      0.15,        , -2.59,         , 0.28
Ca     ,  20, SMSS J224843.95-543610.1,          , 4.24   ,      0.12,        , -2.1 ,         , 0.28
Ca     ,   5, SMSS J225851.25-265434.9,          , 3.2    ,      0.08,        , -3.14,         , 0.35
Ca     ,  11, SMSS J230013.16-263511.0,          , 3.38   ,      0.1 ,        , -2.96,         , 0.39
Ca     ,  16, SMSS J230113.95-291458.2,          , 4.11   ,      0.17,        , -2.23,         , 0.3
Ca     ,   5, 2MASS J23203653-3637223 ,          , 4.07   ,      0.13,        , -2.27,         , 0.36
Ca     ,  12, 2MASS J23261426-3719492 ,          , 4.14   ,      0.11,        , -2.2 ,         , 0.35
Sc     ,   1, SMSS J000113.96-363337.9,          , 1.03   ,          ,        , -2.12,         , 0.2
Sc     ,   1, SMSS J001039.86-525851.4,          , 0.86   ,          ,        , -2.29,         , 0.03
Sc     ,   1, SMSS J001952.15-525803.0,          , 0.5    ,          ,        , -2.65,         , -0.09
Sc     ,   1, SMSS J002148.06-471132.1,          , -0.14  ,          ,        , -3.29,         , -0.12
Sc     ,   1, SMSS J003055.81-482011.3,          , 0.63   ,          ,        , -2.52,         , 0.01
Sc     ,   1, SMSS J003327.36-491037.9,          , -0.27  ,          ,        , -3.42,         , -0.06
Sc     ,   1, SMSS J004037.56-515025.2,          , -1.02  ,          ,        , -4.17,         , -0.34
Sc     ,   2, SMSS J005953.98-594329.9,          , -0.8   ,      0.13,        , -3.95,         , -0.01
Sc     ,   1, SMSS J010332.63-534654.3,          , -0.06  ,          ,        , -3.21,         , -0.18
Sc     ,   1, SMSS J010651.91-524410.5,          , -0.83  ,          ,        , -3.98,         , -0.19
Sc     ,   1, SMSS J010839.58-285701.5,          , 0.2    ,          ,        , -2.95,         , 0.07
Sc     ,   1, SMSS J012147.80-495328.2,          , 1.68   ,          ,        , -1.47,         , 0.12
Sc     ,   1, SMSS J014624.60-352457.7,          , 0.62   ,          ,        , -2.53,         , 0.28
Sc     ,   1, SMSS J015350.94-775525.6,          , 0.63   ,          ,        , -2.52,         , 0.14
Sc     ,   1, SMSS J015941.53-781408.7,          , 0.08   ,          ,        , -3.07,         , 0.04
Sc     ,   1, 2MASS J02031860-7930291 ,          , 0.28   ,          ,        , -2.87,         , 0.16
Sc     ,   1, SMSS J020748.93-465616.4,          , 0.78   ,          ,        , -2.37,         , 0.34
Sc     ,   1, SMSS J021323.26-495936.5,          , 0.31   ,          ,        , -2.84,         , 0.03
Sc     ,   1, SMSS J022410.38-534659.9,          , -0.26  ,          ,        , -3.41,         , -0.01
Sc     ,   1, SMSS J022423.27-573705.1,          , -0.47  ,          ,        , -3.62,         , 0.35
Sc     ,   1, SMSS J022452.58-731051.8,          , 0.33   ,          ,        , -2.82,         , -0.27
Sc     ,   1, SMSS J022545.31-774119.9,          , 0.39   ,          ,        , -2.76,         , -0.13
Sc     ,   1, SMSS J022756.48-684256.6,          , 0.88   ,          ,        , -2.27,         , -0.05
Sc     ,   1, SMSS J023139.43-523957.4,          , 0.23   ,          ,        , -2.92,         , 0.02
Sc     ,   1, SMSS J023147.96-575341.7,          , -0.65  ,          ,        , -3.8 ,         , -0.38
Sc     ,   1, SMSS J024643.28-352502.4,          , -0.02  ,          ,        , -3.17,         , 0.2
Sc     ,   5, SMSS J024858.41-684306.4,          , -0.7   ,      0.1 ,        , -3.85,         , -0.14
Sc     ,   1, 2MASS J03084611-4747083 ,          , 1.43   ,          ,        , -1.72,         , -0.16
Sc     ,   1, SMSS J031556.09-473442.1,          , -0.07  ,          ,        , -3.22,         , 0.04
Sc     ,   1, SMSS J032132.29-363123.6,          , -0.47  ,          ,        , -3.62,         , -0.22
Sc     ,   5, SMSS J033005.90-681352.5,          , -0.33  ,      0.12,        , -3.48,         , -0.04
Sc     ,   1, SMSS J034249.53-284216.0,          , 0.23   ,          ,        , -2.92,         , -0.59
Sc     ,   5, SMSS J040148.04-743537.3,          , 0.04   ,      0.08,        , -3.11,         , -0.02
Sc     ,   0, SMSS J041957.56-493818.3,          ,        ,          ,        ,      ,         , 
Sc     ,   1, SMSS J051008.62-372019.8,          , -0.06  ,          ,        , -3.21,         , -0.01
Sc     ,   5, SMSS J055746.51-575057.4,          , 0.56   ,      0.17,        , -2.59,         , -0.09
Sc     ,   5, SMSS J061725.30-600740.6,          , 0.24   ,      0.1 ,        , -2.91,         , -0.19
Sc     ,   5, SMSS J062609.83-590503.2,          , 0.01   ,      0.07,        , -3.14,         , -0.37
Sc     ,   5, SMSS J063447.15-622355.0,          , -0.54  ,      0.07,        , -3.69,         , -0.28
Sc     ,   5, SMSS J064349.43-653038.6,          , 0.36   ,      0.11,        , -2.79,         , -0.31
Sc     ,   5, SMSS J065014.40-614328.0,          , -0.03  ,      0.13,        , -3.18,         , 0.0
Sc     ,   5, SMSS J070257.95-600422.4,          , 0.26   ,      0.15,        , -2.89,         , -0.27
Sc     ,   5, SMSS J080050.54-724620.6,          , 0.96   ,      0.11,        , -2.19,         , -0.11
Sc     ,   5, SMSS J085924.06-120104.9,          , -0.53  ,      0.12,        , -3.68,         , -0.05
Sc     ,   5, SMSS J090247.43-122755.0,          , 0.5    ,      0.09,        , -2.65,         , -0.25
Sc     ,   1, SMSS J091210.40-064427.9,          , 0.46   ,          ,        , -2.69,         , -0.05
Sc     ,   1, SMSS J093209.41-003435.8,          , -0.17  ,          ,        , -3.32,         , -0.21
Sc     ,   2, 2MASS J09380777-0600392 ,          , -0.09  ,      0.23,        , -3.23,         , -0.55
Sc     ,   0, SMSS J093829.27-070520.9,          ,        ,          ,        ,      ,         , 
Sc     ,   1, SMSS J094029.05-060935.0,          , 0.01   ,          ,        , -3.14,         , 0.04
Sc     ,   1, SMSS J094755.04-102724.7,          , 0.05   ,          ,        , -3.1 ,         , -0.11
Sc     ,   5, SMSS J095120.49-401431.3,          , 1.6    ,      0.16,        , -1.55,         , -0.07
Sc     ,   1, SMSS J100251.13-000152.1,          , 0.23   ,          ,        , -2.92,         , -0.3
Sc     ,   1, 2MASS J10242264-2904203 ,          , -0.12  ,          ,        , -3.27,         , -0.14
Sc     ,   0, 2MASS J10275895-3006391 ,          ,        ,          ,        ,      ,         , 
Sc     ,   0, 2MASS J10283035-2951115 ,          ,        ,          ,        ,      ,         , 
Sc     ,   1, 2MASS J10294248-0103238 ,          , 0.6    ,          ,        , -2.55,         , -0.16
Sc     ,   5, SMSS J105320.99-435300.1,          , 0.91   ,      0.11,        , -2.24,         , -0.38
Sc     ,   5, SMSS J105438.86-435819.9,          , 1.04   ,      0.19,        , -2.11,         , -0.13
Sc     ,   1, SMSS J110850.60-080034.7,          , 0.28   ,          ,        , -2.87,         , 0.03
Sc     ,   4, SMSS J121353.63-441911.2,          , 0.46   ,      0.06,        , -2.69,         , -0.1
Sc     ,   5, SMSS J121716.48-442510.2,          , 0.82   ,      0.07,        , -2.33,         , -0.23
Sc     ,   1, SMSS J122455.61-151134.0,          , 0.05   ,          ,        , -3.1 ,         , -0.48
Sc     ,   1, SMSS J123158.00-162317.6,          , 0.48   ,          ,        , -2.67,         , -0.04
Sc     ,   5, SMSS J123246.06-054559.1,          , -0.08  ,      0.11,        , -3.23,         , -0.2
Sc     ,   1, SMSS J125115.37-331448.1,          , -0.07  ,          ,        , -3.22,         , -0.58
Sc     ,   1, SMSS J125125.64-340343.4,          , 0.33   ,          ,        , -2.82,         , -0.3
Sc     ,   1, SMSS J125451.18-334440.3,          , 0.49   ,          ,        , -2.66,         , 0.15
Sc     ,   5, SMSS J125804.65-335045.1,          , -0.42  ,      0.13,        , -3.57,         , -0.13
Sc     ,   5, SMSS J130537.01-294438.3,          , 0.53   ,      0.1 ,        , -2.62,         , -0.27
Sc     ,   5, SMSS J133013.61-434632.4,          , 0.43   ,      0.06,        , -2.72,         , -0.18
Sc     ,   5, SMSS J133532.32-210632.9,          , 0.38   ,      0.06,        , -2.77,         , -0.04
Sc     ,   1, SMSS J135217.78-151405.7,          , 0.36   ,          ,        , -2.79,         , -0.23
Sc     ,   1, SMSS J135625.09-161538.7,          , -0.02  ,          ,        , -3.17,         , -0.41
Sc     ,   1, SMSS J135819.95-150937.4,          , 0.43   ,          ,        , -2.72,         , -0.14
Sc     ,   5, SMSS J141547.72-414034.0,          , 0.32   ,      0.09,        , -2.83,         , -0.57
Sc     ,   5, SMSS J143511.34-420326.5,          , -0.26  ,      0.07,        , -3.41,         , -0.26
Sc     ,   1, SMSS J151101.05-182103.0,          , 0.37   ,          ,        , -2.78,         , -0.07
Sc     ,   1, SMSS J151450.18-182946.0,          , 0.46   ,          ,        , -2.69,         , 0.04
Sc     ,   5, SMSS J155430.57-263904.8,          , 0.34   ,      0.07,        , -2.81,         , -0.2
Sc     ,   5, SMSS J155628.74-165533.4,          , 0.22   ,      0.06,        , -2.93,         , -0.14
Sc     ,   5, SMSS J160447.75-293146.7,          , 0.29   ,      0.08,        , -2.86,         , -0.2
Sc     ,   5, SMSS J164921.94-041943.9,          , 0.88   ,      0.06,        , -2.27,         , -0.03
Sc     ,   5, SMSS J165023.82-252948.7,          , 0.66   ,      0.1 ,        , -2.49,         , -0.01
Sc     ,   5, SMSS J165219.76-253133.7,          , 0.8    ,      0.15,        , -2.35,         , -0.15
Sc     ,   5, SMSS J173823.36-145701.0,          , -0.69  ,      0.13,        , -3.84,         , -0.26
Sc     ,   5, SMSS J174048.48-143635.6,          , 0.46   ,      0.08,        , -2.69,         , -0.19
Sc     ,   5, SMSS J174916.38-455427.5,          , 0.19   ,      0.08,        , -2.96,         , -0.45
Sc     ,   5, SMSS J174922.26-455103.8,          , 0.11   ,      0.08,        , -3.04,         , -0.27
Sc     ,   5, SMSS J175021.86-414627.2,          , 0.14   ,      0.12,        , -3.01,         , -0.25
Sc     ,   5, SMSS J175046.30-425506.9,          , 0.97   ,      0.13,        , -2.18,         , -0.01
Sc     ,   5, SMSS J175738.37-454823.5,          , 0.5    ,      0.04,        , -2.65,         , -0.19
Sc     ,   5, SMSS J183246.49-343434.2,          , -0.06  ,      0.04,        , -3.21,         , -0.21
Sc     ,   5, SMSS J183753.10-380725.9,          , -0.12  ,      0.1 ,        , -3.27,         , -0.28
Sc     ,   5, SMSS J184226.25-272602.7,          , -1.12  ,      0.12,        , -4.27,         , -0.38
Sc     ,   5, SMSS J184825.29-305929.7,          , -0.44  ,      0.08,        , -3.59,         , 0.06
Sc     ,   5, SMSS J185628.44-231809.8,          , 0.24   ,      0.1 ,        , -2.91,         , 0.08
Sc     ,   5, SMSS J190549.33-214945.0,          , 0.01   ,      0.06,        , -3.14,         , -0.03
Sc     ,   5, SMSS J190911.03-213207.5,          , 0.65   ,      0.16,        , -2.5 ,         , -0.1
Sc     ,   5, SMSS J190931.13-214053.9,          , -0.39  ,      0.08,        , -3.54,         , -0.21
Sc     ,   1, SMSS J191802.51-851523.0,          , 0.58   ,          ,        , -2.57,         , 0.06
Sc     ,   5, SMSS J193528.46-462129.6,          , 0.0    ,      0.09,        , -3.15,         , 0.24
Sc     ,   1, SMSS J193617.38-790231.4,          , 1.61   ,          ,        , -1.54,         , -0.23
Sc     ,   1, SMSS J194432.13-720537.1,          , 0.38   ,          ,        , -2.77,         , -0.34
Sc     ,   5, SMSS J195614.75-320145.9,          , 0.61   ,      0.25,        , -2.54,         , -0.22
Sc     ,   1, SMSS J195931.70-643529.3,          , 0.43   ,          ,        , -2.72,         , -0.14
Sc     ,   1, SMSS J200228.85-533114.4,          , 0.13   ,          ,        , -3.02,         , 0.2
Sc     ,   1, SMSS J200654.42-321157.7,          , 0.08   ,          ,        , -3.07,         , 0.18
Sc     ,   1, SMSS J202057.49-522417.2,          , 0.33   ,          ,        , -2.82,         , 0.3
Sc     ,   1, SMSS J202123.89-515742.8,          , -0.02  ,          ,        , -3.17,         , -0.56
Sc     ,   1, SMSS J205313.80-651830.6,          , 0.18   ,          ,        , -2.97,         , -0.35
Sc     ,   1, SMSS J210021.85-653627.9,          , 1.01   ,          ,        , -2.14,         , -0.25
Sc     ,   5, SMSS J211340.44-520017.5,          , 0.81   ,      0.24,        , -2.34,         , 0.06
Sc     ,   4, SMSS J215805.81-651327.2,          , -0.45  ,      0.11,        , -3.6 ,         , -0.19
Sc     ,   5, SMSS J221448.33-453949.9,          , 0.6    ,      0.21,        , -2.55,         , 0.01
Sc     ,   5, SMSS J224838.41-550635.1,          , 0.14   ,      0.1 ,        , -3.01,         , -0.14
Sc     ,   1, SMSS J224843.95-543610.1,          , 0.63   ,          ,        , -2.52,         , -0.14
Sc     ,   1, SMSS J225851.25-265434.9,          , -0.62  ,          ,        , -3.77,         , -0.28
Sc     ,   1, SMSS J230013.16-263511.0,          , -0.17  ,          ,        , -3.32,         , 0.03
Sc     ,   1, SMSS J230113.95-291458.2,          , 0.43   ,          ,        , -2.72,         , -0.19
Sc     ,   1, 2MASS J23203653-3637223 ,          , 0.48   ,          ,        , -2.67,         , -0.04
Sc     ,   1, 2MASS J23261426-3719492 ,          , 0.18   ,          ,        , -2.97,         , -0.42
Ti I   ,  28, SMSS J000113.96-363337.9,          , 2.75   ,      0.07,        , -2.2 ,         , 0.12
Ti I   ,  27, SMSS J001039.86-525851.4,          , 2.74   ,      0.09,        , -2.21,         , 0.1
Ti I   ,  24, SMSS J001952.15-525803.0,          , 2.55   ,      0.1 ,        , -2.4 ,         , 0.16
Ti I   ,   4, SMSS J002148.06-471132.1,          , 1.89   ,      0.08,        , -3.06,         , 0.11
Ti I   ,   8, SMSS J003055.81-482011.3,          , 2.54   ,      0.15,        , -2.41,         , 0.12
Ti I   ,   2, SMSS J003327.36-491037.9,          , 1.77   ,      0.06,        , -3.19,         , 0.18
Ti I   ,   5, SMSS J004037.56-515025.2,          , 1.2    ,      0.09,        , -3.75,         , 0.08
Ti I   ,   2, SMSS J005953.98-594329.9,          , 1.58   ,      0.09,        , -3.37,         , 0.56
Ti I   ,   9, SMSS J010332.63-534654.3,          , 2.22   ,      0.03,        , -2.73,         , 0.3
Ti I   ,   8, SMSS J010651.91-524410.5,          , 1.37   ,      0.06,        , -3.58,         , 0.21
Ti I   ,  10, SMSS J010839.58-285701.5,          , 2.17   ,      0.08,        , -2.79,         , 0.24
Ti I   ,  26, SMSS J012147.80-495328.2,          , 3.32   ,      0.14,        , -1.63,         , -0.04
Ti I   ,  20, SMSS J014624.60-352457.7,          , 2.42   ,      0.07,        , -2.53,         , 0.28
Ti I   ,  22, SMSS J015350.94-775525.6,          , 2.52   ,      0.1 ,        , -2.43,         , 0.19
Ti I   ,   7, SMSS J015941.53-781408.7,          , 2.05   ,      0.09,        , -2.9 ,         , 0.21
Ti I   ,  10, 2MASS J02031860-7930291 ,          , 2.23   ,      0.08,        , -2.72,         , 0.31
Ti I   ,  12, SMSS J020748.93-465616.4,          , 2.49   ,      0.06,        , -2.46,         , 0.25
Ti I   ,  13, SMSS J021323.26-495936.5,          , 2.35   ,      0.11,        , -2.6 ,         , 0.27
Ti I   ,   5, SMSS J022410.38-534659.9,          , 1.61   ,      0.06,        , -3.34,         , 0.06
Ti I   ,   3, SMSS J022423.27-573705.1,          , 1.33   ,      0.16,        , -3.62,         , 0.35
Ti I   ,   5, SMSS J022452.58-731051.8,          , 2.53   ,      0.08,        , -2.42,         , 0.13
Ti I   ,   8, SMSS J022545.31-774119.9,          , 2.59   ,      0.09,        , -2.36,         , 0.27
Ti I   ,  14, SMSS J022756.48-684256.6,          , 2.92   ,      0.14,        , -2.03,         , 0.2
Ti I   ,  18, SMSS J023139.43-523957.4,          , 2.29   ,      0.08,        , -2.66,         , 0.28
Ti I   ,   4, SMSS J023147.96-575341.7,          , 1.7    ,      0.1 ,        , -3.25,         , 0.17
Ti I   ,   5, SMSS J024643.28-352502.4,          , 2.01   ,      0.11,        , -2.94,         , 0.43
Ti I   ,   3, SMSS J024858.41-684306.4,          , 1.35   ,      0.12,        , -3.6 ,         , 0.1
Ti I   ,  21, 2MASS J03084611-4747083 ,          , 3.54   ,      0.1 ,        , -1.41,         , 0.15
Ti I   ,   3, SMSS J031556.09-473442.1,          , 2.02   ,      0.03,        , -2.93,         , 0.33
Ti I   ,  12, SMSS J032132.29-363123.6,          , 1.9    ,      0.09,        , -3.05,         , 0.35
Ti I   ,   3, SMSS J033005.90-681352.5,          , 1.68   ,      0.09,        , -3.27,         , 0.17
Ti I   ,   7, SMSS J034249.53-284216.0,          , 2.25   ,      0.07,        , -2.7 ,         , -0.37
Ti I   ,   8, SMSS J040148.04-743537.3,          , 2.1    ,      0.09,        , -2.85,         , 0.23
Ti I   ,  16, SMSS J041957.56-493818.3,          , 2.04   ,      0.03,        , -2.91,         , 0.06
Ti I   ,   6, SMSS J051008.62-372019.8,          , 2.06   ,      0.06,        , -2.89,         , 0.3
Ti I   ,  10, SMSS J055746.51-575057.4,          , 2.72   ,      0.11,        , -2.23,         , 0.27
Ti I   ,  21, SMSS J061725.30-600740.6,          , 2.42   ,      0.09,        , -2.53,         , 0.19
Ti I   ,  11, SMSS J062609.83-590503.2,          , 2.42   ,      0.07,        , -2.53,         , 0.24
Ti I   ,  17, SMSS J063447.15-622355.0,          , 1.54   ,      0.12,        , -3.41,         , -0.0
Ti I   ,  24, SMSS J064349.43-653038.6,          , 2.49   ,      0.1 ,        , -2.46,         , 0.02
Ti I   ,  13, SMSS J065014.40-614328.0,          , 1.81   ,      0.08,        , -3.14,         , 0.04
Ti I   ,  20, SMSS J070257.95-600422.4,          , 2.51   ,      0.09,        , -2.44,         , 0.19
Ti I   ,  17, SMSS J080050.54-724620.6,          , 3.04   ,      0.11,        , -1.91,         , 0.17
Ti I   ,   9, SMSS J085924.06-120104.9,          , 1.51   ,      0.12,        , -3.44,         , 0.19
Ti I   ,  20, SMSS J090247.43-122755.0,          , 2.71   ,      0.07,        , -2.24,         , 0.16
Ti I   ,   7, SMSS J091210.40-064427.9,          , 2.53   ,      0.09,        , -2.42,         , 0.22
Ti I   ,   3, SMSS J093209.41-003435.8,          , 2.01   ,      0.03,        , -2.94,         , 0.17
Ti I   ,   1, 2MASS J09380777-0600392 ,          , 2.56   ,          ,        , -2.39,         , 0.29
Ti I   ,   0, SMSS J093829.27-070520.9,          ,        ,          ,        ,      ,         , 
Ti I   ,   9, SMSS J094029.05-060935.0,          , 2.09   ,      0.09,        , -2.86,         , 0.32
Ti I   ,  15, SMSS J094755.04-102724.7,          , 2.2    ,      0.09,        , -2.75,         , 0.25
Ti I   ,  22, SMSS J095120.49-401431.3,          , 3.74   ,      0.1 ,        , -1.21,         , 0.27
Ti I   ,   4, SMSS J100251.13-000152.1,          , 2.62   ,      0.05,        , -2.33,         , 0.29
Ti I   ,   5, 2MASS J10242264-2904203 ,          , 2.08   ,      0.06,        , -2.87,         , 0.27
Ti I   ,  11, 2MASS J10275895-3006391 ,          , 2.25   ,      0.12,        , -2.7 ,         , 0.26
Ti I   ,   2, 2MASS J10283035-2951115 ,          , 2.67   ,      0.09,        , -2.28,         , 0.11
Ti I   ,  28, 2MASS J10294248-0103238 ,          , 2.71   ,      0.11,        , -2.24,         , 0.15
Ti I   ,  24, SMSS J105320.99-435300.1,          , 3.08   ,      0.11,        , -1.87,         , -0.01
Ti I   ,  27, SMSS J105438.86-435819.9,          , 3.25   ,      0.12,        , -1.7 ,         , 0.28
Ti I   ,   1, SMSS J110850.60-080034.7,          , 2.35   ,          ,        , -2.6 ,         , 0.3
Ti I   ,  23, SMSS J121353.63-441911.2,          , 2.58   ,      0.1 ,        , -2.37,         , 0.22
Ti I   ,  27, SMSS J121716.48-442510.2,          , 2.93   ,      0.11,        , -2.02,         , 0.08
Ti I   ,   5, SMSS J122455.61-151134.0,          , 2.54   ,      0.06,        , -2.41,         , 0.21
Ti I   ,   3, SMSS J123158.00-162317.6,          , 2.42   ,      0.04,        , -2.53,         , 0.09
Ti I   ,  10, SMSS J123246.06-054559.1,          , 2.15   ,      0.06,        , -2.8 ,         , 0.23
Ti I   ,   6, SMSS J125115.37-331448.1,          , 2.37   ,      0.1 ,        , -2.58,         , 0.06
Ti I   ,   7, SMSS J125125.64-340343.4,          , 2.77   ,      0.06,        , -2.18,         , 0.34
Ti I   ,   7, SMSS J125451.18-334440.3,          , 2.32   ,      0.08,        , -2.63,         , 0.17
Ti I   ,   4, SMSS J125804.65-335045.1,          , 1.76   ,      0.07,        , -3.19,         , 0.25
Ti I   ,  28, SMSS J130537.01-294438.3,          , 2.66   ,      0.11,        , -2.29,         , 0.07
Ti I   ,  18, SMSS J133013.61-434632.4,          , 2.56   ,      0.08,        , -2.39,         , 0.16
Ti I   ,  21, SMSS J133532.32-210632.9,          , 2.38   ,      0.1 ,        , -2.57,         , 0.16
Ti I   ,  11, SMSS J135217.78-151405.7,          , 2.69   ,      0.09,        , -2.26,         , 0.3
Ti I   ,   9, SMSS J135625.09-161538.7,          , 2.3    ,      0.08,        , -2.65,         , 0.11
Ti I   ,  12, SMSS J135819.95-150937.4,          , 2.53   ,      0.14,        , -2.42,         , 0.16
Ti I   ,  15, SMSS J141547.72-414034.0,          , 2.62   ,      0.11,        , -2.33,         , -0.07
Ti I   ,  13, SMSS J143511.34-420326.5,          , 2.03   ,      0.1 ,        , -2.92,         , 0.23
Ti I   ,   2, SMSS J151101.05-182103.0,          , 2.38   ,      0.15,        , -2.58,         , 0.14
Ti I   ,   5, SMSS J151450.18-182946.0,          , 2.43   ,      0.1 ,        , -2.52,         , 0.21
Ti I   ,  27, SMSS J155430.57-263904.8,          , 2.49   ,      0.08,        , -2.46,         , 0.15
Ti I   ,  18, SMSS J155628.74-165533.4,          , 2.48   ,      0.12,        , -2.47,         , 0.32
Ti I   ,  26, SMSS J160447.75-293146.7,          , 2.47   ,      0.1 ,        , -2.48,         , 0.18
Ti I   ,  24, SMSS J164921.94-041943.9,          , 2.99   ,      0.1 ,        , -1.96,         , 0.28
Ti I   ,  21, SMSS J165023.82-252948.7,          , 2.61   ,      0.11,        , -2.34,         , 0.14
Ti I   ,  25, SMSS J165219.76-253133.7,          , 2.91   ,      0.1 ,        , -2.04,         , 0.17
Ti I   ,   3, SMSS J173823.36-145701.0,          , 1.79   ,      0.07,        , -3.16,         , 0.42
Ti I   ,  15, SMSS J174048.48-143635.6,          , 2.39   ,      0.09,        , -2.56,         , -0.06
Ti I   ,  23, SMSS J174916.38-455427.5,          , 2.51   ,      0.09,        , -2.44,         , 0.07
Ti I   ,  19, SMSS J174922.26-455103.8,          , 2.44   ,      0.11,        , -2.51,         , 0.26
Ti I   ,  16, SMSS J175021.86-414627.2,          , 2.41   ,      0.11,        , -2.54,         , 0.21
Ti I   ,  21, SMSS J175046.30-425506.9,          , 2.95   ,      0.08,        , -2.0 ,         , 0.17
Ti I   ,  23, SMSS J175738.37-454823.5,          , 2.7    ,      0.13,        , -2.25,         , 0.22
Ti I   ,  22, SMSS J183246.49-343434.2,          , 2.17   ,      0.13,        , -2.78,         , 0.22
Ti I   ,  18, SMSS J183753.10-380725.9,          , 2.13   ,      0.13,        , -2.82,         , 0.17
Ti I   ,   4, SMSS J184226.25-272602.7,          , 1.17   ,      0.1 ,        , -3.78,         , 0.11
Ti I   ,   9, SMSS J184825.29-305929.7,          , 1.57   ,      0.1 ,        , -3.38,         , 0.27
Ti I   ,  14, SMSS J185628.44-231809.8,          , 2.1    ,      0.12,        , -2.85,         , 0.13
Ti I   ,  15, SMSS J190549.33-214945.0,          , 2.1    ,      0.1 ,        , -2.85,         , 0.26
Ti I   ,  29, SMSS J190911.03-213207.5,          , 2.74   ,      0.13,        , -2.21,         , 0.19
Ti I   ,   6, SMSS J190931.13-214053.9,          , 1.91   ,      0.1 ,        , -3.04,         , 0.29
Ti I   ,   4, SMSS J191802.51-851523.0,          , 2.45   ,      0.06,        , -2.5 ,         , 0.13
Ti I   ,   9, SMSS J193528.46-462129.6,          , 1.91   ,      0.08,        , -3.04,         , 0.35
Ti I   ,  21, SMSS J193617.38-790231.4,          , 3.81   ,      0.13,        , -1.14,         , 0.15
Ti I   ,  20, SMSS J194432.13-720537.1,          , 2.69   ,      0.13,        , -2.26,         , 0.17
Ti I   ,  14, SMSS J195614.75-320145.9,          , 2.85   ,      0.1 ,        , -2.1 ,         , 0.22
Ti I   ,  23, SMSS J195931.70-643529.3,          , 2.56   ,      0.09,        , -2.39,         , 0.19
Ti I   ,   6, SMSS J200228.85-533114.4,          , 1.77   ,      0.17,        , -3.18,         , 0.04
Ti I   ,   0, SMSS J200654.42-321157.7,          ,        ,          ,        ,      ,         , 
Ti I   ,   9, SMSS J202057.49-522417.2,          , 2.15   ,      0.15,        , -2.8 ,         , 0.32
Ti I   ,   7, SMSS J202123.89-515742.8,          , 2.5    ,      0.16,        , -2.45,         , 0.16
Ti I   ,  14, SMSS J205313.80-651830.6,          , 2.47   ,      0.08,        , -2.48,         , 0.13
Ti I   ,  18, SMSS J210021.85-653627.9,          , 3.25   ,      0.11,        , -1.7 ,         , 0.2
Ti I   ,  12, SMSS J211340.44-520017.5,          , 2.66   ,      0.11,        , -2.29,         , 0.11
Ti I   ,   9, SMSS J215805.81-651327.2,          , 1.83   ,      0.1 ,        , -3.12,         , 0.3
Ti I   ,  21, SMSS J221448.33-453949.9,          , 2.53   ,      0.11,        , -2.42,         , 0.14
Ti I   ,  15, SMSS J224838.41-550635.1,          , 2.1    ,      0.15,        , -2.85,         , 0.02
Ti I   ,  18, SMSS J224843.95-543610.1,          , 2.63   ,      0.09,        , -2.32,         , 0.06
Ti I   ,   3, SMSS J225851.25-265434.9,          , 1.88   ,      0.0 ,        , -3.07,         , 0.42
Ti I   ,  11, SMSS J230013.16-263511.0,          , 1.89   ,      0.12,        , -3.06,         , 0.29
Ti I   ,  16, SMSS J230113.95-291458.2,          , 2.59   ,      0.12,        , -2.36,         , 0.17
Ti I   ,   4, 2MASS J23203653-3637223 ,          , 2.32   ,      0.13,        , -2.63,         , -0.0
Ti I   ,   6, 2MASS J23261426-3719492 ,          , 2.7    ,      0.13,        , -2.25,         , 0.29
Ti II  ,  37, SMSS J000113.96-363337.9,          , 3.0    ,      0.07,        , -1.95,         , 0.38
Ti II  ,  37, SMSS J001039.86-525851.4,          , 2.9    ,      0.08,        , -2.05,         , 0.26
Ti II  ,  31, SMSS J001952.15-525803.0,          , 2.84   ,      0.1 ,        , -2.11,         , 0.45
Ti II  ,  17, SMSS J002148.06-471132.1,          , 1.9    ,      0.1 ,        , -3.05,         , 0.12
Ti II  ,  29, SMSS J003055.81-482011.3,          , 2.8    ,      0.14,        , -2.15,         , 0.39
Ti II  ,  18, SMSS J003327.36-491037.9,          , 1.95   ,      0.07,        , -3.0 ,         , 0.36
Ti II  ,  25, SMSS J004037.56-515025.2,          , 1.27   ,      0.1 ,        , -3.68,         , 0.14
Ti II  ,  13, SMSS J005953.98-594329.9,          , 1.34   ,      0.09,        , -3.61,         , 0.32
Ti II  ,  34, SMSS J010332.63-534654.3,          , 2.16   ,      0.1 ,        , -2.79,         , 0.25
Ti II  ,  26, SMSS J010651.91-524410.5,          , 1.41   ,      0.08,        , -3.54,         , 0.25
Ti II  ,  29, SMSS J010839.58-285701.5,          , 2.24   ,      0.1 ,        , -2.71,         , 0.31
Ti II  ,  23, SMSS J012147.80-495328.2,          , 3.53   ,      0.11,        , -1.42,         , 0.18
Ti II  ,  38, SMSS J014624.60-352457.7,          , 2.53   ,      0.08,        , -2.42,         , 0.39
Ti II  ,  38, SMSS J015350.94-775525.6,          , 2.72   ,      0.1 ,        , -2.23,         , 0.39
Ti II  ,  29, SMSS J015941.53-781408.7,          , 2.19   ,      0.08,        , -2.76,         , 0.35
Ti II  ,  38, 2MASS J02031860-7930291 ,          , 2.27   ,      0.08,        , -2.68,         , 0.34
Ti II  ,  37, SMSS J020748.93-465616.4,          , 2.68   ,      0.1 ,        , -2.27,         , 0.44
Ti II  ,  38, SMSS J021323.26-495936.5,          , 2.39   ,      0.09,        , -2.56,         , 0.31
Ti II  ,  27, SMSS J022410.38-534659.9,          , 1.64   ,      0.07,        , -3.31,         , 0.09
Ti II  ,  19, SMSS J022423.27-573705.1,          , 1.32   ,      0.12,        , -3.63,         , 0.34
Ti II  ,  20, SMSS J022452.58-731051.8,          , 2.62   ,      0.14,        , -2.33,         , 0.22
Ti II  ,  18, SMSS J022545.31-774119.9,          , 2.64   ,      0.09,        , -2.31,         , 0.32
Ti II  ,  40, SMSS J022756.48-684256.6,          , 2.96   ,      0.09,        , -1.99,         , 0.24
Ti II  ,  30, SMSS J023139.43-523957.4,          , 2.31   ,      0.08,        , -2.64,         , 0.3
Ti II  ,  22, SMSS J023147.96-575341.7,          , 1.62   ,      0.1 ,        , -3.33,         , 0.09
Ti II  ,  24, SMSS J024643.28-352502.4,          , 1.93   ,      0.12,        , -3.02,         , 0.35
Ti II  ,  16, SMSS J024858.41-684306.4,          , 1.29   ,      0.07,        , -3.66,         , 0.05
Ti II  ,  35, 2MASS J03084611-4747083 ,          , 3.78   ,      0.1 ,        , -1.17,         , 0.39
Ti II  ,  13, SMSS J031556.09-473442.1,          , 1.97   ,      0.1 ,        , -2.98,         , 0.28
Ti II  ,  33, SMSS J032132.29-363123.6,          , 1.84   ,      0.1 ,        , -3.11,         , 0.29
Ti II  ,  16, SMSS J033005.90-681352.5,          , 1.57   ,      0.09,        , -3.38,         , 0.06
Ti II  ,  29, SMSS J034249.53-284216.0,          , 2.5    ,      0.1 ,        , -2.45,         , -0.13
Ti II  ,  26, SMSS J040148.04-743537.3,          , 2.23   ,      0.1 ,        , -2.72,         , 0.37
Ti II  ,  39, SMSS J041957.56-493818.3,          , 2.15   ,      0.08,        , -2.8 ,         , 0.16
Ti II  ,  19, SMSS J051008.62-372019.8,          , 1.93   ,      0.07,        , -3.02,         , 0.18
Ti II  ,  27, SMSS J055746.51-575057.4,          , 2.8    ,      0.11,        , -2.15,         , 0.36
Ti II  ,  40, SMSS J061725.30-600740.6,          , 2.47   ,      0.12,        , -2.48,         , 0.24
Ti II  ,  38, SMSS J062609.83-590503.2,          , 2.44   ,      0.09,        , -2.51,         , 0.25
Ti II  ,  42, SMSS J063447.15-622355.0,          , 1.68   ,      0.12,        , -3.27,         , 0.13
Ti II  ,  45, SMSS J064349.43-653038.6,          , 2.62   ,      0.1 ,        , -2.33,         , 0.15
Ti II  ,  38, SMSS J065014.40-614328.0,          , 1.86   ,      0.11,        , -3.09,         , 0.09
Ti II  ,  37, SMSS J070257.95-600422.4,          , 2.57   ,      0.11,        , -2.38,         , 0.25
Ti II  ,  26, SMSS J080050.54-724620.6,          , 3.18   ,      0.11,        , -1.77,         , 0.31
Ti II  ,  27, SMSS J085924.06-120104.9,          , 1.56   ,      0.12,        , -3.39,         , 0.24
Ti II  ,  40, SMSS J090247.43-122755.0,          , 2.69   ,      0.1 ,        , -2.26,         , 0.14
Ti II  ,  19, SMSS J091210.40-064427.9,          , 2.68   ,      0.13,        , -2.27,         , 0.37
Ti II  ,  15, SMSS J093209.41-003435.8,          , 2.08   ,      0.09,        , -2.87,         , 0.24
Ti II  ,  12, 2MASS J09380777-0600392 ,          , 2.41   ,      0.15,        , -2.54,         , 0.14
Ti II  ,   7, SMSS J093829.27-070520.9,          , 3.03   ,      0.09,        , -1.92,         , 0.42
Ti II  ,  37, SMSS J094029.05-060935.0,          , 2.15   ,      0.09,        , -2.8 ,         , 0.38
Ti II  ,  36, SMSS J094755.04-102724.7,          , 2.19   ,      0.1 ,        , -2.76,         , 0.23
Ti II  ,  36, SMSS J095120.49-401431.3,          , 3.81   ,      0.12,        , -1.14,         , 0.34
Ti II  ,  12, SMSS J100251.13-000152.1,          , 2.42   ,      0.17,        , -2.53,         , 0.09
Ti II  ,  25, 2MASS J10242264-2904203 ,          , 2.05   ,      0.17,        , -2.9 ,         , 0.24
Ti II  ,  10, 2MASS J10275895-3006391 ,          , 2.26   ,      0.08,        , -2.69,         , 0.28
Ti II  ,   3, 2MASS J10283035-2951115 ,          , 2.81   ,      0.08,        , -2.14,         , 0.25
Ti II  ,  35, 2MASS J10294248-0103238 ,          , 2.85   ,      0.09,        , -2.1 ,         , 0.29
Ti II  ,  36, SMSS J105320.99-435300.1,          , 3.2    ,      0.12,        , -1.75,         , 0.11
Ti II  ,  37, SMSS J105438.86-435819.9,          , 3.36   ,      0.11,        , -1.59,         , 0.38
Ti II  ,  11, SMSS J110850.60-080034.7,          , 2.23   ,      0.07,        , -2.72,         , 0.17
Ti II  ,  39, SMSS J121353.63-441911.2,          , 2.68   ,      0.09,        , -2.27,         , 0.31
Ti II  ,  41, SMSS J121716.48-442510.2,          , 3.14   ,      0.11,        , -1.81,         , 0.29
Ti II  ,  13, SMSS J122455.61-151134.0,          , 2.57   ,      0.12,        , -2.38,         , 0.24
Ti II  ,   9, SMSS J123158.00-162317.6,          , 2.47   ,      0.12,        , -2.48,         , 0.14
Ti II  ,  30, SMSS J123246.06-054559.1,          , 2.12   ,      0.1 ,        , -2.83,         , 0.2
Ti II  ,  26, SMSS J125115.37-331448.1,          , 2.52   ,      0.11,        , -2.43,         , 0.21
Ti II  ,  22, SMSS J125125.64-340343.4,          , 2.89   ,      0.1 ,        , -2.06,         , 0.46
Ti II  ,  33, SMSS J125451.18-334440.3,          , 2.5    ,      0.1 ,        , -2.45,         , 0.36
Ti II  ,  21, SMSS J125804.65-335045.1,          , 1.72   ,      0.1 ,        , -3.23,         , 0.21
Ti II  ,  43, SMSS J130537.01-294438.3,          , 2.75   ,      0.14,        , -2.2 ,         , 0.15
Ti II  ,  37, SMSS J133013.61-434632.4,          , 2.73   ,      0.12,        , -2.22,         , 0.32
Ti II  ,  43, SMSS J133532.32-210632.9,          , 2.58   ,      0.09,        , -2.37,         , 0.36
Ti II  ,  24, SMSS J135217.78-151405.7,          , 2.69   ,      0.1 ,        , -2.26,         , 0.29
Ti II  ,  33, SMSS J135625.09-161538.7,          , 2.5    ,      0.13,        , -2.45,         , 0.31
Ti II  ,  33, SMSS J135819.95-150937.4,          , 2.6    ,      0.12,        , -2.35,         , 0.23
Ti II  ,  39, SMSS J141547.72-414034.0,          , 2.67   ,      0.11,        , -2.28,         , -0.02
Ti II  ,  38, SMSS J143511.34-420326.5,          , 2.04   ,      0.1 ,        , -2.91,         , 0.24
Ti II  ,  21, SMSS J151101.05-182103.0,          , 2.47   ,      0.18,        , -2.48,         , 0.24
Ti II  ,  18, SMSS J151450.18-182946.0,          , 2.49   ,      0.13,        , -2.46,         , 0.27
Ti II  ,  46, SMSS J155430.57-263904.8,          , 2.68   ,      0.12,        , -2.27,         , 0.34
Ti II  ,  37, SMSS J155628.74-165533.4,          , 2.45   ,      0.08,        , -2.5 ,         , 0.29
Ti II  ,  42, SMSS J160447.75-293146.7,          , 2.53   ,      0.11,        , -2.42,         , 0.24
Ti II  ,  40, SMSS J164921.94-041943.9,          , 3.15   ,      0.1 ,        , -1.8 ,         , 0.44
Ti II  ,  40, SMSS J165023.82-252948.7,          , 2.86   ,      0.14,        , -2.09,         , 0.39
Ti II  ,  41, SMSS J165219.76-253133.7,          , 2.98   ,      0.13,        , -1.97,         , 0.23
Ti II  ,  20, SMSS J173823.36-145701.0,          , 1.42   ,      0.11,        , -3.53,         , 0.05
Ti II  ,  39, SMSS J174048.48-143635.6,          , 2.6    ,      0.08,        , -2.35,         , 0.15
Ti II  ,  40, SMSS J174916.38-455427.5,          , 2.55   ,      0.1 ,        , -2.4 ,         , 0.11
Ti II  ,  32, SMSS J174922.26-455103.8,          , 2.47   ,      0.11,        , -2.48,         , 0.29
Ti II  ,  41, SMSS J175021.86-414627.2,          , 2.38   ,      0.11,        , -2.57,         , 0.19
Ti II  ,  40, SMSS J175046.30-425506.9,          , 3.23   ,      0.11,        , -1.72,         , 0.45
Ti II  ,  35, SMSS J175738.37-454823.5,          , 2.89   ,      0.13,        , -2.06,         , 0.4
Ti II  ,  40, SMSS J183246.49-343434.2,          , 2.23   ,      0.12,        , -2.72,         , 0.28
Ti II  ,  42, SMSS J183753.10-380725.9,          , 2.22   ,      0.11,        , -2.73,         , 0.27
Ti II  ,  24, SMSS J184226.25-272602.7,          , 1.24   ,      0.11,        , -3.71,         , 0.18
Ti II  ,  26, SMSS J184825.29-305929.7,          , 1.75   ,      0.11,        , -3.2 ,         , 0.44
Ti II  ,  45, SMSS J185628.44-231809.8,          , 2.38   ,      0.12,        , -2.57,         , 0.42
Ti II  ,  41, SMSS J190549.33-214945.0,          , 2.13   ,      0.1 ,        , -2.82,         , 0.3
Ti II  ,  47, SMSS J190911.03-213207.5,          , 2.92   ,      0.12,        , -2.03,         , 0.38
Ti II  ,  28, SMSS J190931.13-214053.9,          , 1.87   ,      0.12,        , -3.08,         , 0.25
Ti II  ,  24, SMSS J191802.51-851523.0,          , 3.02   ,      0.14,        , -1.93,         , 0.69
Ti II  ,  26, SMSS J193528.46-462129.6,          , 1.89   ,      0.11,        , -3.06,         , 0.34
Ti II  ,  37, SMSS J193617.38-790231.4,          , 3.88   ,      0.17,        , -1.07,         , 0.22
Ti II  ,  36, SMSS J194432.13-720537.1,          , 2.86   ,      0.12,        , -2.09,         , 0.34
Ti II  ,  23, SMSS J195614.75-320145.9,          , 3.0    ,      0.11,        , -1.95,         , 0.36
Ti II  ,  35, SMSS J195931.70-643529.3,          , 2.79   ,      0.11,        , -2.16,         , 0.41
Ti II  ,  28, SMSS J200228.85-533114.4,          , 2.07   ,      0.22,        , -2.88,         , 0.33
Ti II  ,  12, SMSS J200654.42-321157.7,          , 1.92   ,      0.14,        , -3.03,         , 0.22
Ti II  ,  44, SMSS J202057.49-522417.2,          , 2.21   ,      0.17,        , -2.74,         , 0.38
Ti II  ,  18, SMSS J202123.89-515742.8,          , 2.69   ,      0.17,        , -2.26,         , 0.35
Ti II  ,  32, SMSS J205313.80-651830.6,          , 2.62   ,      0.09,        , -2.33,         , 0.29
Ti II  ,  35, SMSS J210021.85-653627.9,          , 3.46   ,      0.11,        , -1.49,         , 0.41
Ti II  ,  24, SMSS J211340.44-520017.5,          , 2.87   ,      0.11,        , -2.08,         , 0.32
Ti II  ,  19, SMSS J215805.81-651327.2,          , 1.93   ,      0.1 ,        , -3.02,         , 0.39
Ti II  ,  38, SMSS J221448.33-453949.9,          , 2.94   ,      0.11,        , -2.01,         , 0.54
Ti II  ,  43, SMSS J224838.41-550635.1,          , 2.27   ,      0.15,        , -2.68,         , 0.19
Ti II  ,  38, SMSS J224843.95-543610.1,          , 2.73   ,      0.15,        , -2.22,         , 0.16
Ti II  ,  17, SMSS J225851.25-265434.9,          , 1.44   ,      0.14,        , -3.51,         , -0.03
Ti II  ,  37, SMSS J230013.16-263511.0,          , 1.9    ,      0.16,        , -3.05,         , 0.3
Ti II  ,  38, SMSS J230113.95-291458.2,          , 2.7    ,      0.21,        , -2.25,         , 0.27
Ti II  ,  15, 2MASS J23203653-3637223 ,          , 2.67   ,      0.11,        , -2.28,         , 0.34
Ti II  ,  29, 2MASS J23261426-3719492 ,          , 2.66   ,      0.09,        , -2.29,         , 0.26
Cr I   ,  17, SMSS J000113.96-363337.9,          , 3.07   ,      0.1 ,        , -2.57,         , -0.25
Cr I   ,  18, SMSS J001039.86-525851.4,          , 3.1    ,      0.08,        , -2.54,         , -0.22
Cr I   ,  14, SMSS J001952.15-525803.0,          , 2.89   ,      0.08,        , -2.75,         , -0.19
Cr I   ,   4, SMSS J002148.06-471132.1,          , 1.98   ,      0.11,        , -3.66,         , -0.5
Cr I   ,   9, SMSS J003055.81-482011.3,          , 2.88   ,      0.1 ,        , -2.76,         , -0.23
Cr I   ,   3, SMSS J003327.36-491037.9,          , 1.8    ,      0.07,        , -3.84,         , -0.48
Cr I   ,   3, SMSS J004037.56-515025.2,          , 1.29   ,      0.05,        , -4.35,         , -0.52
Cr I   ,   6, SMSS J005953.98-594329.9,          , 1.34   ,      0.1 ,        , -4.3 ,         , -0.37
Cr I   ,   5, SMSS J010332.63-534654.3,          , 2.41   ,      0.09,        , -3.23,         , -0.19
Cr I   ,   5, SMSS J010651.91-524410.5,          , 1.39   ,      0.07,        , -4.25,         , -0.46
Cr I   ,   4, SMSS J010839.58-285701.5,          , 2.38   ,      0.04,        , -3.26,         , -0.24
Cr I   ,  15, SMSS J012147.80-495328.2,          , 3.93   ,      0.11,        , -1.71,         , -0.11
Cr I   ,   9, SMSS J014624.60-352457.7,          , 2.66   ,      0.09,        , -2.98,         , -0.18
Cr I   ,  10, SMSS J015350.94-775525.6,          , 2.73   ,      0.09,        , -2.91,         , -0.29
Cr I   ,   3, SMSS J015941.53-781408.7,          , 2.36   ,      0.06,        , -3.28,         , -0.17
Cr I   ,   4, 2MASS J02031860-7930291 ,          , 2.3    ,      0.05,        , -3.33,         , -0.31
Cr I   ,   9, SMSS J020748.93-465616.4,          , 2.79   ,      0.09,        , -2.85,         , -0.14
Cr I   ,   7, SMSS J021323.26-495936.5,          , 2.46   ,      0.09,        , -3.18,         , -0.31
Cr I   ,   5, SMSS J022410.38-534659.9,          , 1.64   ,      0.16,        , -4.0 ,         , -0.6
Cr I   ,   4, SMSS J022423.27-573705.1,          , 1.14   ,      0.06,        , -4.5 ,         , -0.54
Cr I   ,   4, SMSS J022452.58-731051.8,          , 2.48   ,      0.07,        , -3.16,         , -0.61
Cr I   ,   2, SMSS J022545.31-774119.9,          , 2.48   ,      0.08,        , -3.16,         , -0.53
Cr I   ,   9, SMSS J022756.48-684256.6,          , 3.31   ,      0.16,        , -2.33,         , -0.11
Cr I   ,   6, SMSS J023139.43-523957.4,          , 2.42   ,      0.09,        , -3.22,         , -0.28
Cr I   ,   2, SMSS J023147.96-575341.7,          , 1.56   ,      0.01,        , -4.08,         , -0.66
Cr I   ,   5, SMSS J024643.28-352502.4,          , 2.01   ,      0.12,        , -3.63,         , -0.25
Cr I   ,   5, SMSS J024858.41-684306.4,          , 1.55   ,      0.09,        , -4.09,         , -0.39
Cr I   ,  15, 2MASS J03084611-4747083 ,          , 4.0    ,      0.1 ,        , -1.64,         , -0.08
Cr I   ,   3, SMSS J031556.09-473442.1,          , 1.88   ,      0.06,        , -3.76,         , -0.5
Cr I   ,   8, SMSS J032132.29-363123.6,          , 1.88   ,      0.15,        , -3.76,         , -0.36
Cr I   ,   5, SMSS J033005.90-681352.5,          , 1.74   ,      0.04,        , -3.9 ,         , -0.45
Cr I   ,  13, SMSS J034249.53-284216.0,          , 2.95   ,      0.09,        , -2.69,         , -0.37
Cr I   ,   6, SMSS J040148.04-743537.3,          , 2.31   ,      0.08,        , -3.32,         , -0.24
Cr I   ,  11, SMSS J041957.56-493818.3,          , 2.39   ,      0.06,        , -3.25,         , -0.28
Cr I   ,   5, SMSS J051008.62-372019.8,          , 2.05   ,      0.08,        , -3.59,         , -0.39
Cr I   ,   8, SMSS J055746.51-575057.4,          , 3.02   ,      0.1 ,        , -2.62,         , -0.11
Cr I   ,  16, SMSS J061725.30-600740.6,          , 2.74   ,      0.12,        , -2.9 ,         , -0.18
Cr I   ,  12, SMSS J062609.83-590503.2,          , 2.85   ,      0.1 ,        , -2.79,         , -0.03
Cr I   ,  10, SMSS J063447.15-622355.0,          , 1.82   ,      0.14,        , -3.82,         , -0.41
Cr I   ,  17, SMSS J064349.43-653038.6,          , 2.96   ,      0.11,        , -2.68,         , -0.2
Cr I   ,   9, SMSS J065014.40-614328.0,          , 2.0    ,      0.15,        , -3.64,         , -0.46
Cr I   ,  14, SMSS J070257.95-600422.4,          , 2.77   ,      0.11,        , -2.87,         , -0.24
Cr I   ,   9, SMSS J080050.54-724620.6,          , 3.48   ,      0.08,        , -2.16,         , -0.07
Cr I   ,   6, SMSS J085924.06-120104.9,          , 1.5    ,      0.13,        , -4.14,         , -0.51
Cr I   ,  10, SMSS J090247.43-122755.0,          , 3.02   ,      0.11,        , -2.62,         , -0.22
Cr I   ,   3, SMSS J091210.40-064427.9,          , 2.87   ,      0.16,        , -2.77,         , -0.13
Cr I   ,   2, SMSS J093209.41-003435.8,          , 2.03   ,      0.02,        , -3.61,         , -0.5
Cr I   ,   4, 2MASS J09380777-0600392 ,          , 2.64   ,      0.06,        , -3.0 ,         , -0.32
Cr I   ,   2, SMSS J093829.27-070520.9,          , 3.28   ,      0.16,        , -2.36,         , -0.02
Cr I   ,   7, SMSS J094029.05-060935.0,          , 2.13   ,      0.1 ,        , -3.51,         , -0.33
Cr I   ,  10, SMSS J094755.04-102724.7,          , 2.44   ,      0.11,        , -3.2 ,         , -0.2
Cr I   ,  14, SMSS J095120.49-401431.3,          , 4.04   ,      0.1 ,        , -1.6 ,         , -0.13
Cr I   ,   3, SMSS J100251.13-000152.1,          , 2.94   ,      0.06,        , -2.7 ,         , -0.08
Cr I   ,   6, 2MASS J10242264-2904203 ,          , 2.35   ,      0.1 ,        , -3.29,         , -0.16
Cr I   ,   7, 2MASS J10275895-3006391 ,          , 2.38   ,      0.11,        , -3.26,         , -0.3
Cr I   ,   2, 2MASS J10283035-2951115 ,          , 2.47   ,      0.14,        , -3.17,         , -0.78
Cr I   ,  16, 2MASS J10294248-0103238 ,          , 3.0    ,      0.11,        , -2.64,         , -0.25
Cr I   ,  14, SMSS J105320.99-435300.1,          , 3.6    ,      0.12,        , -2.04,         , -0.18
Cr I   ,  12, SMSS J105438.86-435819.9,          , 3.52   ,      0.1 ,        , -2.12,         , -0.15
Cr I   ,   4, SMSS J110850.60-080034.7,          , 2.37   ,      0.03,        , -3.27,         , -0.38
Cr I   ,  15, SMSS J121353.63-441911.2,          , 2.85   ,      0.06,        , -2.79,         , -0.2
Cr I   ,  16, SMSS J121716.48-442510.2,          , 3.34   ,      0.11,        , -2.3 ,         , -0.2
Cr I   ,   5, SMSS J122455.61-151134.0,          , 2.71   ,      0.04,        , -2.93,         , -0.31
Cr I   ,   3, SMSS J123158.00-162317.6,          , 2.86   ,      0.09,        , -2.78,         , -0.15
Cr I   ,   7, SMSS J123246.06-054559.1,          , 2.37   ,      0.1 ,        , -3.27,         , -0.24
Cr I   ,   7, SMSS J125115.37-331448.1,          , 2.61   ,      0.22,        , -3.03,         , -0.38
Cr I   ,   6, SMSS J125125.64-340343.4,          , 2.74   ,      0.04,        , -2.9 ,         , -0.38
Cr I   ,   3, SMSS J125451.18-334440.3,          , 2.34   ,      0.02,        , -3.3 ,         , -0.5
Cr I   ,   5, SMSS J125804.65-335045.1,          , 1.83   ,      0.1 ,        , -3.81,         , -0.38
Cr I   ,  15, SMSS J130537.01-294438.3,          , 3.1    ,      0.1 ,        , -2.54,         , -0.19
Cr I   ,  13, SMSS J133013.61-434632.4,          , 2.83   ,      0.09,        , -2.81,         , -0.26
Cr I   ,  15, SMSS J133532.32-210632.9,          , 2.62   ,      0.1 ,        , -3.02,         , -0.29
Cr I   ,   8, SMSS J135217.78-151405.7,          , 2.98   ,      0.09,        , -2.66,         , -0.1
Cr I   ,   7, SMSS J135625.09-161538.7,          , 2.56   ,      0.13,        , -3.08,         , -0.32
Cr I   ,  10, SMSS J135819.95-150937.4,          , 2.89   ,      0.09,        , -2.75,         , -0.17
Cr I   ,  14, SMSS J141547.72-414034.0,          , 3.27   ,      0.11,        , -2.37,         , -0.11
Cr I   ,  10, SMSS J143511.34-420326.5,          , 2.25   ,      0.1 ,        , -3.39,         , -0.24
Cr I   ,   4, SMSS J151101.05-182103.0,          , 2.63   ,      0.05,        , -3.01,         , -0.3
Cr I   ,   3, SMSS J151450.18-182946.0,          , 2.55   ,      0.1 ,        , -3.09,         , -0.36
Cr I   ,  20, SMSS J155430.57-263904.8,          , 2.88   ,      0.11,        , -2.76,         , -0.14
Cr I   ,  15, SMSS J155628.74-165533.4,          , 2.68   ,      0.1 ,        , -2.96,         , -0.17
Cr I   ,  14, SMSS J160447.75-293146.7,          , 2.75   ,      0.09,        , -2.89,         , -0.23
Cr I   ,  13, SMSS J164921.94-041943.9,          , 3.23   ,      0.09,        , -2.41,         , -0.18
Cr I   ,  18, SMSS J165023.82-252948.7,          , 2.91   ,      0.12,        , -2.73,         , -0.26
Cr I   ,  16, SMSS J165219.76-253133.7,          , 3.27   ,      0.11,        , -2.37,         , -0.17
Cr I   ,   6, SMSS J173823.36-145701.0,          , 1.65   ,      0.09,        , -3.99,         , -0.42
Cr I   ,  11, SMSS J174048.48-143635.6,          , 2.79   ,      0.12,        , -2.85,         , -0.35
Cr I   ,  17, SMSS J174916.38-455427.5,          , 3.01   ,      0.11,        , -2.63,         , -0.11
Cr I   ,  12, SMSS J174922.26-455103.8,          , 2.67   ,      0.1 ,        , -2.97,         , -0.2
Cr I   ,   7, SMSS J175021.86-414627.2,          , 2.59   ,      0.11,        , -3.05,         , -0.29
Cr I   ,  18, SMSS J175046.30-425506.9,          , 3.29   ,      0.09,        , -2.35,         , -0.19
Cr I   ,  11, SMSS J175738.37-454823.5,          , 2.97   ,      0.1 ,        , -2.67,         , -0.2
Cr I   ,  12, SMSS J183246.49-343434.2,          , 2.34   ,      0.09,        , -3.3 ,         , -0.29
Cr I   ,  10, SMSS J183753.10-380725.9,          , 2.28   ,      0.13,        , -3.36,         , -0.37
Cr I   ,   4, SMSS J184226.25-272602.7,          , 1.06   ,      0.1 ,        , -4.58,         , -0.69
Cr I   ,   6, SMSS J184825.29-305929.7,          , 1.55   ,      0.12,        , -4.09,         , -0.44
Cr I   ,  15, SMSS J185628.44-231809.8,          , 2.4    ,      0.13,        , -3.24,         , -0.25
Cr I   ,   7, SMSS J190549.33-214945.0,          , 2.24   ,      0.1 ,        , -3.4 ,         , -0.29
Cr I   ,  18, SMSS J190911.03-213207.5,          , 3.02   ,      0.14,        , -2.62,         , -0.22
Cr I   ,   8, SMSS J190931.13-214053.9,          , 2.12   ,      0.12,        , -3.52,         , -0.19
Cr I   ,   7, SMSS J191802.51-851523.0,          , 2.84   ,      0.4 ,        , -2.8 ,         , -0.17
Cr I   ,   5, SMSS J193528.46-462129.6,          , 1.69   ,      0.1 ,        , -3.95,         , -0.56
Cr I   ,  16, SMSS J193617.38-790231.4,          , 4.18   ,      0.08,        , -1.46,         , -0.17
Cr I   ,  14, SMSS J194432.13-720537.1,          , 3.09   ,      0.09,        , -2.54,         , -0.11
Cr I   ,   8, SMSS J195614.75-320145.9,          , 3.05   ,      0.09,        , -2.59,         , -0.28
Cr I   ,  14, SMSS J195931.70-643529.3,          , 2.84   ,      0.07,        , -2.8 ,         , -0.22
Cr I   ,   6, SMSS J200228.85-533114.4,          , 2.11   ,      0.13,        , -3.53,         , -0.31
Cr I   ,   3, SMSS J200654.42-321157.7,          , 1.83   ,      0.11,        , -3.81,         , -0.56
Cr I   ,   6, SMSS J202057.49-522417.2,          , 2.15   ,      0.07,        , -3.49,         , -0.37
Cr I   ,   5, SMSS J202123.89-515742.8,          , 2.56   ,      0.17,        , -3.08,         , -0.47
Cr I   ,  11, SMSS J205313.80-651830.6,          , 2.69   ,      0.12,        , -2.95,         , -0.34
Cr I   ,  14, SMSS J210021.85-653627.9,          , 3.56   ,      0.1 ,        , -2.08,         , -0.18
Cr I   ,   8, SMSS J211340.44-520017.5,          , 3.04   ,      0.11,        , -2.6 ,         , -0.2
Cr I   ,   5, SMSS J215805.81-651327.2,          , 1.77   ,      0.09,        , -3.87,         , -0.46
Cr I   ,  13, SMSS J221448.33-453949.9,          , 2.83   ,      0.07,        , -2.81,         , -0.25
Cr I   ,   8, SMSS J224838.41-550635.1,          , 2.42   ,      0.15,        , -3.22,         , -0.35
Cr I   ,   9, SMSS J224843.95-543610.1,          , 2.94   ,      0.06,        , -2.7 ,         , -0.32
Cr I   ,   4, SMSS J225851.25-265434.9,          , 1.63   ,      0.15,        , -4.01,         , -0.53
Cr I   ,   8, SMSS J230013.16-263511.0,          , 1.99   ,      0.2 ,        , -3.65,         , -0.3
Cr I   ,  13, SMSS J230113.95-291458.2,          , 3.02   ,      0.15,        , -2.62,         , -0.1
Cr I   ,   5, 2MASS J23203653-3637223 ,          , 2.95   ,      0.17,        , -2.69,         , -0.06
Cr I   ,   2, 2MASS J23261426-3719492 ,          , 2.91   ,      0.03,        , -2.73,         , -0.19
Cr II  ,   2, SMSS J000113.96-363337.9,          , 3.5    ,      0.05,        , -2.14,         , 0.18
Cr II  ,   2, SMSS J001039.86-525851.4,          , 3.5    ,      0.0 ,        , -2.14,         , 0.18
Cr II  ,   1, SMSS J001952.15-525803.0,          , 3.23   ,          ,        , -2.41,         , 0.15
Cr II  ,   0, SMSS J002148.06-471132.1,          ,        ,          ,        ,      ,         , 
Cr II  ,   2, SMSS J003055.81-482011.3,          , 3.38   ,      0.15,        , -2.26,         , 0.27
Cr II  ,   0, SMSS J003327.36-491037.9,          ,        ,          ,        ,      ,         , 
Cr II  ,   0, SMSS J004037.56-515025.2,          ,        ,          ,        ,      ,         , 
Cr II  ,   0, SMSS J005953.98-594329.9,          ,        ,          ,        ,      ,         , 
Cr II  ,   0, SMSS J010332.63-534654.3,          ,        ,          ,        ,      ,         , 
Cr II  ,   0, SMSS J010651.91-524410.5,          ,        ,          ,        ,      ,         , 
Cr II  ,   0, SMSS J010839.58-285701.5,          ,        ,          ,        ,      ,         , 
Cr II  ,   3, SMSS J012147.80-495328.2,          , 4.09   ,      0.11,        , -1.55,         , 0.04
Cr II  ,   1, SMSS J014624.60-352457.7,          , 3.1    ,          ,        , -2.54,         , 0.27
Cr II  ,   0, SMSS J015350.94-775525.6,          ,        ,          ,        ,      ,         , 
Cr II  ,   0, SMSS J015941.53-781408.7,          ,        ,          ,        ,      ,         , 
Cr II  ,   0, 2MASS J02031860-7930291 ,          ,        ,          ,        ,      ,         , 
Cr II  ,   0, SMSS J020748.93-465616.4,          ,        ,          ,        ,      ,         , 
Cr II  ,   0, SMSS J021323.26-495936.5,          ,        ,          ,        ,      ,         , 
Cr II  ,   0, SMSS J022410.38-534659.9,          ,        ,          ,        ,      ,         , 
Cr II  ,   0, SMSS J022423.27-573705.1,          ,        ,          ,        ,      ,         , 
Cr II  ,   0, SMSS J022452.58-731051.8,          ,        ,          ,        ,      ,         , 
Cr II  ,   0, SMSS J022545.31-774119.9,          ,        ,          ,        ,      ,         , 
Cr II  ,   1, SMSS J022756.48-684256.6,          , 3.45   ,          ,        , -2.19,         , 0.03
Cr II  ,   0, SMSS J023139.43-523957.4,          ,        ,          ,        ,      ,         , 
Cr II  ,   0, SMSS J023147.96-575341.7,          ,        ,          ,        ,      ,         , 
Cr II  ,   0, SMSS J024643.28-352502.4,          ,        ,          ,        ,      ,         , 
Cr II  ,   0, SMSS J024858.41-684306.4,          ,        ,          ,        ,      ,         , 
Cr II  ,   3, 2MASS J03084611-4747083 ,          , 4.14   ,      0.05,        , -1.5 ,         , 0.06
Cr II  ,   0, SMSS J031556.09-473442.1,          ,        ,          ,        ,      ,         , 
Cr II  ,   1, SMSS J032132.29-363123.6,          , 2.49   ,          ,        , -3.15,         , 0.25
Cr II  ,   0, SMSS J033005.90-681352.5,          ,        ,          ,        ,      ,         , 
Cr II  ,   2, SMSS J034249.53-284216.0,          , 3.38   ,      0.02,        , -2.26,         , 0.06
Cr II  ,   0, SMSS J040148.04-743537.3,          ,        ,          ,        ,      ,         , 
Cr II  ,   2, SMSS J041957.56-493818.3,          , 2.79   ,      0.09,        , -2.85,         , 0.12
Cr II  ,   0, SMSS J051008.62-372019.8,          ,        ,          ,        ,      ,         , 
Cr II  ,   0, SMSS J055746.51-575057.4,          ,        ,          ,        ,      ,         , 
Cr II  ,   0, SMSS J061725.30-600740.6,          ,        ,          ,        ,      ,         , 
Cr II  ,   0, SMSS J062609.83-590503.2,          ,        ,          ,        ,      ,         , 
Cr II  ,   0, SMSS J063447.15-622355.0,          ,        ,          ,        ,      ,         , 
Cr II  ,   0, SMSS J064349.43-653038.6,          ,        ,          ,        ,      ,         , 
Cr II  ,   0, SMSS J065014.40-614328.0,          ,        ,          ,        ,      ,         , 
Cr II  ,   0, SMSS J070257.95-600422.4,          ,        ,          ,        ,      ,         , 
Cr II  ,   0, SMSS J080050.54-724620.6,          ,        ,          ,        ,      ,         , 
Cr II  ,   0, SMSS J085924.06-120104.9,          ,        ,          ,        ,      ,         , 
Cr II  ,   0, SMSS J090247.43-122755.0,          ,        ,          ,        ,      ,         , 
Cr II  ,   0, SMSS J091210.40-064427.9,          ,        ,          ,        ,      ,         , 
Cr II  ,   0, SMSS J093209.41-003435.8,          ,        ,          ,        ,      ,         , 
Cr II  ,   0, 2MASS J09380777-0600392 ,          ,        ,          ,        ,      ,         , 
Cr II  ,   0, SMSS J093829.27-070520.9,          ,        ,          ,        ,      ,         , 
Cr II  ,   2, SMSS J094029.05-060935.0,          , 2.73   ,      0.02,        , -2.91,         , 0.26
Cr II  ,   1, SMSS J094755.04-102724.7,          , 2.81   ,          ,        , -2.83,         , 0.16
Cr II  ,   0, SMSS J095120.49-401431.3,          ,        ,          ,        ,      ,         , 
Cr II  ,   0, SMSS J100251.13-000152.1,          ,        ,          ,        ,      ,         , 
Cr II  ,   0, 2MASS J10242264-2904203 ,          ,        ,          ,        ,      ,         , 
Cr II  ,   1, 2MASS J10275895-3006391 ,          , 4.28   ,          ,        , -1.36,         , 1.6
Cr II  ,   0, 2MASS J10283035-2951115 ,          ,        ,          ,        ,      ,         , 
Cr II  ,   2, 2MASS J10294248-0103238 ,          , 3.43   ,      0.03,        , -2.21,         , 0.18
Cr II  ,   2, SMSS J105320.99-435300.1,          , 4.03   ,      0.02,        , -1.61,         , 0.24
Cr II  ,   2, SMSS J105438.86-435819.9,          , 3.75   ,      0.03,        , -1.88,         , 0.09
Cr II  ,   0, SMSS J110850.60-080034.7,          ,        ,          ,        ,      ,         , 
Cr II  ,   0, SMSS J121353.63-441911.2,          ,        ,          ,        ,      ,         , 
Cr II  ,   3, SMSS J121716.48-442510.2,          , 3.66   ,      0.05,        , -1.98,         , 0.12
Cr II  ,   0, SMSS J122455.61-151134.0,          ,        ,          ,        ,      ,         , 
Cr II  ,   0, SMSS J123158.00-162317.6,          ,        ,          ,        ,      ,         , 
Cr II  ,   0, SMSS J123246.06-054559.1,          ,        ,          ,        ,      ,         , 
Cr II  ,   0, SMSS J125115.37-331448.1,          ,        ,          ,        ,      ,         , 
Cr II  ,   0, SMSS J125125.64-340343.4,          ,        ,          ,        ,      ,         , 
Cr II  ,   0, SMSS J125451.18-334440.3,          ,        ,          ,        ,      ,         , 
Cr II  ,   0, SMSS J125804.65-335045.1,          ,        ,          ,        ,      ,         , 
Cr II  ,   0, SMSS J130537.01-294438.3,          ,        ,          ,        ,      ,         , 
Cr II  ,   0, SMSS J133013.61-434632.4,          ,        ,          ,        ,      ,         , 
Cr II  ,   0, SMSS J133532.32-210632.9,          ,        ,          ,        ,      ,         , 
Cr II  ,   0, SMSS J135217.78-151405.7,          ,        ,          ,        ,      ,         , 
Cr II  ,   0, SMSS J135625.09-161538.7,          ,        ,          ,        ,      ,         , 
Cr II  ,   2, SMSS J135819.95-150937.4,          , 3.34   ,      0.01,        , -2.29,         , 0.29
Cr II  ,   0, SMSS J141547.72-414034.0,          ,        ,          ,        ,      ,         , 
Cr II  ,   0, SMSS J143511.34-420326.5,          ,        ,          ,        ,      ,         , 
Cr II  ,   0, SMSS J151101.05-182103.0,          ,        ,          ,        ,      ,         , 
Cr II  ,   0, SMSS J151450.18-182946.0,          ,        ,          ,        ,      ,         , 
Cr II  ,   0, SMSS J155430.57-263904.8,          ,        ,          ,        ,      ,         , 
Cr II  ,   0, SMSS J155628.74-165533.4,          ,        ,          ,        ,      ,         , 
Cr II  ,   0, SMSS J160447.75-293146.7,          ,        ,          ,        ,      ,         , 
Cr II  ,   0, SMSS J164921.94-041943.9,          ,        ,          ,        ,      ,         , 
Cr II  ,   0, SMSS J165023.82-252948.7,          ,        ,          ,        ,      ,         , 
Cr II  ,   0, SMSS J165219.76-253133.7,          ,        ,          ,        ,      ,         , 
Cr II  ,   0, SMSS J173823.36-145701.0,          ,        ,          ,        ,      ,         , 
Cr II  ,   0, SMSS J174048.48-143635.6,          ,        ,          ,        ,      ,         , 
Cr II  ,   0, SMSS J174916.38-455427.5,          ,        ,          ,        ,      ,         , 
Cr II  ,   0, SMSS J174922.26-455103.8,          ,        ,          ,        ,      ,         , 
Cr II  ,   0, SMSS J175021.86-414627.2,          ,        ,          ,        ,      ,         , 
Cr II  ,   0, SMSS J175046.30-425506.9,          ,        ,          ,        ,      ,         , 
Cr II  ,   0, SMSS J175738.37-454823.5,          ,        ,          ,        ,      ,         , 
Cr II  ,   0, SMSS J183246.49-343434.2,          ,        ,          ,        ,      ,         , 
Cr II  ,   0, SMSS J183753.10-380725.9,          ,        ,          ,        ,      ,         , 
Cr II  ,   0, SMSS J184226.25-272602.7,          ,        ,          ,        ,      ,         , 
Cr II  ,   0, SMSS J184825.29-305929.7,          ,        ,          ,        ,      ,         , 
Cr II  ,   0, SMSS J185628.44-231809.8,          ,        ,          ,        ,      ,         , 
Cr II  ,   0, SMSS J190549.33-214945.0,          ,        ,          ,        ,      ,         , 
Cr II  ,   0, SMSS J190911.03-213207.5,          ,        ,          ,        ,      ,         , 
Cr II  ,   0, SMSS J190931.13-214053.9,          ,        ,          ,        ,      ,         , 
Cr II  ,   0, SMSS J191802.51-851523.0,          ,        ,          ,        ,      ,         , 
Cr II  ,   0, SMSS J193528.46-462129.6,          ,        ,          ,        ,      ,         , 
Cr II  ,   1, SMSS J193617.38-790231.4,          , 4.16   ,          ,        , -1.48,         , -0.19
Cr II  ,   2, SMSS J194432.13-720537.1,          , 3.42   ,      0.04,        , -2.22,         , 0.21
Cr II  ,   0, SMSS J195614.75-320145.9,          ,        ,          ,        ,      ,         , 
Cr II  ,   1, SMSS J195931.70-643529.3,          , 3.28   ,          ,        , -2.36,         , 0.22
Cr II  ,   0, SMSS J200228.85-533114.4,          ,        ,          ,        ,      ,         , 
Cr II  ,   0, SMSS J200654.42-321157.7,          ,        ,          ,        ,      ,         , 
Cr II  ,   1, SMSS J202057.49-522417.2,          , 2.8    ,          ,        , -2.84,         , 0.28
Cr II  ,   0, SMSS J202123.89-515742.8,          ,        ,          ,        ,      ,         , 
Cr II  ,   0, SMSS J205313.80-651830.6,          ,        ,          ,        ,      ,         , 
Cr II  ,   3, SMSS J210021.85-653627.9,          , 3.8    ,      0.11,        , -1.84,         , 0.06
Cr II  ,   0, SMSS J211340.44-520017.5,          ,        ,          ,        ,      ,         , 
Cr II  ,   0, SMSS J215805.81-651327.2,          ,        ,          ,        ,      ,         , 
Cr II  ,   0, SMSS J221448.33-453949.9,          ,        ,          ,        ,      ,         , 
Cr II  ,   0, SMSS J224838.41-550635.1,          ,        ,          ,        ,      ,         , 
Cr II  ,   2, SMSS J224843.95-543610.1,          , 3.41   ,      0.05,        , -2.23,         , 0.14
Cr II  ,   0, SMSS J225851.25-265434.9,          ,        ,          ,        ,      ,         , 
Cr II  ,   1, SMSS J230013.16-263511.0,          , 2.58   ,          ,        , -3.06,         , 0.29
Cr II  ,   1, SMSS J230113.95-291458.2,          , 3.6    ,          ,        , -2.04,         , 0.49
Cr II  ,   0, 2MASS J23203653-3637223 ,          ,        ,          ,        ,      ,         , 
Cr II  ,   1, 2MASS J23261426-3719492 ,          , 3.3    ,          ,        , -2.34,         , 0.21
Mn     ,   3, SMSS J000113.96-363337.9,          , 3.05   ,      0.1 ,        , -2.38,         , -0.06
Mn     ,   3, SMSS J001039.86-525851.4,          , 2.98   ,      0.17,        , -2.45,         , -0.13
Mn     ,   3, SMSS J001952.15-525803.0,          , 2.43   ,      0.2 ,        , -3.0 ,         , -0.44
Mn     ,   3, SMSS J002148.06-471132.1,          , 1.91   ,      0.24,        , -3.52,         , -0.35
Mn     ,   3, SMSS J003055.81-482011.3,          , 2.49   ,      0.43,        , -2.94,         , -0.41
Mn     ,   3, SMSS J003327.36-491037.9,          , 1.82   ,      0.12,        , -3.61,         , -0.25
Mn     ,   3, SMSS J004037.56-515025.2,          , 0.91   ,      0.13,        , -4.52,         , -0.69
Mn     ,   1, SMSS J005953.98-594329.9, <        , 1.01   ,          , <      , -4.42, <       , -0.48
Mn     ,   3, SMSS J010332.63-534654.3,          , 2.17   ,      0.02,        , -3.26,         , -0.23
Mn     ,   3, SMSS J010651.91-524410.5,          , 1.12   ,      0.03,        , -4.31,         , -0.52
Mn     ,   3, SMSS J010839.58-285701.5,          , 2.23   ,      0.3 ,        , -3.2 ,         , -0.18
Mn     ,   3, SMSS J012147.80-495328.2,          , 3.76   ,      0.16,        , -1.67,         , -0.08
Mn     ,   3, SMSS J014624.60-352457.7,          , 2.45   ,      0.03,        , -2.98,         , -0.17
Mn     ,   3, SMSS J015350.94-775525.6,          , 2.28   ,      0.15,        , -3.15,         , -0.49
Mn     ,   3, SMSS J015941.53-781408.7,          , 2.15   ,      0.19,        , -3.28,         , -0.17
Mn     ,   3, 2MASS J02031860-7930291 ,          , 1.94   ,      0.1 ,        , -3.49,         , -0.46
Mn     ,   3, SMSS J020748.93-465616.4,          , 2.45   ,      0.04,        , -2.98,         , -0.27
Mn     ,   3, SMSS J021323.26-495936.5,          , 2.38   ,      0.03,        , -3.05,         , -0.18
Mn     ,   3, SMSS J022410.38-534659.9,          , 1.44   ,      0.09,        , -3.99,         , -0.59
Mn     ,   3, SMSS J022423.27-573705.1,          , 0.89   ,      0.15,        , -4.54,         , -0.57
Mn     ,   3, SMSS J022452.58-731051.8,          , 2.72   ,      0.42,        , -2.71,         , -0.16
Mn     ,   3, SMSS J022545.31-774119.9,          , 2.47   ,      0.3 ,        , -2.96,         , -0.33
Mn     ,   3, SMSS J022756.48-684256.6,          , 3.03   ,      0.43,        , -2.4 ,         , -0.18
Mn     ,   3, SMSS J023139.43-523957.4,          , 2.22   ,      0.1 ,        , -3.21,         , -0.27
Mn     ,   3, SMSS J023147.96-575341.7,          , 1.61   ,      0.06,        , -3.82,         , -0.4
Mn     ,   3, SMSS J024643.28-352502.4,          , 1.63   ,      0.12,        , -3.8 ,         , -0.43
Mn     ,   3, SMSS J024858.41-684306.4,          , 1.43   ,      0.01,        , -4.0 ,         , -0.29
Mn     ,   2, 2MASS J03084611-4747083 ,          , 3.67   ,      0.19,        , -1.75,         , -0.19
Mn     ,   3, SMSS J031556.09-473442.1,          , 2.25   ,      0.17,        , -3.18,         , 0.08
Mn     ,   1, SMSS J032132.29-363123.6,          , 1.54   ,          ,        , -3.89,         , -0.49
Mn     ,   3, SMSS J033005.90-681352.5,          , 1.6    ,      0.11,        , -3.83,         , -0.39
Mn     ,   3, SMSS J034249.53-284216.0,          , 2.54   ,      0.08,        , -2.89,         , -0.56
Mn     ,   3, SMSS J040148.04-743537.3,          , 1.93   ,      0.16,        , -3.5 ,         , -0.41
Mn     ,   0, SMSS J041957.56-493818.3,          ,        ,          ,        ,      ,         , 
Mn     ,   3, SMSS J051008.62-372019.8,          , 1.9    ,      0.07,        , -3.53,         , -0.33
Mn     ,   6, SMSS J055746.51-575057.4,          , 2.66   ,      0.15,        , -2.77,         , -0.27
Mn     ,   7, SMSS J061725.30-600740.6,          , 2.24   ,      0.11,        , -3.19,         , -0.47
Mn     ,   7, SMSS J062609.83-590503.2,          , 2.65   ,      0.13,        , -2.78,         , -0.01
Mn     ,   4, SMSS J063447.15-622355.0,          , 1.48   ,      0.1 ,        , -3.95,         , -0.54
Mn     ,   7, SMSS J064349.43-653038.6,          , 2.61   ,      0.08,        , -2.82,         , -0.34
Mn     ,   6, SMSS J065014.40-614328.0,          , 1.73   ,      0.1 ,        , -3.7 ,         , -0.52
Mn     ,   7, SMSS J070257.95-600422.4,          , 2.38   ,      0.17,        , -3.05,         , -0.43
Mn     ,   4, SMSS J080050.54-724620.6,          , 2.88   ,      0.19,        , -2.55,         , -0.47
Mn     ,   3, SMSS J085924.06-120104.9,          , 1.0    ,      0.12,        , -4.43,         , -0.8
Mn     ,   7, SMSS J090247.43-122755.0,          , 2.72   ,      0.09,        , -2.71,         , -0.31
Mn     ,   3, SMSS J091210.40-064427.9,          , 2.58   ,      0.09,        , -2.85,         , -0.21
Mn     ,   1, SMSS J093209.41-003435.8,          , 1.79   ,          ,        , -3.64,         , -0.53
Mn     ,   4, 2MASS J09380777-0600392 ,          , 2.69   ,      0.17,        , -2.74,         , -0.06
Mn     ,   2, SMSS J093829.27-070520.9,          , 3.79   ,      0.34,        , -1.64,         , 0.71
Mn     ,   3, SMSS J094029.05-060935.0,          , 1.82   ,      0.08,        , -3.61,         , -0.43
Mn     ,   3, SMSS J094755.04-102724.7,          , 2.15   ,      0.08,        , -3.28,         , -0.29
Mn     ,   6, SMSS J095120.49-401431.3,          , 3.45   ,      0.31,        , -1.98,         , -0.5
Mn     ,   3, SMSS J100251.13-000152.1,          , 2.19   ,      0.29,        , -3.24,         , -0.62
Mn     ,   2, 2MASS J10242264-2904203 ,          , 1.81   ,      0.18,        , -3.61,         , -0.48
Mn     ,   0, 2MASS J10275895-3006391 ,          ,        ,          ,        ,      ,         , 
Mn     ,   0, 2MASS J10283035-2951115 ,          ,        ,          ,        ,      ,         , 
Mn     ,   3, 2MASS J10294248-0103238 ,          , 2.37   ,      0.05,        , -3.06,         , -0.67
Mn     ,   5, SMSS J105320.99-435300.1,          , 2.84   ,      0.29,        , -2.59,         , -0.73
Mn     ,   5, SMSS J105438.86-435819.9,          , 2.98   ,      0.15,        , -2.45,         , -0.47
Mn     ,   2, SMSS J110850.60-080034.7,          , 1.97   ,      0.18,        , -3.46,         , -0.56
Mn     ,   7, SMSS J121353.63-441911.2,          , 2.39   ,      0.09,        , -3.04,         , -0.45
Mn     ,   7, SMSS J121716.48-442510.2,          , 2.62   ,      0.18,        , -2.81,         , -0.71
Mn     ,   1, SMSS J122455.61-151134.0,          , 2.94   ,          ,        , -2.49,         , 0.13
Mn     ,   2, SMSS J123158.00-162317.6,          , 2.59   ,      0.05,        , -2.84,         , -0.21
Mn     ,   7, SMSS J123246.06-054559.1,          , 2.02   ,      0.16,        , -3.41,         , -0.38
Mn     ,   1, SMSS J125115.37-331448.1,          , 2.09   ,          ,        , -3.34,         , -0.7
Mn     ,   2, SMSS J125125.64-340343.4,          , 2.51   ,      0.18,        , -2.92,         , -0.4
Mn     ,   3, SMSS J125451.18-334440.3,          , 2.44   ,      0.28,        , -2.99,         , -0.18
Mn     ,   3, SMSS J125804.65-335045.1,          , 1.54   ,      0.03,        , -3.89,         , -0.45
Mn     ,   7, SMSS J130537.01-294438.3,          , 2.54   ,      0.14,        , -2.89,         , -0.54
Mn     ,   7, SMSS J133013.61-434632.4,          , 2.29   ,      0.1 ,        , -3.14,         , -0.6
Mn     ,   7, SMSS J133532.32-210632.9,          , 2.2    ,      0.15,        , -3.23,         , -0.5
Mn     ,   3, SMSS J135217.78-151405.7,          , 2.62   ,      0.15,        , -2.81,         , -0.25
Mn     ,   2, SMSS J135625.09-161538.7,          , 2.42   ,      0.48,        , -3.01,         , -0.25
Mn     ,   3, SMSS J135819.95-150937.4,          , 2.59   ,      0.14,        , -2.84,         , -0.26
Mn     ,   7, SMSS J141547.72-414034.0,          , 2.94   ,      0.09,        , -2.49,         , -0.23
Mn     ,   7, SMSS J143511.34-420326.5,          , 1.85   ,      0.04,        , -3.58,         , -0.43
Mn     ,   3, SMSS J151101.05-182103.0,          , 2.27   ,      0.42,        , -3.16,         , -0.45
Mn     ,   3, SMSS J151450.18-182946.0,          , 2.32   ,      0.26,        , -3.11,         , -0.38
Mn     ,   7, SMSS J155430.57-263904.8,          , 2.46   ,      0.06,        , -2.97,         , -0.36
Mn     ,   6, SMSS J155628.74-165533.4,          , 2.16   ,      0.15,        , -3.27,         , -0.48
Mn     ,   7, SMSS J160447.75-293146.7,          , 2.26   ,      0.15,        , -3.17,         , -0.51
Mn     ,   7, SMSS J164921.94-041943.9,          , 2.86   ,      0.17,        , -2.57,         , -0.33
Mn     ,   7, SMSS J165023.82-252948.7,          , 2.6    ,      0.15,        , -2.83,         , -0.35
Mn     ,   7, SMSS J165219.76-253133.7,          , 2.77   ,      0.12,        , -2.66,         , -0.46
Mn     ,   3, SMSS J173823.36-145701.0,          , 1.23   ,      0.07,        , -4.2 ,         , -0.62
Mn     ,   7, SMSS J174048.48-143635.6,          , 2.37   ,      0.17,        , -3.06,         , -0.56
Mn     ,   7, SMSS J174916.38-455427.5,          , 2.35   ,      0.11,        , -3.08,         , -0.57
Mn     ,   7, SMSS J174922.26-455103.8,          , 2.33   ,      0.2 ,        , -3.1 ,         , -0.33
Mn     ,   7, SMSS J175021.86-414627.2,          , 2.24   ,      0.13,        , -3.19,         , -0.43
Mn     ,   6, SMSS J175046.30-425506.9,          , 2.63   ,      0.11,        , -2.8 ,         , -0.63
Mn     ,   7, SMSS J175738.37-454823.5,          , 2.34   ,      0.14,        , -3.09,         , -0.63
Mn     ,   7, SMSS J183246.49-343434.2,          , 1.81   ,      0.14,        , -3.62,         , -0.62
Mn     ,   7, SMSS J183753.10-380725.9,          , 1.97   ,      0.18,        , -3.46,         , -0.47
Mn     ,   1, SMSS J184226.25-272602.7, <        , 0.45   ,          , <      , -4.98, <       , -1.09
Mn     ,   3, SMSS J184825.29-305929.7,          , 1.21   ,      0.06,        , -4.22,         , -0.57
Mn     ,   7, SMSS J185628.44-231809.8,          , 1.94   ,      0.12,        , -3.49,         , -0.5
Mn     ,   6, SMSS J190549.33-214945.0,          , 1.75   ,      0.11,        , -3.67,         , -0.56
Mn     ,   7, SMSS J190911.03-213207.5,          , 2.45   ,      0.16,        , -2.98,         , -0.58
Mn     ,   4, SMSS J190931.13-214053.9,          , 1.59   ,      0.18,        , -3.84,         , -0.51
Mn     ,   2, SMSS J191802.51-851523.0,          , 2.25   ,      0.03,        , -3.17,         , -0.54
Mn     ,   3, SMSS J193528.46-462129.6,          , 1.42   ,      0.1 ,        , -4.01,         , -0.62
Mn     ,   2, SMSS J193617.38-790231.4,          , 3.62   ,      0.22,        , -1.81,         , -0.5
Mn     ,   3, SMSS J194432.13-720537.1,          , 2.64   ,      0.16,        , -2.79,         , -0.36
Mn     ,   7, SMSS J195614.75-320145.9,          , 2.51   ,      0.18,        , -2.92,         , -0.6
Mn     ,   3, SMSS J195931.70-643529.3,          , 2.46   ,      0.12,        , -2.97,         , -0.39
Mn     ,   3, SMSS J200228.85-533114.4,          , 1.82   ,      0.16,        , -3.61,         , -0.39
Mn     ,   2, SMSS J200654.42-321157.7,          , 1.99   ,      0.0 ,        , -3.44,         , -0.19
Mn     ,   3, SMSS J202057.49-522417.2,          , 1.82   ,      0.1 ,        , -3.61,         , -0.49
Mn     ,   3, SMSS J202123.89-515742.8,          , 2.37   ,      0.29,        , -3.06,         , -0.45
Mn     ,   3, SMSS J205313.80-651830.6,          , 2.45   ,      0.28,        , -2.98,         , -0.36
Mn     ,   3, SMSS J210021.85-653627.9,          , 3.1    ,      0.21,        , -2.33,         , -0.44
Mn     ,   5, SMSS J211340.44-520017.5,          , 2.64   ,      0.19,        , -2.79,         , -0.39
Mn     ,   3, SMSS J215805.81-651327.2,          , 1.27   ,      0.05,        , -4.16,         , -0.75
Mn     ,   6, SMSS J221448.33-453949.9,          , 2.35   ,      0.16,        , -3.08,         , -0.52
Mn     ,   7, SMSS J224838.41-550635.1,          , 1.93   ,      0.08,        , -3.5 ,         , -0.63
Mn     ,   3, SMSS J224843.95-543610.1,          , 2.61   ,      0.02,        , -2.82,         , -0.44
Mn     ,   3, SMSS J225851.25-265434.9,          , 2.02   ,      0.33,        , -3.41,         , 0.08
Mn     ,   3, SMSS J230013.16-263511.0,          , 1.61   ,      0.03,        , -3.82,         , -0.47
Mn     ,   3, SMSS J230113.95-291458.2,          , 2.58   ,      0.15,        , -2.85,         , -0.32
Mn     ,   3, 2MASS J23203653-3637223 ,          , 2.62   ,      0.14,        , -2.81,         , -0.18
Mn     ,   3, 2MASS J23261426-3719492 ,          , 2.81   ,      0.09,        , -2.62,         , -0.07
Fe I   , 203, SMSS J000113.96-363337.9,          , 5.18   ,      0.14,        , -2.32,         , 0.0
Fe I   , 203, SMSS J001039.86-525851.4,          , 5.18   ,      0.14,        , -2.32,         , 0.0
Fe I   , 182, SMSS J001952.15-525803.0,          , 4.94   ,      0.17,        , -2.56,         , 0.0
Fe I   , 122, SMSS J002148.06-471132.1,          , 4.33   ,      0.15,        , -3.17,         , 0.0
Fe I   , 123, SMSS J003055.81-482011.3,          , 4.97   ,      0.17,        , -2.53,         , -0.0
Fe I   ,  78, SMSS J003327.36-491037.9,          , 4.14   ,      0.14,        , -3.36,         , 0.0
Fe I   , 107, SMSS J004037.56-515025.2,          , 3.67   ,      0.12,        , -3.83,         , 0.0
Fe I   ,  44, SMSS J005953.98-594329.9,          , 3.57   ,      0.11,        , -3.93,         , 0.0
Fe I   , 157, SMSS J010332.63-534654.3,          , 4.47   ,      0.12,        , -3.03,         , 0.0
Fe I   , 131, SMSS J010651.91-524410.5,          , 3.71   ,      0.11,        , -3.79,         , -0.0
Fe I   , 169, SMSS J010839.58-285701.5,          , 4.48   ,      0.14,        , -3.02,         , 0.0
Fe I   , 130, SMSS J012147.80-495328.2,          , 5.91   ,      0.17,        , -1.59,         , 0.0
Fe I   , 180, SMSS J014624.60-352457.7,          , 4.69   ,      0.1 ,        , -2.81,         , 0.0
Fe I   , 159, SMSS J015350.94-775525.6,          , 4.88   ,      0.17,        , -2.62,         , 0.0
Fe I   , 149, SMSS J015941.53-781408.7,          , 4.39   ,      0.14,        , -3.11,         , 0.0
Fe I   , 145, 2MASS J02031860-7930291 ,          , 4.47   ,      0.12,        , -3.03,         , -0.0
Fe I   , 149, SMSS J020748.93-465616.4,          , 4.79   ,      0.12,        , -2.71,         , 0.0
Fe I   , 171, SMSS J021323.26-495936.5,          , 4.63   ,      0.11,        , -2.87,         , -0.0
Fe I   , 128, SMSS J022410.38-534659.9,          , 4.1    ,      0.14,        , -3.4 ,         , 0.0
Fe I   ,  96, SMSS J022423.27-573705.1,          , 3.53   ,      0.14,        , -3.97,         , 0.0
Fe I   ,  58, SMSS J022452.58-731051.8,          , 4.95   ,      0.17,        , -2.55,         , 0.0
Fe I   , 106, SMSS J022545.31-774119.9,          , 4.87   ,      0.16,        , -2.63,         , 0.0
Fe I   , 100, SMSS J022756.48-684256.6,          , 5.28   ,      0.09,        , -2.22,         , 0.0
Fe I   , 154, SMSS J023139.43-523957.4,          , 4.56   ,      0.1 ,        , -2.94,         , 0.0
Fe I   , 121, SMSS J023147.96-575341.7,          , 4.08   ,      0.12,        , -3.42,         , 0.0
Fe I   ,  97, SMSS J024643.28-352502.4,          , 4.13   ,      0.17,        , -3.37,         , -0.0
Fe I   ,  92, SMSS J024858.41-684306.4,          , 3.79   ,      0.09,        , -3.71,         , 0.0
Fe I   , 169, 2MASS J03084611-4747083 ,          , 5.94   ,      0.15,        , -1.56,         , 0.0
Fe I   ,  75, SMSS J031556.09-473442.1,          , 4.24   ,      0.11,        , -3.26,         , -0.0
Fe I   ,  90, SMSS J032132.29-363123.6,          , 4.1    ,      0.12,        , -3.4 ,         , 0.0
Fe I   ,  54, SMSS J033005.90-681352.5,          , 4.06   ,      0.1 ,        , -3.44,         , -0.0
Fe I   , 158, SMSS J034249.53-284216.0,          , 5.17   ,      0.14,        , -2.33,         , 0.0
Fe I   , 108, SMSS J040148.04-743537.3,          , 4.41   ,      0.1 ,        , -3.09,         , 0.0
Fe I   , 158, SMSS J041957.56-493818.3,          , 4.53   ,      0.14,        , -2.97,         , 0.0
Fe I   , 171, SMSS J051008.62-372019.8,          , 4.3    ,      0.1 ,        , -3.2 ,         , 0.0
Fe I   , 133, SMSS J055746.51-575057.4,          , 5.0    ,      0.12,        , -2.5 ,         , 0.0
Fe I   , 176, SMSS J061725.30-600740.6,          , 4.78   ,      0.13,        , -2.72,         , 0.0
Fe I   , 159, SMSS J062609.83-590503.2,          , 4.73   ,      0.11,        , -2.77,         , 0.0
Fe I   , 133, SMSS J063447.15-622355.0,          , 4.09   ,      0.14,        , -3.41,         , 0.0
Fe I   , 187, SMSS J064349.43-653038.6,          , 5.02   ,      0.13,        , -2.48,         , 0.0
Fe I   , 177, SMSS J065014.40-614328.0,          , 4.32   ,      0.15,        , -3.18,         , 0.0
Fe I   , 191, SMSS J070257.95-600422.4,          , 4.88   ,      0.12,        , -2.62,         , 0.0
Fe I   ,  98, SMSS J080050.54-724620.6,          , 5.42   ,      0.13,        , -2.08,         , 0.0
Fe I   , 119, SMSS J085924.06-120104.9,          , 3.87   ,      0.13,        , -3.63,         , 0.0
Fe I   , 153, SMSS J090247.43-122755.0,          , 5.1    ,      0.11,        , -2.4 ,         , 0.0
Fe I   ,  98, SMSS J091210.40-064427.9,          , 4.86   ,      0.15,        , -2.64,         , 0.0
Fe I   ,  82, SMSS J093209.41-003435.8,          , 4.39   ,      0.22,        , -3.11,         , 0.0
Fe I   ,  22, 2MASS J09380777-0600392 ,          , 4.82   ,      0.1 ,        , -2.68,         , 0.0
Fe I   ,  40, SMSS J093829.27-070520.9,          , 5.16   ,      0.18,        , -2.34,         , 0.0
Fe I   ,  88, SMSS J094029.05-060935.0,          , 4.32   ,      0.1 ,        , -3.18,         , 0.0
Fe I   , 150, SMSS J094755.04-102724.7,          , 4.51   ,      0.13,        , -2.99,         , 0.0
Fe I   , 138, SMSS J095120.49-401431.3,          , 6.02   ,      0.12,        , -1.48,         , 0.0
Fe I   ,  65, SMSS J100251.13-000152.1,          , 4.88   ,      0.22,        , -2.62,         , 0.0
Fe I   ,  84, 2MASS J10242264-2904203 ,          , 4.37   ,      0.15,        , -3.13,         , 0.0
Fe I   , 101, 2MASS J10275895-3006391 ,          , 4.54   ,      0.13,        , -2.96,         , 0.0
Fe I   ,  28, 2MASS J10283035-2951115 ,          , 5.11   ,      0.16,        , -2.39,         , 0.0
Fe I   , 194, 2MASS J10294248-0103238 ,          , 5.11   ,      0.18,        , -2.39,         , 0.0
Fe I   , 160, SMSS J105320.99-435300.1,          , 5.64   ,      0.12,        , -1.86,         , 0.0
Fe I   , 145, SMSS J105438.86-435819.9,          , 5.52   ,      0.12,        , -1.98,         , 0.0
Fe I   ,  51, SMSS J110850.60-080034.7,          , 4.6    ,      0.11,        , -2.9 ,         , 0.0
Fe I   , 181, SMSS J121353.63-441911.2,          , 4.91   ,      0.11,        , -2.59,         , 0.0
Fe I   , 165, SMSS J121716.48-442510.2,          , 5.4    ,      0.14,        , -2.1 ,         , 0.0
Fe I   ,  86, SMSS J122455.61-151134.0,          , 4.88   ,      0.17,        , -2.62,         , 0.0
Fe I   ,  95, SMSS J123158.00-162317.6,          , 4.87   ,      0.16,        , -2.63,         , 0.0
Fe I   , 107, SMSS J123246.06-054559.1,          , 4.47   ,      0.11,        , -3.03,         , 0.0
Fe I   , 113, SMSS J125115.37-331448.1,          , 4.86   ,      0.16,        , -2.64,         , 0.0
Fe I   ,  95, SMSS J125125.64-340343.4,          , 4.98   ,      0.16,        , -2.52,         , 0.0
Fe I   ,  80, SMSS J125451.18-334440.3,          , 4.69   ,      0.15,        , -2.81,         , 0.0
Fe I   ,  72, SMSS J125804.65-335045.1,          , 4.06   ,      0.1 ,        , -3.44,         , 0.0
Fe I   , 171, SMSS J130537.01-294438.3,          , 5.15   ,      0.15,        , -2.35,         , -0.0
Fe I   , 110, SMSS J133013.61-434632.4,          , 4.96   ,      0.13,        , -2.54,         , 0.0
Fe I   , 154, SMSS J133532.32-210632.9,          , 4.77   ,      0.11,        , -2.73,         , 0.0
Fe I   , 148, SMSS J135217.78-151405.7,          , 4.94   ,      0.14,        , -2.56,         , -0.0
Fe I   , 124, SMSS J135625.09-161538.7,          , 4.74   ,      0.15,        , -2.76,         , 0.0
Fe I   , 139, SMSS J135819.95-150937.4,          , 4.92   ,      0.16,        , -2.58,         , 0.0
Fe I   , 174, SMSS J141547.72-414034.0,          , 5.24   ,      0.11,        , -2.26,         , 0.0
Fe I   , 122, SMSS J143511.34-420326.5,          , 4.35   ,      0.11,        , -3.15,         , 0.0
Fe I   ,  66, SMSS J151101.05-182103.0,          , 4.79   ,      0.15,        , -2.71,         , 0.0
Fe I   ,  80, SMSS J151450.18-182946.0,          , 4.77   ,      0.2 ,        , -2.73,         , 0.0
Fe I   , 177, SMSS J155430.57-263904.8,          , 4.89   ,      0.12,        , -2.61,         , 0.0
Fe I   , 150, SMSS J155628.74-165533.4,          , 4.71   ,      0.12,        , -2.79,         , 0.0
Fe I   , 138, SMSS J160447.75-293146.7,          , 4.84   ,      0.12,        , -2.66,         , 0.0
Fe I   , 143, SMSS J164921.94-041943.9,          , 5.26   ,      0.1 ,        , -2.24,         , 0.0
Fe I   , 176, SMSS J165023.82-252948.7,          , 5.02   ,      0.13,        , -2.48,         , 0.0
Fe I   , 154, SMSS J165219.76-253133.7,          , 5.3    ,      0.11,        , -2.2 ,         , 0.0
Fe I   , 112, SMSS J173823.36-145701.0,          , 3.92   ,      0.12,        , -3.58,         , 0.0
Fe I   , 161, SMSS J174048.48-143635.6,          , 5.0    ,      0.12,        , -2.5 ,         , 0.0
Fe I   , 150, SMSS J174916.38-455427.5,          , 4.99   ,      0.12,        , -2.51,         , 0.0
Fe I   , 137, SMSS J174922.26-455103.8,          , 4.73   ,      0.12,        , -2.77,         , 0.0
Fe I   , 113, SMSS J175021.86-414627.2,          , 4.74   ,      0.11,        , -2.76,         , 0.0
Fe I   , 155, SMSS J175046.30-425506.9,          , 5.33   ,      0.14,        , -2.17,         , 0.0
Fe I   , 146, SMSS J175738.37-454823.5,          , 5.04   ,      0.15,        , -2.46,         , 0.0
Fe I   , 143, SMSS J183246.49-343434.2,          , 4.5    ,      0.14,        , -3.0 ,         , 0.0
Fe I   , 161, SMSS J183753.10-380725.9,          , 4.51   ,      0.15,        , -2.99,         , 0.0
Fe I   ,  80, SMSS J184226.25-272602.7,          , 3.61   ,      0.11,        , -3.89,         , 0.0
Fe I   ,  77, SMSS J184825.29-305929.7,          , 3.85   ,      0.14,        , -3.65,         , 0.0
Fe I   , 156, SMSS J185628.44-231809.8,          , 4.51   ,      0.15,        , -2.99,         , 0.0
Fe I   , 113, SMSS J190549.33-214945.0,          , 4.39   ,      0.11,        , -3.11,         , 0.0
Fe I   , 153, SMSS J190911.03-213207.5,          , 5.1    ,      0.15,        , -2.4 ,         , 0.0
Fe I   ,  63, SMSS J190931.13-214053.9,          , 4.17   ,      0.12,        , -3.33,         , 0.0
Fe I   ,  67, SMSS J191802.51-851523.0,          , 4.88   ,      0.11,        , -2.62,         , 0.0
Fe I   ,  78, SMSS J193528.46-462129.6,          , 4.11   ,      0.11,        , -3.39,         , -0.0
Fe I   , 103, SMSS J193617.38-790231.4,          , 6.21   ,      0.11,        , -1.29,         , 0.0
Fe I   , 103, SMSS J194432.13-720537.1,          , 5.07   ,      0.11,        , -2.43,         , 0.0
Fe I   ,  99, SMSS J195614.75-320145.9,          , 5.19   ,      0.11,        , -2.31,         , 0.0
Fe I   , 188, SMSS J195931.70-643529.3,          , 4.92   ,      0.18,        , -2.58,         , 0.0
Fe I   ,  76, SMSS J200228.85-533114.4,          , 4.28   ,      0.16,        , -3.22,         , 0.0
Fe I   ,  56, SMSS J200654.42-321157.7,          , 4.25   ,      0.21,        , -3.25,         , 0.0
Fe I   , 100, SMSS J202057.49-522417.2,          , 4.38   ,      0.12,        , -3.12,         , -0.0
Fe I   ,  82, SMSS J202123.89-515742.8,          , 4.89   ,      0.22,        , -2.61,         , -0.0
Fe I   , 132, SMSS J205313.80-651830.6,          , 4.88   ,      0.11,        , -2.62,         , 0.0
Fe I   , 159, SMSS J210021.85-653627.9,          , 5.61   ,      0.11,        , -1.89,         , 0.0
Fe I   , 109, SMSS J211340.44-520017.5,          , 5.1    ,      0.11,        , -2.4 ,         , 0.0
Fe I   ,  80, SMSS J215805.81-651327.2,          , 4.09   ,      0.11,        , -3.41,         , 0.0
Fe I   , 129, SMSS J221448.33-453949.9,          , 4.94   ,      0.15,        , -2.56,         , 0.0
Fe I   , 125, SMSS J224838.41-550635.1,          , 4.63   ,      0.16,        , -2.87,         , 0.0
Fe I   , 112, SMSS J224843.95-543610.1,          , 5.12   ,      0.12,        , -2.38,         , 0.0
Fe I   ,  82, SMSS J225851.25-265434.9,          , 4.02   ,      0.17,        , -3.48,         , 0.0
Fe I   , 133, SMSS J230013.16-263511.0,          , 4.15   ,      0.16,        , -3.35,         , 0.0
Fe I   , 139, SMSS J230113.95-291458.2,          , 4.97   ,      0.19,        , -2.53,         , -0.0
Fe I   , 135, 2MASS J23203653-3637223 ,          , 4.87   ,      0.17,        , -2.63,         , 0.0
Fe I   , 151, 2MASS J23261426-3719492 ,          , 4.95   ,      0.14,        , -2.55,         , 0.0
Fe II  ,  18, SMSS J000113.96-363337.9,          , 5.19   ,      0.08,        , -2.31,         , 0.02
Fe II  ,  20, SMSS J001039.86-525851.4,          , 5.2    ,      0.08,        , -2.3 ,         , 0.01
Fe II  ,  16, SMSS J001952.15-525803.0,          , 4.94   ,      0.1 ,        , -2.56,         , -0.0
Fe II  ,   9, SMSS J002148.06-471132.1,          , 4.35   ,      0.09,        , -3.15,         , 0.01
Fe II  ,   6, SMSS J003055.81-482011.3,          , 4.97   ,      0.1 ,        , -2.53,         , 0.0
Fe II  ,   6, SMSS J003327.36-491037.9,          , 4.15   ,      0.06,        , -3.35,         , 0.01
Fe II  ,  11, SMSS J004037.56-515025.2,          , 3.7    ,      0.11,        , -3.8 ,         , 0.03
Fe II  ,   3, SMSS J005953.98-594329.9,          , 3.57   ,      0.1 ,        , -3.93,         , -0.0
Fe II  ,  15, SMSS J010332.63-534654.3,          , 4.49   ,      0.09,        , -3.01,         , 0.03
Fe II  ,  10, SMSS J010651.91-524410.5,          , 3.72   ,      0.07,        , -3.78,         , 0.01
Fe II  ,  11, SMSS J010839.58-285701.5,          , 4.48   ,      0.1 ,        , -3.02,         , -0.0
Fe II  ,  15, SMSS J012147.80-495328.2,          , 5.91   ,      0.09,        , -1.59,         , 0.0
Fe II  ,  14, SMSS J014624.60-352457.7,          , 4.71   ,      0.07,        , -2.79,         , 0.02
Fe II  ,  16, SMSS J015350.94-775525.6,          , 4.9    ,      0.11,        , -2.6 ,         , 0.01
Fe II  ,   8, SMSS J015941.53-781408.7,          , 4.39   ,      0.06,        , -3.11,         , 0.0
Fe II  ,  12, 2MASS J02031860-7930291 ,          , 4.48   ,      0.08,        , -3.02,         , 0.01
Fe II  ,  11, SMSS J020748.93-465616.4,          , 4.82   ,      0.07,        , -2.68,         , 0.04
Fe II  ,  19, SMSS J021323.26-495936.5,          , 4.64   ,      0.11,        , -2.86,         , 0.01
Fe II  ,  10, SMSS J022410.38-534659.9,          , 4.11   ,      0.12,        , -3.39,         , 0.02
Fe II  ,   6, SMSS J022423.27-573705.1,          , 3.55   ,      0.08,        , -3.95,         , 0.01
Fe II  ,   7, SMSS J022452.58-731051.8,          , 4.97   ,      0.12,        , -2.53,         , 0.02
Fe II  ,   8, SMSS J022545.31-774119.9,          , 4.88   ,      0.09,        , -2.62,         , 0.01
Fe II  ,  18, SMSS J022756.48-684256.6,          , 5.27   ,      0.14,        , -2.23,         , -0.0
Fe II  ,  14, SMSS J023139.43-523957.4,          , 4.57   ,      0.09,        , -2.93,         , 0.01
Fe II  ,   8, SMSS J023147.96-575341.7,          , 4.08   ,      0.08,        , -3.42,         , 0.0
Fe II  ,   8, SMSS J024643.28-352502.4,          , 4.16   ,      0.1 ,        , -3.34,         , 0.03
Fe II  ,   5, SMSS J024858.41-684306.4,          , 3.79   ,      0.04,        , -3.71,         , -0.0
Fe II  ,  16, 2MASS J03084611-4747083 ,          , 5.94   ,      0.07,        , -1.56,         , 0.0
Fe II  ,   6, SMSS J031556.09-473442.1,          , 4.25   ,      0.08,        , -3.25,         , 0.0
Fe II  ,   9, SMSS J032132.29-363123.6,          , 4.13   ,      0.04,        , -3.37,         , 0.03
Fe II  ,   4, SMSS J033005.90-681352.5,          , 4.06   ,      0.08,        , -3.44,         , 0.0
Fe II  ,  14, SMSS J034249.53-284216.0,          , 5.19   ,      0.08,        , -2.31,         , 0.01
Fe II  ,   8, SMSS J040148.04-743537.3,          , 4.42   ,      0.08,        , -3.08,         , 0.0
Fe II  ,  18, SMSS J041957.56-493818.3,          , 4.53   ,      0.07,        , -2.97,         , 0.0
Fe II  ,   9, SMSS J051008.62-372019.8,          , 4.33   ,      0.07,        , -3.17,         , 0.03
Fe II  ,  11, SMSS J055746.51-575057.4,          , 5.01   ,      0.08,        , -2.49,         , 0.01
Fe II  ,  17, SMSS J061725.30-600740.6,          , 4.78   ,      0.11,        , -2.72,         , -0.0
Fe II  ,  12, SMSS J062609.83-590503.2,          , 4.73   ,      0.07,        , -2.77,         , -0.0
Fe II  ,  10, SMSS J063447.15-622355.0,          , 4.09   ,      0.06,        , -3.41,         , -0.0
Fe II  ,  23, SMSS J064349.43-653038.6,          , 5.02   ,      0.1 ,        , -2.48,         , -0.0
Fe II  ,  18, SMSS J065014.40-614328.0,          , 4.32   ,      0.11,        , -3.18,         , 0.0
Fe II  ,  17, SMSS J070257.95-600422.4,          , 4.88   ,      0.1 ,        , -2.62,         , 0.01
Fe II  ,  10, SMSS J080050.54-724620.6,          , 5.42   ,      0.08,        , -2.08,         , 0.0
Fe II  ,   9, SMSS J085924.06-120104.9,          , 3.87   ,      0.07,        , -3.63,         , 0.0
Fe II  ,  14, SMSS J090247.43-122755.0,          , 5.1    ,      0.09,        , -2.4 ,         , 0.0
Fe II  ,   6, SMSS J091210.40-064427.9,          , 4.88   ,      0.05,        , -2.62,         , 0.02
Fe II  ,   4, SMSS J093209.41-003435.8,          , 4.39   ,      0.08,        , -3.11,         , 0.0
Fe II  ,   2, 2MASS J09380777-0600392 ,          , 4.83   ,      0.1 ,        , -2.67,         , 0.01
Fe II  ,   4, SMSS J093829.27-070520.9,          , 5.17   ,      0.13,        , -2.33,         , 0.02
Fe II  ,  12, SMSS J094029.05-060935.0,          , 4.33   ,      0.09,        , -3.17,         , 0.01
Fe II  ,   9, SMSS J094755.04-102724.7,          , 4.53   ,      0.07,        , -2.97,         , 0.02
Fe II  ,  17, SMSS J095120.49-401431.3,          , 6.04   ,      0.06,        , -1.46,         , 0.01
Fe II  ,   3, SMSS J100251.13-000152.1,          , 4.88   ,      0.07,        , -2.62,         , -0.0
Fe II  ,   4, 2MASS J10242264-2904203 ,          , 4.38   ,      0.11,        , -3.12,         , 0.01
Fe II  ,   6, 2MASS J10275895-3006391 ,          , 4.56   ,      0.13,        , -2.94,         , 0.03
Fe II  ,   4, 2MASS J10283035-2951115 ,          , 5.12   ,      0.21,        , -2.38,         , 0.01
Fe II  ,  17, 2MASS J10294248-0103238 ,          , 5.11   ,      0.13,        , -2.39,         , 0.0
Fe II  ,  18, SMSS J105320.99-435300.1,          , 5.64   ,      0.08,        , -1.86,         , -0.0
Fe II  ,  16, SMSS J105438.86-435819.9,          , 5.52   ,      0.09,        , -1.98,         , -0.0
Fe II  ,   2, SMSS J110850.60-080034.7,          , 4.62   ,      0.02,        , -2.88,         , 0.01
Fe II  ,  16, SMSS J121353.63-441911.2,          , 4.91   ,      0.06,        , -2.59,         , -0.01
Fe II  ,  20, SMSS J121716.48-442510.2,          , 5.41   ,      0.11,        , -2.09,         , 0.01
Fe II  ,   8, SMSS J122455.61-151134.0,          , 4.89   ,      0.09,        , -2.61,         , 0.01
Fe II  ,   6, SMSS J123158.00-162317.6,          , 4.88   ,      0.08,        , -2.62,         , 0.0
Fe II  ,  10, SMSS J123246.06-054559.1,          , 4.48   ,      0.11,        , -3.02,         , 0.01
Fe II  ,   8, SMSS J125115.37-331448.1,          , 4.87   ,      0.09,        , -2.63,         , 0.01
Fe II  ,   5, SMSS J125125.64-340343.4,          , 5.0    ,      0.05,        , -2.5 ,         , 0.02
Fe II  ,   9, SMSS J125451.18-334440.3,          , 4.69   ,      0.16,        , -2.81,         , -0.0
Fe II  ,   6, SMSS J125804.65-335045.1,          , 4.06   ,      0.06,        , -3.44,         , -0.0
Fe II  ,  17, SMSS J130537.01-294438.3,          , 5.15   ,      0.09,        , -2.35,         , -0.0
Fe II  ,  10, SMSS J133013.61-434632.4,          , 4.96   ,      0.03,        , -2.54,         , -0.0
Fe II  ,  17, SMSS J133532.32-210632.9,          , 4.77   ,      0.1 ,        , -2.73,         , -0.0
Fe II  ,  12, SMSS J135217.78-151405.7,          , 4.95   ,      0.14,        , -2.55,         , 0.0
Fe II  ,   9, SMSS J135625.09-161538.7,          , 4.75   ,      0.1 ,        , -2.75,         , 0.01
Fe II  ,  11, SMSS J135819.95-150937.4,          , 4.92   ,      0.1 ,        , -2.58,         , 0.01
Fe II  ,  16, SMSS J141547.72-414034.0,          , 5.25   ,      0.09,        , -2.25,         , 0.0
Fe II  ,  14, SMSS J143511.34-420326.5,          , 4.36   ,      0.11,        , -3.14,         , 0.01
Fe II  ,   6, SMSS J151101.05-182103.0,          , 4.79   ,      0.09,        , -2.71,         , 0.01
Fe II  ,  15, SMSS J151450.18-182946.0,          , 4.8    ,      0.1 ,        , -2.7 ,         , 0.03
Fe II  ,  16, SMSS J155430.57-263904.8,          , 4.92   ,      0.09,        , -2.58,         , 0.03
Fe II  ,  13, SMSS J155628.74-165533.4,          , 4.72   ,      0.12,        , -2.78,         , 0.01
Fe II  ,  12, SMSS J160447.75-293146.7,          , 4.84   ,      0.06,        , -2.66,         , -0.0
Fe II  ,  20, SMSS J164921.94-041943.9,          , 5.27   ,      0.13,        , -2.23,         , 0.01
Fe II  ,  17, SMSS J165023.82-252948.7,          , 5.03   ,      0.1 ,        , -2.47,         , 0.01
Fe II  ,  16, SMSS J165219.76-253133.7,          , 5.31   ,      0.09,        , -2.19,         , 0.01
Fe II  ,  11, SMSS J173823.36-145701.0,          , 3.93   ,      0.09,        , -3.57,         , 0.01
Fe II  ,  16, SMSS J174048.48-143635.6,          , 5.0    ,      0.09,        , -2.5 ,         , -0.0
Fe II  ,  18, SMSS J174916.38-455427.5,          , 4.99   ,      0.09,        , -2.51,         , 0.0
Fe II  ,  14, SMSS J174922.26-455103.8,          , 4.73   ,      0.06,        , -2.77,         , 0.0
Fe II  ,  13, SMSS J175021.86-414627.2,          , 4.74   ,      0.08,        , -2.76,         , -0.01
Fe II  ,  20, SMSS J175046.30-425506.9,          , 5.34   ,      0.09,        , -2.16,         , 0.01
Fe II  ,  19, SMSS J175738.37-454823.5,          , 5.04   ,      0.11,        , -2.46,         , 0.0
Fe II  ,  14, SMSS J183246.49-343434.2,          , 4.5    ,      0.11,        , -3.0 ,         , -0.0
Fe II  ,  15, SMSS J183753.10-380725.9,          , 4.51   ,      0.08,        , -2.99,         , 0.0
Fe II  ,  10, SMSS J184226.25-272602.7,          , 3.61   ,      0.11,        , -3.89,         , 0.01
Fe II  ,   7, SMSS J184825.29-305929.7,          , 3.85   ,      0.08,        , -3.65,         , -0.0
Fe II  ,  16, SMSS J185628.44-231809.8,          , 4.52   ,      0.13,        , -2.98,         , 0.01
Fe II  ,   7, SMSS J190549.33-214945.0,          , 4.4    ,      0.06,        , -3.1 ,         , 0.01
Fe II  ,  18, SMSS J190911.03-213207.5,          , 5.11   ,      0.12,        , -2.39,         , 0.01
Fe II  ,   4, SMSS J190931.13-214053.9,          , 4.17   ,      0.06,        , -3.33,         , 0.01
Fe II  ,  11, SMSS J191802.51-851523.0,          , 4.9    ,      0.09,        , -2.6 ,         , 0.02
Fe II  ,   9, SMSS J193528.46-462129.6,          , 4.11   ,      0.12,        , -3.39,         , 0.01
Fe II  ,  10, SMSS J193617.38-790231.4,          , 6.2    ,      0.07,        , -1.3 ,         , -0.0
Fe II  ,  23, SMSS J194432.13-720537.1,          , 5.06   ,      0.16,        , -2.44,         , -0.01
Fe II  ,  12, SMSS J195614.75-320145.9,          , 5.18   ,      0.1 ,        , -2.32,         , -0.0
Fe II  ,  18, SMSS J195931.70-643529.3,          , 4.94   ,      0.13,        , -2.56,         , 0.02
Fe II  ,   9, SMSS J200228.85-533114.4,          , 4.28   ,      0.13,        , -3.22,         , -0.0
Fe II  ,   3, SMSS J200654.42-321157.7,          , 4.27   ,      0.24,        , -3.23,         , 0.02
Fe II  ,  11, SMSS J202057.49-522417.2,          , 4.42   ,      0.05,        , -3.08,         , 0.04
Fe II  ,   7, SMSS J202123.89-515742.8,          , 4.89   ,      0.18,        , -2.61,         , 0.0
Fe II  ,  14, SMSS J205313.80-651830.6,          , 4.88   ,      0.1 ,        , -2.62,         , 0.0
Fe II  ,  12, SMSS J210021.85-653627.9,          , 5.61   ,      0.08,        , -1.89,         , 0.0
Fe II  ,  14, SMSS J211340.44-520017.5,          , 5.1    ,      0.09,        , -2.4 ,         , -0.0
Fe II  ,   9, SMSS J215805.81-651327.2,          , 4.1    ,      0.14,        , -3.4 ,         , 0.01
Fe II  ,  13, SMSS J221448.33-453949.9,          , 4.95   ,      0.11,        , -2.55,         , 0.0
Fe II  ,  14, SMSS J224838.41-550635.1,          , 4.65   ,      0.11,        , -2.85,         , 0.02
Fe II  ,   8, SMSS J224843.95-543610.1,          , 5.13   ,      0.08,        , -2.37,         , 0.01
Fe II  ,   6, SMSS J225851.25-265434.9,          , 4.03   ,      0.14,        , -3.47,         , 0.01
Fe II  ,  15, SMSS J230013.16-263511.0,          , 4.13   ,      0.15,        , -3.37,         , -0.02
Fe II  ,  14, SMSS J230113.95-291458.2,          , 4.98   ,      0.23,        , -2.52,         , 0.0
Fe II  ,  16, 2MASS J23203653-3637223 ,          , 4.89   ,      0.14,        , -2.61,         , 0.02
Fe II  ,   8, 2MASS J23261426-3719492 ,          , 4.97   ,      0.02,        , -2.53,         , 0.01
Co     ,   6, SMSS J000113.96-363337.9,          , 2.73   ,      0.1 ,        , -2.26,         , 0.07
Co     ,   6, SMSS J001039.86-525851.4,          , 2.66   ,      0.07,        , -2.33,         , -0.01
Co     ,   4, SMSS J001952.15-525803.0,          , 2.63   ,      0.03,        , -2.36,         , 0.2
Co     ,   3, SMSS J002148.06-471132.1,          , 1.88   ,      0.11,        , -3.11,         , 0.06
Co     ,   3, SMSS J003055.81-482011.3,          , 2.46   ,      0.15,        , -2.53,         , 0.0
Co     ,   3, SMSS J003327.36-491037.9,          , 2.22   ,      0.1 ,        , -2.77,         , 0.6
Co     ,   4, SMSS J004037.56-515025.2,          , 1.44   ,      0.06,        , -3.55,         , 0.28
Co     ,   4, SMSS J005953.98-594329.9,          , 1.72   ,      0.09,        , -3.27,         , 0.66
Co     ,   6, SMSS J010332.63-534654.3,          , 2.1    ,      0.11,        , -2.89,         , 0.14
Co     ,   5, SMSS J010651.91-524410.5,          , 1.34   ,      0.09,        , -3.65,         , 0.14
Co     ,   4, SMSS J010839.58-285701.5,          , 2.13   ,      0.13,        , -2.86,         , 0.16
Co     ,   3, SMSS J012147.80-495328.2,          , 3.36   ,      0.09,        , -1.63,         , -0.04
Co     ,   5, SMSS J014624.60-352457.7,          , 2.19   ,      0.08,        , -2.8 ,         , 0.0
Co     ,   5, SMSS J015350.94-775525.6,          , 2.16   ,      0.1 ,        , -2.83,         , -0.21
Co     ,   4, SMSS J015941.53-781408.7,          , 2.13   ,      0.08,        , -2.86,         , 0.25
Co     ,   4, 2MASS J02031860-7930291 ,          , 1.98   ,      0.07,        , -3.02,         , 0.01
Co     ,   5, SMSS J020748.93-465616.4,          , 2.41   ,      0.07,        , -2.58,         , 0.13
Co     ,   5, SMSS J021323.26-495936.5,          , 2.17   ,      0.09,        , -2.82,         , 0.05
Co     ,   3, SMSS J022410.38-534659.9,          , 1.61   ,      0.09,        , -3.38,         , 0.02
Co     ,   4, SMSS J022423.27-573705.1,          , 1.3    ,      0.09,        , -3.69,         , 0.28
Co     ,   2, SMSS J022452.58-731051.8,          , 2.51   ,      0.04,        , -2.48,         , 0.07
Co     ,   4, SMSS J022545.31-774119.9,          , 2.38   ,      0.07,        , -2.61,         , 0.03
Co     ,   5, SMSS J022756.48-684256.6,          , 2.98   ,      0.11,        , -2.01,         , 0.21
Co     ,   2, SMSS J023139.43-523957.4,          , 2.28   ,      0.01,        , -2.71,         , 0.23
Co     ,   4, SMSS J023147.96-575341.7,          , 2.11   ,      0.09,        , -2.88,         , 0.54
Co     ,   2, SMSS J024643.28-352502.4,          , 2.1    ,      0.23,        , -2.9 ,         , 0.48
Co     ,   4, SMSS J024858.41-684306.4,          , 1.5    ,      0.04,        , -3.49,         , 0.21
Co     ,   3, 2MASS J03084611-4747083 ,          , 3.62   ,      0.08,        , -1.37,         , 0.18
Co     ,   4, SMSS J031556.09-473442.1,          , 1.84   ,      0.04,        , -3.15,         , 0.11
Co     ,   3, SMSS J032132.29-363123.6,          , 1.72   ,      0.07,        , -3.27,         , 0.12
Co     ,   4, SMSS J033005.90-681352.5,          , 1.75   ,      0.09,        , -3.24,         , 0.21
Co     ,   3, SMSS J034249.53-284216.0,          , 2.36   ,      0.12,        , -2.63,         , -0.31
Co     ,   5, SMSS J040148.04-743537.3,          , 2.11   ,      0.06,        , -2.88,         , 0.2
Co     ,   7, SMSS J041957.56-493818.3,          , 1.98   ,      0.1 ,        , -3.01,         , -0.05
Co     ,   4, SMSS J051008.62-372019.8,          , 1.9    ,      0.07,        , -3.09,         , 0.11
Co     ,   4, SMSS J055746.51-575057.4,          , 2.58   ,      0.08,        , -2.41,         , 0.1
Co     ,   6, SMSS J061725.30-600740.6,          , 2.35   ,      0.13,        , -2.64,         , 0.08
Co     ,   6, SMSS J062609.83-590503.2,          , 2.31   ,      0.11,        , -2.68,         , 0.09
Co     ,   6, SMSS J063447.15-622355.0,          , 1.58   ,      0.14,        , -3.41,         , -0.0
Co     ,   7, SMSS J064349.43-653038.6,          , 2.49   ,      0.13,        , -2.5 ,         , -0.02
Co     ,   7, SMSS J065014.40-614328.0,          , 1.81   ,      0.15,        , -3.18,         , 0.0
Co     ,   8, SMSS J070257.95-600422.4,          , 2.36   ,      0.11,        , -2.63,         , -0.01
Co     ,   5, SMSS J080050.54-724620.6,          , 2.98   ,      0.1 ,        , -2.01,         , 0.08
Co     ,   3, SMSS J085924.06-120104.9,          , 1.08   ,      0.03,        , -3.91,         , -0.27
Co     ,   7, SMSS J090247.43-122755.0,          , 2.52   ,      0.11,        , -2.47,         , -0.07
Co     ,   2, SMSS J091210.40-064427.9,          , 2.59   ,      0.18,        , -2.4 ,         , 0.25
Co     ,   4, SMSS J093209.41-003435.8,          , 2.24   ,      0.04,        , -2.75,         , 0.36
Co     ,   1, 2MASS J09380777-0600392 ,          , 2.41   ,          ,        , -2.58,         , 0.1
Co     ,   1, SMSS J093829.27-070520.9,          , 2.47   ,          ,        , -2.52,         , -0.18
Co     ,   4, SMSS J094029.05-060935.0,          , 1.91   ,      0.03,        , -3.08,         , 0.09
Co     ,   5, SMSS J094755.04-102724.7,          , 2.19   ,      0.09,        , -2.8 ,         , 0.19
Co     ,   5, SMSS J095120.49-401431.3,          , 3.69   ,      0.09,        , -1.3 ,         , 0.18
Co     ,   2, SMSS J100251.13-000152.1,          , 2.33   ,      0.09,        , -2.67,         , -0.04
Co     ,   3, 2MASS J10242264-2904203 ,          , 1.7    ,      0.14,        , -3.29,         , -0.16
Co     ,   2, 2MASS J10275895-3006391 ,          , 2.77   ,      0.1 ,        , -2.23,         , 0.74
Co     ,   0, 2MASS J10283035-2951115 ,          ,        ,          ,        ,      ,         , 
Co     ,   5, 2MASS J10294248-0103238 ,          , 2.57   ,      0.05,        , -2.42,         , -0.03
Co     ,   6, SMSS J105320.99-435300.1,          , 2.89   ,      0.1 ,        , -2.1 ,         , -0.25
Co     ,   5, SMSS J105438.86-435819.9,          , 3.14   ,      0.07,        , -1.85,         , 0.12
Co     ,   1, SMSS J110850.60-080034.7,          , 2.46   ,          ,        , -2.53,         , 0.37
Co     ,   6, SMSS J121353.63-441911.2,          , 2.6    ,      0.11,        , -2.4 ,         , 0.19
Co     ,   7, SMSS J121716.48-442510.2,          , 2.88   ,      0.1 ,        , -2.11,         , -0.0
Co     ,   2, SMSS J122455.61-151134.0,          , 2.83   ,      0.03,        , -2.17,         , 0.45
Co     ,   3, SMSS J123158.00-162317.6,          , 2.36   ,      0.08,        , -2.63,         , -0.01
Co     ,   8, SMSS J123246.06-054559.1,          , 2.19   ,      0.09,        , -2.8 ,         , 0.23
Co     ,   1, SMSS J125115.37-331448.1,          , 2.76   ,          ,        , -2.23,         , 0.41
Co     ,   3, SMSS J125125.64-340343.4,          , 2.59   ,      0.05,        , -2.4 ,         , 0.12
Co     ,   2, SMSS J125451.18-334440.3,          , 2.49   ,      0.0 ,        , -2.5 ,         , 0.31
Co     ,   5, SMSS J125804.65-335045.1,          , 1.84   ,      0.1 ,        , -3.15,         , 0.29
Co     ,   6, SMSS J130537.01-294438.3,          , 2.54   ,      0.14,        , -2.45,         , -0.1
Co     ,   4, SMSS J133013.61-434632.4,          , 2.23   ,      0.1 ,        , -2.77,         , -0.22
Co     ,   7, SMSS J133532.32-210632.9,          , 2.23   ,      0.1 ,        , -2.76,         , -0.03
Co     ,   3, SMSS J135217.78-151405.7,          , 2.63   ,      0.02,        , -2.36,         , 0.19
Co     ,   3, SMSS J135625.09-161538.7,          , 1.93   ,      0.19,        , -3.06,         , -0.31
Co     ,   2, SMSS J135819.95-150937.4,          , 2.54   ,      0.07,        , -2.46,         , 0.13
Co     ,   5, SMSS J141547.72-414034.0,          , 2.47   ,      0.11,        , -2.52,         , -0.27
Co     ,   6, SMSS J143511.34-420326.5,          , 1.88   ,      0.1 ,        , -3.11,         , 0.04
Co     ,   2, SMSS J151101.05-182103.0,          , 2.15   ,      0.03,        , -2.84,         , -0.13
Co     ,   2, SMSS J151450.18-182946.0,          , 2.38   ,      0.09,        , -2.61,         , 0.12
Co     ,   8, SMSS J155430.57-263904.8,          , 2.47   ,      0.12,        , -2.52,         , 0.1
Co     ,   6, SMSS J155628.74-165533.4,          , 2.27   ,      0.1 ,        , -2.72,         , 0.07
Co     ,   7, SMSS J160447.75-293146.7,          , 2.39   ,      0.11,        , -2.6 ,         , 0.06
Co     ,   6, SMSS J164921.94-041943.9,          , 2.76   ,      0.08,        , -2.23,         , 0.01
Co     ,   7, SMSS J165023.82-252948.7,          , 2.52   ,      0.1 ,        , -2.47,         , 0.01
Co     ,   6, SMSS J165219.76-253133.7,          , 3.05   ,      0.06,        , -1.94,         , 0.26
Co     ,   5, SMSS J173823.36-145701.0,          , 1.37   ,      0.11,        , -3.62,         , -0.05
Co     ,   4, SMSS J174048.48-143635.6,          , 2.21   ,      0.1 ,        , -2.78,         , -0.28
Co     ,   6, SMSS J174916.38-455427.5,          , 2.46   ,      0.11,        , -2.53,         , -0.01
Co     ,   5, SMSS J174922.26-455103.8,          , 2.29   ,      0.11,        , -2.7 ,         , 0.07
Co     ,   4, SMSS J175021.86-414627.2,          , 2.25   ,      0.06,        , -2.74,         , 0.01
Co     ,   3, SMSS J175046.30-425506.9,          , 3.46   ,      0.09,        , -1.53,         , 0.64
Co     ,   4, SMSS J175738.37-454823.5,          , 2.59   ,      0.1 ,        , -2.4 ,         , 0.06
Co     ,   7, SMSS J183246.49-343434.2,          , 1.98   ,      0.12,        , -3.01,         , -0.01
Co     ,   5, SMSS J183753.10-380725.9,          , 2.07   ,      0.12,        , -2.92,         , 0.07
Co     ,   2, SMSS J184226.25-272602.7,          , 0.92   ,      0.01,        , -4.07,         , -0.18
Co     ,   5, SMSS J184825.29-305929.7,          , 1.57   ,      0.09,        , -3.42,         , 0.23
Co     ,   8, SMSS J185628.44-231809.8,          , 1.98   ,      0.12,        , -3.01,         , -0.02
Co     ,   6, SMSS J190549.33-214945.0,          , 2.16   ,      0.05,        , -2.83,         , 0.29
Co     ,   6, SMSS J190911.03-213207.5,          , 2.5    ,      0.11,        , -2.49,         , -0.08
Co     ,   2, SMSS J190931.13-214053.9,          , 1.89   ,      0.04,        , -3.1 ,         , 0.23
Co     ,   1, SMSS J191802.51-851523.0,          , 3.92   ,          ,        , -1.07,         , 1.55
Co     ,   5, SMSS J193528.46-462129.6,          , 1.59   ,      0.06,        , -3.4 ,         , -0.0
Co     ,   4, SMSS J193617.38-790231.4,          , 3.66   ,      0.12,        , -1.33,         , -0.04
Co     ,   6, SMSS J194432.13-720537.1,          , 2.69   ,      0.12,        , -2.3 ,         , 0.13
Co     ,   1, SMSS J195614.75-320145.9,          , 2.71   ,          ,        , -2.28,         , 0.03
Co     ,   4, SMSS J195931.70-643529.3,          , 2.3    ,      0.1 ,        , -2.69,         , -0.11
Co     ,   3, SMSS J200228.85-533114.4,          , 1.65   ,      0.04,        , -3.34,         , -0.13
Co     ,   3, SMSS J200654.42-321157.7,          , 2.46   ,      0.11,        , -2.53,         , 0.72
Co     ,   6, SMSS J202057.49-522417.2,          , 2.15   ,      0.14,        , -2.84,         , 0.28
Co     ,   1, SMSS J202123.89-515742.8,          , 2.75   ,          ,        , -2.24,         , 0.37
Co     ,   4, SMSS J205313.80-651830.6,          , 2.63   ,      0.03,        , -2.36,         , 0.26
Co     ,   5, SMSS J210021.85-653627.9,          , 3.16   ,      0.11,        , -1.83,         , 0.06
Co     ,   2, SMSS J211340.44-520017.5,          , 2.48   ,      0.02,        , -2.52,         , -0.12
Co     ,   4, SMSS J215805.81-651327.2,          , 1.91   ,      0.1 ,        , -3.08,         , 0.33
Co     ,   5, SMSS J221448.33-453949.9,          , 3.05   ,      0.09,        , -1.94,         , 0.61
Co     ,   4, SMSS J224838.41-550635.1,          , 2.0    ,      0.11,        , -2.99,         , -0.11
Co     ,   7, SMSS J224843.95-543610.1,          , 2.68   ,      0.11,        , -2.31,         , 0.07
Co     ,   4, SMSS J225851.25-265434.9,          , 1.61   ,      0.14,        , -3.38,         , 0.11
Co     ,   6, SMSS J230013.16-263511.0,          , 1.59   ,      0.11,        , -3.4 ,         , -0.05
Co     ,   6, SMSS J230113.95-291458.2,          , 2.79   ,      0.09,        , -2.21,         , 0.32
Co     ,   2, 2MASS J23203653-3637223 ,          , 2.69   ,      0.08,        , -2.3 ,         , 0.33
Co     ,   2, 2MASS J23261426-3719492 ,          , 2.25   ,      0.02,        , -2.74,         , -0.19
Ni     ,  10, SMSS J000113.96-363337.9,          , 3.91   ,      0.1 ,        , -2.31,         , 0.01
Ni     ,  15, SMSS J001039.86-525851.4,          , 3.87   ,      0.09,        , -2.35,         , -0.04
Ni     ,  13, SMSS J001952.15-525803.0,          , 3.72   ,      0.1 ,        , -2.5 ,         , 0.06
Ni     ,   1, SMSS J002148.06-471132.1,          , 3.09   ,          ,        , -3.13,         , 0.04
Ni     ,   3, SMSS J003055.81-482011.3,          , 3.53   ,      0.03,        , -2.69,         , -0.16
Ni     ,   2, SMSS J003327.36-491037.9,          , 2.97   ,      0.01,        , -3.25,         , 0.11
Ni     ,   3, SMSS J004037.56-515025.2,          , 2.24   ,      0.07,        , -3.98,         , -0.15
Ni     ,   7, SMSS J005953.98-594329.9,          , 2.59   ,      0.09,        , -3.63,         , 0.3
Ni     ,   5, SMSS J010332.63-534654.3,          , 3.29   ,      0.08,        , -2.93,         , 0.1
Ni     ,   4, SMSS J010651.91-524410.5,          , 2.3    ,      0.1 ,        , -3.92,         , -0.12
Ni     ,   4, SMSS J010839.58-285701.5,          , 3.18   ,      0.08,        , -3.04,         , -0.02
Ni     ,  14, SMSS J012147.80-495328.2,          , 4.26   ,      0.14,        , -1.96,         , -0.36
Ni     ,   9, SMSS J014624.60-352457.7,          , 3.42   ,      0.12,        , -2.8 ,         , 0.01
Ni     ,   3, SMSS J015350.94-775525.6,          , 3.6    ,      0.06,        , -2.62,         , -0.0
Ni     ,   4, SMSS J015941.53-781408.7,          , 2.98   ,      0.06,        , -3.24,         , -0.13
Ni     ,   2, 2MASS J02031860-7930291 ,          , 3.05   ,      0.03,        , -3.17,         , -0.14
Ni     ,   6, SMSS J020748.93-465616.4,          , 3.54   ,      0.07,        , -2.68,         , 0.03
Ni     ,   4, SMSS J021323.26-495936.5,          , 3.48   ,      0.06,        , -2.74,         , 0.13
Ni     ,   4, SMSS J022410.38-534659.9,          , 2.74   ,      0.17,        , -3.48,         , -0.08
Ni     ,   7, SMSS J022423.27-573705.1,          , 2.19   ,      0.1 ,        , -4.03,         , -0.06
Ni     ,   1, SMSS J022452.58-731051.8,          , 3.75   ,          ,        , -2.47,         , 0.08
Ni     ,   1, SMSS J022545.31-774119.9,          , 3.63   ,          ,        , -2.59,         , 0.04
Ni     ,   5, SMSS J022756.48-684256.6,          , 4.01   ,      0.11,        , -2.21,         , 0.01
Ni     ,   3, SMSS J023139.43-523957.4,          , 3.14   ,      0.09,        , -3.08,         , -0.14
Ni     ,   3, SMSS J023147.96-575341.7,          , 3.08   ,      0.0 ,        , -3.14,         , 0.29
Ni     ,   0, SMSS J024643.28-352502.4,          ,        ,          ,        ,      ,         , 
Ni     ,   4, SMSS J024858.41-684306.4,          , 2.56   ,      0.05,        , -3.66,         , 0.04
Ni     ,  13, 2MASS J03084611-4747083 ,          , 4.59   ,      0.1 ,        , -1.63,         , -0.07
Ni     ,   3, SMSS J031556.09-473442.1,          , 3.25   ,      0.09,        , -2.97,         , 0.28
Ni     ,   6, SMSS J032132.29-363123.6,          , 2.96   ,      0.11,        , -3.25,         , 0.14
Ni     ,   3, SMSS J033005.90-681352.5,          , 2.83   ,      0.03,        , -3.39,         , 0.06
Ni     ,   5, SMSS J034249.53-284216.0,          , 3.61   ,      0.06,        , -2.61,         , -0.28
Ni     ,   3, SMSS J040148.04-743537.3,          , 3.4    ,      0.09,        , -2.82,         , 0.27
Ni     ,  10, SMSS J041957.56-493818.3,          , 3.25   ,      0.08,        , -2.97,         , -0.01
Ni     ,   7, SMSS J051008.62-372019.8,          , 3.03   ,      0.11,        , -3.19,         , 0.01
Ni     ,   5, SMSS J055746.51-575057.4,          , 3.83   ,      0.09,        , -2.39,         , 0.12
Ni     ,   9, SMSS J061725.30-600740.6,          , 3.48   ,      0.12,        , -2.74,         , -0.02
Ni     ,  14, SMSS J062609.83-590503.2,          , 3.67   ,      0.11,        , -2.55,         , 0.22
Ni     ,   7, SMSS J063447.15-622355.0,          , 2.82   ,      0.14,        , -3.4 ,         , 0.01
Ni     ,  20, SMSS J064349.43-653038.6,          , 3.79   ,      0.11,        , -2.43,         , 0.05
Ni     ,   7, SMSS J065014.40-614328.0,          , 3.08   ,      0.09,        , -3.14,         , 0.05
Ni     ,  10, SMSS J070257.95-600422.4,          , 3.57   ,      0.11,        , -2.65,         , -0.03
Ni     ,  10, SMSS J080050.54-724620.6,          , 4.18   ,      0.12,        , -2.04,         , 0.04
Ni     ,   4, SMSS J085924.06-120104.9,          , 2.48   ,      0.09,        , -3.74,         , -0.11
Ni     ,   9, SMSS J090247.43-122755.0,          , 3.84   ,      0.11,        , -2.38,         , 0.01
Ni     ,   2, SMSS J091210.40-064427.9,          , 3.55   ,      0.14,        , -2.67,         , -0.03
Ni     ,   3, SMSS J093209.41-003435.8,          , 3.24   ,      0.08,        , -2.98,         , 0.13
Ni     ,   5, 2MASS J09380777-0600392 ,          , 3.26   ,      0.11,        , -2.96,         , -0.28
Ni     ,   0, SMSS J093829.27-070520.9,          ,        ,          ,        ,      ,         , 
Ni     ,   5, SMSS J094029.05-060935.0,          , 3.1    ,      0.11,        , -3.12,         , 0.06
Ni     ,   9, SMSS J094755.04-102724.7,          , 3.36   ,      0.12,        , -2.86,         , 0.13
Ni     ,  14, SMSS J095120.49-401431.3,          , 4.75   ,      0.12,        , -1.47,         , 0.01
Ni     ,   1, SMSS J100251.13-000152.1,          , 4.02   ,          ,        , -2.2 ,         , 0.42
Ni     ,   4, 2MASS J10242264-2904203 ,          , 3.19   ,      0.11,        , -3.03,         , 0.1
Ni     ,  10, 2MASS J10275895-3006391 ,          , 3.42   ,      0.11,        , -2.8 ,         , 0.16
Ni     ,   1, 2MASS J10283035-2951115 ,          , 3.59   ,          ,        , -2.63,         , -0.24
Ni     ,  15, 2MASS J10294248-0103238 ,          , 3.8    ,      0.1 ,        , -2.42,         , -0.04
Ni     ,  10, SMSS J105320.99-435300.1,          , 4.19   ,      0.11,        , -2.03,         , -0.18
Ni     ,  16, SMSS J105438.86-435819.9,          , 4.21   ,      0.11,        , -2.01,         , -0.03
Ni     ,   2, SMSS J110850.60-080034.7,          , 3.26   ,      0.07,        , -2.96,         , -0.06
Ni     ,  11, SMSS J121353.63-441911.2,          , 3.73   ,      0.09,        , -2.49,         , 0.1
Ni     ,  14, SMSS J121716.48-442510.2,          , 3.97   ,      0.1 ,        , -2.25,         , -0.14
Ni     ,   1, SMSS J122455.61-151134.0,          , 3.63   ,          ,        , -2.59,         , 0.03
Ni     ,   2, SMSS J123158.00-162317.6,          , 3.48   ,      0.04,        , -2.74,         , -0.11
Ni     ,   5, SMSS J123246.06-054559.1,          , 3.3    ,      0.1 ,        , -2.92,         , 0.11
Ni     ,   1, SMSS J125115.37-331448.1,          , 3.69   ,          ,        , -2.53,         , 0.11
Ni     ,   2, SMSS J125125.64-340343.4,          , 3.61   ,      0.09,        , -2.61,         , -0.09
Ni     ,   1, SMSS J125451.18-334440.3,          , 3.3    ,          ,        , -2.92,         , -0.11
Ni     ,   2, SMSS J125804.65-335045.1,          , 2.5    ,      0.02,        , -3.72,         , -0.29
Ni     ,  13, SMSS J130537.01-294438.3,          , 3.9    ,      0.14,        , -2.32,         , 0.03
Ni     ,   8, SMSS J133013.61-434632.4,          , 3.73   ,      0.08,        , -2.49,         , 0.06
Ni     ,  14, SMSS J133532.32-210632.9,          , 3.56   ,      0.1 ,        , -2.66,         , 0.07
Ni     ,   4, SMSS J135217.78-151405.7,          , 3.6    ,      0.13,        , -2.62,         , -0.06
Ni     ,   1, SMSS J135625.09-161538.7,          , 3.55   ,          ,        , -2.67,         , 0.09
Ni     ,   5, SMSS J135819.95-150937.4,          , 3.5    ,      0.04,        , -2.72,         , -0.13
Ni     ,  14, SMSS J141547.72-414034.0,          , 3.99   ,      0.11,        , -2.23,         , 0.02
Ni     ,   6, SMSS J143511.34-420326.5,          , 3.25   ,      0.11,        , -2.97,         , 0.18
Ni     ,   0, SMSS J151101.05-182103.0,          ,        ,          ,        ,      ,         , 
Ni     ,   1, SMSS J151450.18-182946.0,          , 3.48   ,          ,        , -2.74,         , -0.01
Ni     ,  17, SMSS J155430.57-263904.8,          , 3.64   ,      0.12,        , -2.58,         , 0.04
Ni     ,   7, SMSS J155628.74-165533.4,          , 3.68   ,      0.11,        , -2.54,         , 0.25
Ni     ,   9, SMSS J160447.75-293146.7,          , 3.62   ,      0.09,        , -2.6 ,         , 0.06
Ni     ,   9, SMSS J164921.94-041943.9,          , 4.06   ,      0.09,        , -2.16,         , 0.08
Ni     ,  11, SMSS J165023.82-252948.7,          , 3.75   ,      0.13,        , -2.47,         , 0.01
Ni     ,  12, SMSS J165219.76-253133.7,          , 4.05   ,      0.1 ,        , -2.17,         , 0.04
Ni     ,   2, SMSS J173823.36-145701.0,          , 2.66   ,      0.11,        , -3.56,         , 0.02
Ni     ,   8, SMSS J174048.48-143635.6,          , 3.77   ,      0.09,        , -2.45,         , 0.05
Ni     ,   5, SMSS J174916.38-455427.5,          , 3.6    ,      0.07,        , -2.62,         , -0.1
Ni     ,   7, SMSS J174922.26-455103.8,          , 3.62   ,      0.09,        , -2.6 ,         , 0.17
Ni     ,   4, SMSS J175021.86-414627.2,          , 3.41   ,      0.11,        , -2.81,         , -0.06
Ni     ,  13, SMSS J175046.30-425506.9,          , 3.93   ,      0.1 ,        , -2.29,         , -0.12
Ni     ,   6, SMSS J175738.37-454823.5,          , 3.8    ,      0.09,        , -2.42,         , 0.04
Ni     ,   7, SMSS J183246.49-343434.2,          , 3.23   ,      0.04,        , -2.99,         , 0.02
Ni     ,   8, SMSS J183753.10-380725.9,          , 3.28   ,      0.08,        , -2.94,         , 0.05
Ni     ,   2, SMSS J184226.25-272602.7,          , 1.98   ,      0.06,        , -4.24,         , -0.35
Ni     ,   2, SMSS J184825.29-305929.7,          , 2.56   ,      0.04,        , -3.65,         , -0.01
Ni     ,   8, SMSS J185628.44-231809.8,          , 3.32   ,      0.08,        , -2.9 ,         , 0.09
Ni     ,   8, SMSS J190549.33-214945.0,          , 3.04   ,      0.11,        , -3.18,         , -0.07
Ni     ,  18, SMSS J190911.03-213207.5,          , 3.84   ,      0.14,        , -2.38,         , 0.03
Ni     ,   2, SMSS J190931.13-214053.9,          , 2.59   ,      0.09,        , -3.62,         , -0.29
Ni     ,   1, SMSS J191802.51-851523.0,          , 3.53   ,          ,        , -2.69,         , -0.07
Ni     ,   2, SMSS J193528.46-462129.6,          , 2.59   ,      0.07,        , -3.62,         , -0.23
Ni     ,   9, SMSS J193617.38-790231.4,          , 4.86   ,      0.14,        , -1.36,         , -0.06
Ni     ,   7, SMSS J194432.13-720537.1,          , 3.91   ,      0.13,        , -2.31,         , 0.12
Ni     ,   8, SMSS J195614.75-320145.9,          , 3.95   ,      0.1 ,        , -2.27,         , 0.05
Ni     ,   6, SMSS J195931.70-643529.3,          , 3.66   ,      0.14,        , -2.56,         , 0.01
Ni     ,   3, SMSS J200228.85-533114.4,          , 2.91   ,      0.29,        , -3.31,         , -0.09
Ni     ,   4, SMSS J200654.42-321157.7,          , 3.62   ,      0.15,        , -2.6 ,         , 0.65
Ni     ,   6, SMSS J202057.49-522417.2,          , 3.2    ,      0.09,        , -3.02,         , 0.1
Ni     ,   2, SMSS J202123.89-515742.8,          , 3.95   ,      0.05,        , -2.27,         , 0.33
Ni     ,   3, SMSS J205313.80-651830.6,          , 3.66   ,      0.08,        , -2.56,         , 0.06
Ni     ,   9, SMSS J210021.85-653627.9,          , 4.3    ,      0.11,        , -1.92,         , -0.02
Ni     ,   6, SMSS J211340.44-520017.5,          , 4.05   ,      0.07,        , -2.17,         , 0.23
Ni     ,   4, SMSS J215805.81-651327.2,          , 2.68   ,      0.15,        , -3.54,         , -0.13
Ni     ,   8, SMSS J221448.33-453949.9,          , 3.73   ,      0.13,        , -2.49,         , 0.07
Ni     ,   9, SMSS J224838.41-550635.1,          , 3.37   ,      0.15,        , -2.85,         , 0.02
Ni     ,   7, SMSS J224843.95-543610.1,          , 3.89   ,      0.11,        , -2.33,         , 0.05
Ni     ,   3, SMSS J225851.25-265434.9,          , 2.89   ,      0.12,        , -3.33,         , 0.15
Ni     ,   5, SMSS J230013.16-263511.0,          , 3.04   ,      0.07,        , -3.18,         , 0.17
Ni     ,   5, SMSS J230113.95-291458.2,          , 3.77   ,      0.12,        , -2.45,         , 0.08
Ni     ,   1, 2MASS J23203653-3637223 ,          , 3.75   ,          ,        , -2.47,         , 0.16
Ni     ,   2, 2MASS J23261426-3719492 ,          , 3.46   ,      0.05,        , -2.76,         , -0.21
Zn     ,   2, SMSS J000113.96-363337.9,          , 2.41   ,      0.01,        , -2.15,         , 0.17
Zn     ,   2, SMSS J001039.86-525851.4,          , 2.31   ,      0.02,        , -2.24,         , 0.07
Zn     ,   2, SMSS J001952.15-525803.0,          , 2.09   ,      0.04,        , -2.47,         , 0.09
Zn     ,   0, SMSS J002148.06-471132.1,          ,        ,          ,        ,      ,         , 
Zn     ,   2, SMSS J003055.81-482011.3,          , 2.23   ,      0.0 ,        , -2.33,         , 0.2
Zn     ,   0, SMSS J003327.36-491037.9,          ,        ,          ,        ,      ,         , 
Zn     ,   1, SMSS J004037.56-515025.2,          , 1.45   ,          ,        , -3.11,         , 0.72
Zn     ,   0, SMSS J005953.98-594329.9,          ,        ,          ,        ,      ,         , 
Zn     ,   0, SMSS J010332.63-534654.3,          ,        ,          ,        ,      ,         , 
Zn     ,   0, SMSS J010651.91-524410.5,          ,        ,          ,        ,      ,         , 
Zn     ,   2, SMSS J010839.58-285701.5,          , 1.86   ,      0.14,        , -2.7 ,         , 0.32
Zn     ,   2, SMSS J012147.80-495328.2,          , 2.65   ,      0.02,        , -1.91,         , -0.32
Zn     ,   2, SMSS J014624.60-352457.7,          , 2.1    ,      0.0 ,        , -2.45,         , 0.35
Zn     ,   1, SMSS J015350.94-775525.6,          , 1.83   ,          ,        , -2.73,         , -0.11
Zn     ,   0, SMSS J015941.53-781408.7,          ,        ,          ,        ,      ,         , 
Zn     ,   0, 2MASS J02031860-7930291 ,          ,        ,          ,        ,      ,         , 
Zn     ,   1, SMSS J020748.93-465616.4,          , 2.1    ,          ,        , -2.46,         , 0.25
Zn     ,   1, SMSS J021323.26-495936.5,          , 2.13   ,          ,        , -2.43,         , 0.44
Zn     ,   0, SMSS J022410.38-534659.9,          ,        ,          ,        ,      ,         , 
Zn     ,   0, SMSS J022423.27-573705.1,          ,        ,          ,        ,      ,         , 
Zn     ,   0, SMSS J022452.58-731051.8,          ,        ,          ,        ,      ,         , 
Zn     ,   0, SMSS J022545.31-774119.9,          ,        ,          ,        ,      ,         , 
Zn     ,   1, SMSS J022756.48-684256.6,          , 2.22   ,          ,        , -2.34,         , -0.12
Zn     ,   2, SMSS J023139.43-523957.4,          , 1.89   ,      0.04,        , -2.67,         , 0.27
Zn     ,   0, SMSS J023147.96-575341.7,          ,        ,          ,        ,      ,         , 
Zn     ,   0, SMSS J024643.28-352502.4,          ,        ,          ,        ,      ,         , 
Zn     ,   0, SMSS J024858.41-684306.4,          ,        ,          ,        ,      ,         , 
Zn     ,   2, 2MASS J03084611-4747083 ,          , 2.95   ,      0.01,        , -1.61,         , -0.06
Zn     ,   0, SMSS J031556.09-473442.1,          ,        ,          ,        ,      ,         , 
Zn     ,   2, SMSS J032132.29-363123.6,          , 1.8    ,      0.07,        , -2.75,         , 0.64
Zn     ,   0, SMSS J033005.90-681352.5,          ,        ,          ,        ,      ,         , 
Zn     ,   1, SMSS J034249.53-284216.0,          , 1.9    ,          ,        , -2.66,         , -0.33
Zn     ,   0, SMSS J040148.04-743537.3,          ,        ,          ,        ,      ,         , 
Zn     ,   2, SMSS J041957.56-493818.3,          , 1.56   ,      0.08,        , -2.99,         , -0.03
Zn     ,   0, SMSS J051008.62-372019.8,          ,        ,          ,        ,      ,         , 
Zn     ,   1, SMSS J055746.51-575057.4,          , 2.33   ,          ,        , -2.23,         , 0.27
Zn     ,   2, SMSS J061725.30-600740.6,          , 1.96   ,      0.08,        , -2.6 ,         , 0.11
Zn     ,   2, SMSS J062609.83-590503.2,          , 2.39   ,      0.0 ,        , -2.17,         , 0.6
Zn     ,   0, SMSS J063447.15-622355.0,          ,        ,          ,        ,      ,         , 
Zn     ,   2, SMSS J064349.43-653038.6,          , 2.21   ,      0.02,        , -2.35,         , 0.13
Zn     ,   2, SMSS J065014.40-614328.0,          , 1.35   ,      0.1 ,        , -3.2 ,         , -0.02
Zn     ,   2, SMSS J070257.95-600422.4,          , 2.14   ,      0.09,        , -2.42,         , 0.2
Zn     ,   0, SMSS J080050.54-724620.6,          ,        ,          ,        ,      ,         , 
Zn     ,   0, SMSS J085924.06-120104.9,          ,        ,          ,        ,      ,         , 
Zn     ,   0, SMSS J090247.43-122755.0,          ,        ,          ,        ,      ,         , 
Zn     ,   0, SMSS J091210.40-064427.9,          ,        ,          ,        ,      ,         , 
Zn     ,   0, SMSS J093209.41-003435.8,          ,        ,          ,        ,      ,         , 
Zn     ,   0, 2MASS J09380777-0600392 ,          ,        ,          ,        ,      ,         , 
Zn     ,   0, SMSS J093829.27-070520.9,          ,        ,          ,        ,      ,         , 
Zn     ,   1, SMSS J094029.05-060935.0,          , 1.67   ,          ,        , -2.89,         , 0.29
Zn     ,   2, SMSS J094755.04-102724.7,          , 2.0    ,      0.02,        , -2.55,         , 0.44
Zn     ,   0, SMSS J095120.49-401431.3,          ,        ,          ,        ,      ,         , 
Zn     ,   0, SMSS J100251.13-000152.1,          ,        ,          ,        ,      ,         , 
Zn     ,   0, 2MASS J10242264-2904203 ,          ,        ,          ,        ,      ,         , 
Zn     ,   0, 2MASS J10275895-3006391 ,          ,        ,          ,        ,      ,         , 
Zn     ,   0, 2MASS J10283035-2951115 ,          ,        ,          ,        ,      ,         , 
Zn     ,   1, 2MASS J10294248-0103238 ,          , 2.06   ,          ,        , -2.5 ,         , -0.11
Zn     ,   0, SMSS J105320.99-435300.1,          ,        ,          ,        ,      ,         , 
Zn     ,   0, SMSS J105438.86-435819.9,          ,        ,          ,        ,      ,         , 
Zn     ,   0, SMSS J110850.60-080034.7,          ,        ,          ,        ,      ,         , 
Zn     ,   0, SMSS J121353.63-441911.2,          ,        ,          ,        ,      ,         , 
Zn     ,   0, SMSS J121716.48-442510.2,          ,        ,          ,        ,      ,         , 
Zn     ,   0, SMSS J122455.61-151134.0,          ,        ,          ,        ,      ,         , 
Zn     ,   0, SMSS J123158.00-162317.6,          ,        ,          ,        ,      ,         , 
Zn     ,   0, SMSS J123246.06-054559.1,          ,        ,          ,        ,      ,         , 
Zn     ,   1, SMSS J125115.37-331448.1,          , 2.2    ,          ,        , -2.36,         , 0.28
Zn     ,   1, SMSS J125125.64-340343.4,          , 2.3    ,          ,        , -2.26,         , 0.26
Zn     ,   0, SMSS J125451.18-334440.3,          ,        ,          ,        ,      ,         , 
Zn     ,   0, SMSS J125804.65-335045.1,          ,        ,          ,        ,      ,         , 
Zn     ,   0, SMSS J130537.01-294438.3,          ,        ,          ,        ,      ,         , 
Zn     ,   0, SMSS J133013.61-434632.4,          ,        ,          ,        ,      ,         , 
Zn     ,   0, SMSS J133532.32-210632.9,          ,        ,          ,        ,      ,         , 
Zn     ,   0, SMSS J135217.78-151405.7,          ,        ,          ,        ,      ,         , 
Zn     ,   1, SMSS J135625.09-161538.7,          , 2.21   ,          ,        , -2.35,         , 0.41
Zn     ,   0, SMSS J135819.95-150937.4,          ,        ,          ,        ,      ,         , 
Zn     ,   0, SMSS J141547.72-414034.0,          ,        ,          ,        ,      ,         , 
Zn     ,   0, SMSS J143511.34-420326.5,          ,        ,          ,        ,      ,         , 
Zn     ,   0, SMSS J151101.05-182103.0,          ,        ,          ,        ,      ,         , 
Zn     ,   0, SMSS J151450.18-182946.0,          ,        ,          ,        ,      ,         , 
Zn     ,   2, SMSS J155430.57-263904.8,          , 2.27   ,      0.04,        , -2.28,         , 0.33
Zn     ,   1, SMSS J155628.74-165533.4,          , 2.0    ,          ,        , -2.56,         , 0.23
Zn     ,   0, SMSS J160447.75-293146.7,          ,        ,          ,        ,      ,         , 
Zn     ,   0, SMSS J164921.94-041943.9,          ,        ,          ,        ,      ,         , 
Zn     ,   0, SMSS J165023.82-252948.7,          ,        ,          ,        ,      ,         , 
Zn     ,   0, SMSS J165219.76-253133.7,          ,        ,          ,        ,      ,         , 
Zn     ,   0, SMSS J173823.36-145701.0,          ,        ,          ,        ,      ,         , 
Zn     ,   1, SMSS J174048.48-143635.6,          , 2.03   ,          ,        , -2.53,         , -0.03
Zn     ,   0, SMSS J174916.38-455427.5,          ,        ,          ,        ,      ,         , 
Zn     ,   0, SMSS J174922.26-455103.8,          ,        ,          ,        ,      ,         , 
Zn     ,   0, SMSS J175021.86-414627.2,          ,        ,          ,        ,      ,         , 
Zn     ,   0, SMSS J175046.30-425506.9,          ,        ,          ,        ,      ,         , 
Zn     ,   0, SMSS J175738.37-454823.5,          ,        ,          ,        ,      ,         , 
Zn     ,   0, SMSS J183246.49-343434.2,          ,        ,          ,        ,      ,         , 
Zn     ,   0, SMSS J183753.10-380725.9,          ,        ,          ,        ,      ,         , 
Zn     ,   0, SMSS J184226.25-272602.7,          ,        ,          ,        ,      ,         , 
Zn     ,   0, SMSS J184825.29-305929.7,          ,        ,          ,        ,      ,         , 
Zn     ,   1, SMSS J185628.44-231809.8,          , 1.83   ,          ,        , -2.73,         , 0.26
Zn     ,   0, SMSS J190549.33-214945.0,          ,        ,          ,        ,      ,         , 
Zn     ,   0, SMSS J190911.03-213207.5,          ,        ,          ,        ,      ,         , 
Zn     ,   0, SMSS J190931.13-214053.9,          ,        ,          ,        ,      ,         , 
Zn     ,   0, SMSS J191802.51-851523.0,          ,        ,          ,        ,      ,         , 
Zn     ,   0, SMSS J193528.46-462129.6,          ,        ,          ,        ,      ,         , 
Zn     ,   2, SMSS J193617.38-790231.4,          , 3.25   ,      0.0 ,        , -1.31,         , -0.02
Zn     ,   2, SMSS J194432.13-720537.1,          , 2.24   ,      0.05,        , -2.32,         , 0.11
Zn     ,   0, SMSS J195614.75-320145.9,          ,        ,          ,        ,      ,         , 
Zn     ,   2, SMSS J195931.70-643529.3,          , 2.22   ,      0.05,        , -2.33,         , 0.24
Zn     ,   1, SMSS J200228.85-533114.4,          , 2.05   ,          ,        , -2.51,         , 0.71
Zn     ,   1, SMSS J200654.42-321157.7,          , 2.13   ,          ,        , -2.43,         , 0.82
Zn     ,   1, SMSS J202057.49-522417.2,          , 1.91   ,          ,        , -2.65,         , 0.47
Zn     ,   0, SMSS J202123.89-515742.8,          ,        ,          ,        ,      ,         , 
Zn     ,   1, SMSS J205313.80-651830.6,          , 2.02   ,          ,        , -2.54,         , 0.08
Zn     ,   2, SMSS J210021.85-653627.9,          , 2.58   ,      0.11,        , -1.98,         , -0.09
Zn     ,   0, SMSS J211340.44-520017.5,          ,        ,          ,        ,      ,         , 
Zn     ,   0, SMSS J215805.81-651327.2,          ,        ,          ,        ,      ,         , 
Zn     ,   0, SMSS J221448.33-453949.9,          ,        ,          ,        ,      ,         , 
Zn     ,   0, SMSS J224838.41-550635.1,          ,        ,          ,        ,      ,         , 
Zn     ,   2, SMSS J224843.95-543610.1,          , 2.35   ,      0.07,        , -2.21,         , 0.17
Zn     ,   0, SMSS J225851.25-265434.9,          ,        ,          ,        ,      ,         , 
Zn     ,   2, SMSS J230013.16-263511.0,          , 1.59   ,      0.06,        , -2.97,         , 0.38
Zn     ,   2, SMSS J230113.95-291458.2,          , 2.12   ,      0.06,        , -2.43,         , 0.09
Zn     ,   0, 2MASS J23203653-3637223 ,          ,        ,          ,        ,      ,         , 
Zn     ,   0, 2MASS J23261426-3719492 ,          ,        ,          ,        ,      ,         , 
Sr     ,   2, SMSS J000113.96-363337.9,          , 0.52   ,      0.14,        , -2.35,         , -0.04
Sr     ,   2, SMSS J001039.86-525851.4,          , 0.3    ,      0.0 ,        , -2.57,         , -0.25
Sr     ,   2, SMSS J001952.15-525803.0,          , 0.15   ,      0.15,        , -2.72,         , -0.16
Sr     ,   2, SMSS J002148.06-471132.1,          , -0.28  ,      0.12,        , -3.15,         , 0.02
Sr     ,   2, SMSS J003055.81-482011.3,          , 0.45   ,      0.15,        , -2.42,         , 0.11
Sr     ,   2, SMSS J003327.36-491037.9,          , -2.06  ,      0.27,        , -4.94,         , -1.58
Sr     ,   2, SMSS J004037.56-515025.2,          , -1.95  ,      0.02,        , -4.82,         , -0.99
Sr     ,   2, SMSS J005953.98-594329.9,          , -2.17  ,      0.05,        , -5.04,         , -1.1
Sr     ,   2, SMSS J010332.63-534654.3,          , -0.34  ,      0.07,        , -3.21,         , -0.18
Sr     ,   2, SMSS J010651.91-524410.5,          , -1.71  ,      0.04,        , -4.58,         , -0.79
Sr     ,   2, SMSS J010839.58-285701.5,          , -0.43  ,      0.02,        , -3.31,         , -0.29
Sr     ,   2, SMSS J012147.80-495328.2,          , 0.9    ,      0.12,        , -1.97,         , -0.38
Sr     ,   2, SMSS J014624.60-352457.7,          , 0.07   ,      0.04,        , -2.81,         , 0.0
Sr     ,   2, SMSS J015350.94-775525.6,          , -1.51  ,      0.06,        , -4.38,         , -1.72
Sr     ,   2, SMSS J015941.53-781408.7,          , -0.49  ,      0.05,        , -3.37,         , -0.26
Sr     ,   2, 2MASS J02031860-7930291 ,          , -0.39  ,      0.04,        , -3.25,         , -0.23
Sr     ,   2, SMSS J020748.93-465616.4,          , 0.21   ,      0.04,        , -2.66,         , 0.05
Sr     ,   2, SMSS J021323.26-495936.5,          , 0.19   ,      0.0 ,        , -2.68,         , 0.19
Sr     ,   2, SMSS J022410.38-534659.9,          , -0.59  ,      0.01,        , -3.46,         , -0.06
Sr     ,   2, SMSS J022423.27-573705.1,          , -0.02  ,      0.04,        , -2.89,         , 1.08
Sr     ,   2, SMSS J022452.58-731051.8,          , -0.53  ,      0.03,        , -3.4 ,         , -0.85
Sr     ,   2, SMSS J022545.31-774119.9,          , 0.25   ,      0.25,        , -2.62,         , 0.01
Sr     ,   2, SMSS J022756.48-684256.6,          , -0.3   ,      0.05,        , -3.17,         , -0.95
Sr     ,   2, SMSS J023139.43-523957.4,          , -0.74  ,      0.0 ,        , -3.61,         , -0.67
Sr     ,   2, SMSS J023147.96-575341.7,          , -2.62  ,      0.08,        , -5.5 ,         , -2.08
Sr     ,   2, SMSS J024643.28-352502.4,          , -0.68  ,      0.05,        , -3.54,         , -0.17
Sr     ,   2, SMSS J024858.41-684306.4,          , -0.99  ,      0.01,        , -3.87,         , -0.16
Sr     ,   2, 2MASS J03084611-4747083 ,          , 1.4    ,      0.0 ,        , -1.47,         , 0.09
Sr     ,   2, SMSS J031556.09-473442.1,          , -2.37  ,      0.03,        , -5.24,         , -1.98
Sr     ,   2, SMSS J032132.29-363123.6,          , -0.25  ,      0.05,        , -3.12,         , 0.28
Sr     ,   2, SMSS J033005.90-681352.5,          , -0.78  ,      0.04,        , -3.65,         , -0.21
Sr     ,   2, SMSS J034249.53-284216.0,          , 0.01   ,      0.12,        , -2.85,         , -0.52
Sr     ,   2, SMSS J040148.04-743537.3,          , -0.55  ,      0.2 ,        , -3.42,         , -0.33
Sr     ,   2, SMSS J041957.56-493818.3,          , -0.42  ,      0.04,        , -3.29,         , -0.31
Sr     ,   2, SMSS J051008.62-372019.8,          , 0.08   ,      0.08,        , -2.79,         , 0.41
Sr     ,   2, SMSS J055746.51-575057.4,          , 0.51   ,      0.04,        , -2.36,         , 0.14
Sr     ,   2, SMSS J061725.30-600740.6,          , -0.25  ,      0.0 ,        , -3.12,         , -0.4
Sr     ,   2, SMSS J062609.83-590503.2,          , 0.07   ,      0.17,        , -2.79,         , -0.02
Sr     ,   2, SMSS J063447.15-622355.0,          , -1.1   ,      0.0 ,        , -3.97,         , -0.56
Sr     ,   2, SMSS J064349.43-653038.6,          , -0.23  ,      0.01,        , -3.1 ,         , -0.62
Sr     ,   2, SMSS J065014.40-614328.0,          , -1.47  ,      0.03,        , -4.34,         , -1.16
Sr     ,   2, SMSS J070257.95-600422.4,          , 0.22   ,      0.07,        , -2.65,         , -0.02
Sr     ,   2, SMSS J080050.54-724620.6,          , 0.65   ,      0.0 ,        , -2.22,         , -0.14
Sr     ,   2, SMSS J085924.06-120104.9,          , -1.77  ,      0.05,        , -4.64,         , -1.01
Sr     ,   2, SMSS J090247.43-122755.0,          , 0.29   ,      0.01,        , -2.58,         , -0.19
Sr     ,   2, SMSS J091210.40-064427.9,          , 0.06   ,      0.08,        , -2.81,         , -0.17
Sr     ,   2, SMSS J093209.41-003435.8,          , -0.2   ,      0.05,        , -3.07,         , 0.04
Sr     ,   2, 2MASS J09380777-0600392 ,          , -0.42  ,      0.34,        , -3.29,         , -0.61
Sr     ,   2, SMSS J093829.27-070520.9,          , 0.88   ,      0.12,        , -2.0 ,         , 0.35
Sr     ,   2, SMSS J094029.05-060935.0,          , -0.34  ,      0.14,        , -3.21,         , -0.03
Sr     ,   2, SMSS J094755.04-102724.7,          , -0.32  ,      0.03,        , -3.19,         , -0.2
Sr     ,   2, SMSS J095120.49-401431.3,          , 1.83   ,      0.03,        , -1.04,         , 0.44
Sr     ,   2, SMSS J100251.13-000152.1,          , -0.09  ,      0.15,        , -2.96,         , -0.34
Sr     ,   2, 2MASS J10242264-2904203 ,          , -0.54  ,      0.11,        , -3.41,         , -0.28
Sr     ,   2, 2MASS J10275895-3006391 ,          , -0.5   ,      0.3 ,        , -3.37,         , -0.41
Sr     ,   0, 2MASS J10283035-2951115 ,          ,        ,          ,        ,      ,         , 
Sr     ,   2, 2MASS J10294248-0103238 ,          , -0.27  ,      0.03,        , -3.14,         , -0.75
Sr     ,   2, SMSS J105320.99-435300.1,          , 0.85   ,      0.03,        , -2.02,         , -0.16
Sr     ,   2, SMSS J105438.86-435819.9,          , 0.99   ,      0.03,        , -1.88,         , 0.1
Sr     ,   2, SMSS J110850.60-080034.7,          , -0.62  ,      0.07,        , -3.5 ,         , -0.6
Sr     ,   2, SMSS J121353.63-441911.2,          , 0.14   ,      0.01,        , -2.73,         , -0.14
Sr     ,   2, SMSS J121716.48-442510.2,          , 1.0    ,      0.05,        , -1.87,         , 0.23
Sr     ,   2, SMSS J122455.61-151134.0,          , 0.0    ,      0.22,        , -2.87,         , -0.25
Sr     ,   1, SMSS J123158.00-162317.6,          , -0.65  ,          ,        , -3.52,         , -0.89
Sr     ,   2, SMSS J123246.06-054559.1,          , -0.8   ,      0.1 ,        , -3.67,         , -0.64
Sr     ,   2, SMSS J125115.37-331448.1,          , -0.6   ,      0.0 ,        , -3.47,         , -0.83
Sr     ,   2, SMSS J125125.64-340343.4,          , 0.6    ,      0.1 ,        , -2.27,         , 0.25
Sr     ,   2, SMSS J125451.18-334440.3,          , -0.23  ,      0.02,        , -3.1 ,         , -0.29
Sr     ,   2, SMSS J125804.65-335045.1,          , -1.15  ,      0.0 ,        , -4.02,         , -0.58
Sr     ,   2, SMSS J130537.01-294438.3,          , 0.1    ,      0.09,        , -2.77,         , -0.42
Sr     ,   2, SMSS J133013.61-434632.4,          , 0.03   ,      0.11,        , -2.83,         , -0.29
Sr     ,   2, SMSS J133532.32-210632.9,          , 0.43   ,      0.03,        , -2.44,         , 0.29
Sr     ,   2, SMSS J135217.78-151405.7,          , 0.22   ,      0.01,        , -2.66,         , -0.1
Sr     ,   2, SMSS J135625.09-161538.7,          , -0.55  ,      0.1 ,        , -3.42,         , -0.66
Sr     ,   2, SMSS J135819.95-150937.4,          , -0.29  ,      0.01,        , -3.16,         , -0.58
Sr     ,   2, SMSS J141547.72-414034.0,          , -0.11  ,      0.14,        , -2.98,         , -0.72
Sr     ,   2, SMSS J143511.34-420326.5,          , -0.12  ,      0.18,        , -2.99,         , 0.16
Sr     ,   2, SMSS J151101.05-182103.0,          , -0.22  ,      0.07,        , -3.1 ,         , -0.39
Sr     ,   2, SMSS J151450.18-182946.0,          , 0.3    ,      0.05,        , -2.57,         , 0.16
Sr     ,   2, SMSS J155430.57-263904.8,          , 0.4    ,      0.1 ,        , -2.47,         , 0.14
Sr     ,   2, SMSS J155628.74-165533.4,          , -0.23  ,      0.01,        , -3.1 ,         , -0.31
Sr     ,   2, SMSS J160447.75-293146.7,          , 0.47   ,      0.09,        , -2.4 ,         , 0.27
Sr     ,   2, SMSS J164921.94-041943.9,          , 0.83   ,      0.15,        , -2.04,         , 0.2
Sr     ,   2, SMSS J165023.82-252948.7,          , 0.61   ,      0.01,        , -2.26,         , 0.22
Sr     ,   2, SMSS J165219.76-253133.7,          , 0.62   ,      0.03,        , -2.25,         , -0.04
Sr     ,   2, SMSS J173823.36-145701.0,          , -0.69  ,      0.04,        , -3.56,         , 0.02
Sr     ,   2, SMSS J174048.48-143635.6,          , -0.71  ,      0.1 ,        , -3.58,         , -1.08
Sr     ,   2, SMSS J174916.38-455427.5,          , -0.07  ,      0.01,        , -2.94,         , -0.43
Sr     ,   2, SMSS J174922.26-455103.8,          , 0.1    ,      0.02,        , -2.77,         , 0.0
Sr     ,   2, SMSS J175021.86-414627.2,          , -0.36  ,      0.04,        , -3.23,         , -0.47
Sr     ,   2, SMSS J175046.30-425506.9,          , 1.1    ,      0.0 ,        , -1.77,         , 0.4
Sr     ,   2, SMSS J175738.37-454823.5,          , 0.62   ,      0.07,        , -2.25,         , 0.21
Sr     ,   2, SMSS J183246.49-343434.2,          , -0.36  ,      0.02,        , -3.23,         , -0.23
Sr     ,   2, SMSS J183753.10-380725.9,          , -0.23  ,      0.02,        , -3.1 ,         , -0.1
Sr     ,   2, SMSS J184226.25-272602.7,          , -2.79  ,      0.08,        , -5.66,         , -1.77
Sr     ,   2, SMSS J184825.29-305929.7,          , -2.3   ,      0.15,        , -5.17,         , -1.52
Sr     ,   2, SMSS J185628.44-231809.8,          , -0.62  ,      0.0 ,        , -3.49,         , -0.5
Sr     ,   2, SMSS J190549.33-214945.0,          , -0.67  ,      0.07,        , -3.54,         , -0.43
Sr     ,   2, SMSS J190911.03-213207.5,          , 0.43   ,      0.05,        , -2.44,         , -0.04
Sr     ,   2, SMSS J190931.13-214053.9,          , -1.18  ,      0.02,        , -4.05,         , -0.72
Sr     ,   2, SMSS J191802.51-851523.0,          , 0.16   ,      0.16,        , -2.71,         , -0.08
Sr     ,   2, SMSS J193528.46-462129.6,          , -2.85  ,      0.03,        , -5.72,         , -2.33
Sr     ,   2, SMSS J193617.38-790231.4,          , 1.61   ,      0.0 ,        , -1.26,         , 0.05
Sr     ,   2, SMSS J194432.13-720537.1,          , -0.28  ,      0.07,        , -3.15,         , -0.71
Sr     ,   2, SMSS J195614.75-320145.9,          , 0.35   ,      0.05,        , -2.52,         , -0.2
Sr     ,   2, SMSS J195931.70-643529.3,          , 0.49   ,      0.06,        , -2.38,         , 0.2
Sr     ,   2, SMSS J200228.85-533114.4,          , -0.55  ,      0.15,        , -3.42,         , -0.2
Sr     ,   2, SMSS J200654.42-321157.7,          , -0.48  ,      0.08,        , -3.35,         , -0.1
Sr     ,   2, SMSS J202057.49-522417.2,          , -0.25  ,      0.05,        , -3.12,         , 0.0
Sr     ,   2, SMSS J202123.89-515742.8,          , -0.45  ,      0.0 ,        , -3.32,         , -0.71
Sr     ,   2, SMSS J205313.80-651830.6,          , -0.18  ,      0.02,        , -3.05,         , -0.43
Sr     ,   2, SMSS J210021.85-653627.9,          , 0.89   ,      0.04,        , -1.98,         , -0.09
Sr     ,   2, SMSS J211340.44-520017.5,          , 0.65   ,      0.1 ,        , -2.22,         , 0.18
Sr     ,   2, SMSS J215805.81-651327.2,          , -1.1   ,      0.1 ,        , -3.98,         , -0.56
Sr     ,   2, SMSS J221448.33-453949.9,          , 0.48   ,      0.07,        , -2.39,         , 0.17
Sr     ,   2, SMSS J224838.41-550635.1,          , -0.56  ,      0.01,        , -3.44,         , -0.56
Sr     ,   2, SMSS J224843.95-543610.1,          , 0.14   ,      0.04,        , -2.73,         , -0.35
Sr     ,   2, SMSS J225851.25-265434.9,          , -1.07  ,      0.12,        , -3.95,         , -0.46
Sr     ,   2, SMSS J230013.16-263511.0,          , -0.76  ,      0.18,        , -3.63,         , -0.28
Sr     ,   2, SMSS J230113.95-291458.2,          , -0.15  ,      0.05,        , -3.02,         , -0.49
Sr     ,   2, 2MASS J23203653-3637223 ,          , 0.35   ,      0.1 ,        , -2.52,         , 0.11
Sr     ,   2, 2MASS J23261426-3719492 ,          , 0.4    ,      0.2 ,        , -2.47,         , 0.08
Y      ,   4, SMSS J022423.27-573705.1,          , -0.97  ,      0.26,        , -3.17,         , 0.8
Zr     ,   3, SMSS J022423.27-573705.1,          , -0.33  ,      0.16,        , -2.91,         , 1.06
Ba     ,   2, SMSS J000113.96-363337.9,          , -1.35  ,      0.1 ,        , -3.53,         , -1.21
Ba     ,   2, SMSS J001039.86-525851.4,          , -0.15  ,      0.01,        , -2.33,         , -0.02
Ba     ,   2, SMSS J001952.15-525803.0,          , -0.36  ,      0.04,        , -2.54,         , 0.02
Ba     ,   2, SMSS J002148.06-471132.1,          , -2.17  ,      0.02,        , -4.35,         , -1.18
Ba     ,   2, SMSS J003055.81-482011.3,          , -0.15  ,      0.15,        , -2.33,         , 0.2
Ba     ,   2, SMSS J003327.36-491037.9,          , -2.24  ,      0.01,        , -4.42,         , -1.06
Ba     ,   2, SMSS J004037.56-515025.2,          , -2.66  ,      0.09,        , -4.84,         , -1.01
Ba     ,   1, SMSS J005953.98-594329.9,          , -2.4   ,          ,        , -4.58,         , -0.64
Ba     ,   2, SMSS J010332.63-534654.3,          , -1.08  ,      0.05,        , -3.26,         , -0.23
Ba     ,   2, SMSS J010651.91-524410.5,          , -3.25  ,      0.03,        , -5.43,         , -1.64
Ba     ,   2, SMSS J010839.58-285701.5,          , -1.08  ,      0.06,        , -3.27,         , -0.25
Ba     ,   2, SMSS J012147.80-495328.2,          , 0.55   ,      0.1 ,        , -1.63,         , -0.04
Ba     ,   2, SMSS J014624.60-352457.7,          , -0.86  ,      0.06,        , -3.04,         , -0.23
Ba     ,   2, SMSS J015350.94-775525.6,          , -1.13  ,      0.03,        , -3.31,         , -0.65
Ba     ,   2, SMSS J015941.53-781408.7,          , -1.42  ,      0.04,        , -3.6 ,         , -0.49
Ba     ,   2, 2MASS J02031860-7930291 ,          , -0.78  ,      0.03,        , -2.96,         , 0.07
Ba     ,   2, SMSS J020748.93-465616.4,          , -0.34  ,      0.11,        , -2.52,         , 0.19
Ba     ,   2, SMSS J021323.26-495936.5,          , -1.6   ,      0.0 ,        , -3.78,         , -0.91
Ba     ,   2, SMSS J022410.38-534659.9,          , -0.84  ,      0.06,        , -3.02,         , 0.38
Ba     ,   1, SMSS J022423.27-573705.1, <        , -2.7   ,          , <      , -4.88, <       , -0.91
Ba     ,   1, SMSS J022452.58-731051.8,          , -0.53  ,          ,        , -2.71,         , -0.16
Ba     ,   2, SMSS J022545.31-774119.9,          , -0.29  ,      0.08,        , -2.47,         , 0.16
Ba     ,   2, SMSS J022756.48-684256.6,          , -0.38  ,      0.05,        , -2.56,         , -0.33
Ba     ,   2, SMSS J023139.43-523957.4,          , -1.03  ,      0.0 ,        , -3.21,         , -0.27
Ba     ,   2, SMSS J023147.96-575341.7,          , -2.88  ,      0.02,        , -5.05,         , -1.63
Ba     ,   2, SMSS J024643.28-352502.4,          , -0.93  ,      0.02,        , -3.11,         , 0.26
Ba     ,   2, SMSS J024858.41-684306.4,          , -0.94  ,      0.09,        , -3.12,         , 0.59
Ba     ,   2, 2MASS J03084611-4747083 ,          , 0.8    ,      0.03,        , -1.38,         , 0.18
Ba     ,   2, SMSS J031556.09-473442.1,          , -1.96  ,      0.04,        , -4.14,         , -0.88
Ba     ,   2, SMSS J032132.29-363123.6,          , -1.5   ,      0.05,        , -3.68,         , -0.28
Ba     ,   1, SMSS J033005.90-681352.5,          , -1.94  ,          ,        , -4.12,         , -0.68
Ba     ,   2, SMSS J034249.53-284216.0,          , -0.93  ,      0.08,        , -3.11,         , -0.78
Ba     ,   1, SMSS J040148.04-743537.3,          , -1.3   ,          ,        , -3.48,         , -0.39
Ba     ,   2, SMSS J041957.56-493818.3,          , -1.5   ,      0.1 ,        , -3.69,         , -0.71
Ba     ,   2, SMSS J051008.62-372019.8,          , -0.27  ,      0.05,        , -2.45,         , 0.75
Ba     ,   2, SMSS J055746.51-575057.4,          , -0.55  ,      0.1 ,        , -2.73,         , -0.23
Ba     ,   2, SMSS J061725.30-600740.6,          , -0.89  ,      0.04,        , -3.07,         , -0.35
Ba     ,   2, SMSS J062609.83-590503.2,          , 0.25   ,      0.05,        , -1.93,         , 0.84
Ba     ,   2, SMSS J063447.15-622355.0,          , -0.82  ,      0.02,        , -3.0 ,         , 0.41
Ba     ,   2, SMSS J064349.43-653038.6,          , -1.27  ,      0.12,        , -3.46,         , -0.98
Ba     ,   2, SMSS J065014.40-614328.0,          , -2.67  ,      0.08,        , -4.85,         , -1.67
Ba     ,   2, SMSS J070257.95-600422.4,          , -0.75  ,      0.05,        , -2.93,         , -0.31
Ba     ,   1, SMSS J080050.54-724620.6,          , 0.35   ,          ,        , -1.83,         , 0.25
Ba     ,   2, SMSS J085924.06-120104.9,          , -2.68  ,      0.03,        , -4.86,         , -1.23
Ba     ,   2, SMSS J090247.43-122755.0,          , -0.2   ,      0.02,        , -2.38,         , 0.02
Ba     ,   2, SMSS J091210.40-064427.9,          , -0.38  ,      0.3 ,        , -2.56,         , 0.08
Ba     ,   2, SMSS J093209.41-003435.8,          , -1.23  ,      0.12,        , -3.41,         , -0.3
Ba     ,   1, 2MASS J09380777-0600392 , <        , -1.4   ,          , <      , -3.58, <       , -0.9
Ba     ,   2, SMSS J093829.27-070520.9,          , -0.39  ,      0.21,        , -2.57,         , -0.22
Ba     ,   2, SMSS J094029.05-060935.0,          , -1.75  ,      0.03,        , -3.94,         , -0.75
Ba     ,   2, SMSS J094755.04-102724.7,          , -2.76  ,      0.03,        , -4.95,         , -1.96
Ba     ,   1, SMSS J095120.49-401431.3,          , 1.03   ,          ,        , -1.15,         , 0.33
Ba     ,   2, SMSS J100251.13-000152.1,          , -1.1   ,      0.1 ,        , -3.28,         , -0.66
Ba     ,   2, 2MASS J10242264-2904203 ,          , -1.36  ,      0.01,        , -3.54,         , -0.42
Ba     ,   2, 2MASS J10275895-3006391 ,          , -1.3   ,      0.2 ,        , -3.48,         , -0.52
Ba     ,   0, 2MASS J10283035-2951115 ,          ,        ,          ,        ,      ,         , 
Ba     ,   2, 2MASS J10294248-0103238 ,          , -0.48  ,      0.01,        , -2.67,         , -0.27
Ba     ,   2, SMSS J105320.99-435300.1,          , 0.23   ,      0.17,        , -1.96,         , -0.09
Ba     ,   2, SMSS J105438.86-435819.9,          , 0.16   ,      0.16,        , -2.02,         , -0.04
Ba     ,   1, SMSS J110850.60-080034.7,          , -1.4   ,          ,        , -3.58,         , -0.68
Ba     ,   2, SMSS J121353.63-441911.2,          , -0.55  ,      0.0 ,        , -2.73,         , -0.14
Ba     ,   2, SMSS J121716.48-442510.2,          , 0.09   ,      0.03,        , -2.09,         , 0.01
Ba     ,   2, SMSS J122455.61-151134.0,          , -0.53  ,      0.18,        , -2.71,         , -0.09
Ba     ,   1, SMSS J123158.00-162317.6,          , -0.18  ,          ,        , -2.36,         , 0.27
Ba     ,   2, SMSS J123246.06-054559.1,          , -1.36  ,      0.09,        , -3.54,         , -0.51
Ba     ,   2, SMSS J125115.37-331448.1,          , -1.43  ,      0.38,        , -3.61,         , -0.97
Ba     ,   2, SMSS J125125.64-340343.4,          , -0.44  ,      0.16,        , -2.62,         , -0.1
Ba     ,   1, SMSS J125451.18-334440.3,          , -0.88  ,          ,        , -3.06,         , -0.25
Ba     ,   2, SMSS J125804.65-335045.1,          , -2.29  ,      0.03,        , -4.46,         , -1.02
Ba     ,   2, SMSS J130537.01-294438.3,          , -0.5   ,      0.05,        , -2.68,         , -0.33
Ba     ,   2, SMSS J133013.61-434632.4,          , -0.71  ,      0.01,        , -2.89,         , -0.35
Ba     ,   2, SMSS J133532.32-210632.9,          , -0.57  ,      0.08,        , -2.75,         , -0.02
Ba     ,   1, SMSS J135217.78-151405.7,          , 0.05   ,          ,        , -2.13,         , 0.43
Ba     ,   2, SMSS J135625.09-161538.7,          , -0.72  ,      0.03,        , -2.91,         , -0.15
Ba     ,   2, SMSS J135819.95-150937.4,          , -0.6   ,      0.3 ,        , -2.78,         , -0.2
Ba     ,   2, SMSS J141547.72-414034.0,          , -1.07  ,      0.23,        , -3.25,         , -1.0
Ba     ,   2, SMSS J143511.34-420326.5,          , -1.93  ,      0.07,        , -4.11,         , -0.96
Ba     ,   2, SMSS J151101.05-182103.0,          , -1.75  ,      0.25,        , -3.93,         , -1.22
Ba     ,   2, SMSS J151450.18-182946.0,          , -0.68  ,      0.17,        , -2.86,         , -0.13
Ba     ,   2, SMSS J155430.57-263904.8,          , 0.38   ,      0.03,        , -1.81,         , 0.8
Ba     ,   2, SMSS J155628.74-165533.4,          , -1.01  ,      0.09,        , -3.19,         , -0.4
Ba     ,   2, SMSS J160447.75-293146.7,          , -0.47  ,      0.03,        , -2.65,         , 0.01
Ba     ,   2, SMSS J164921.94-041943.9,          , 0.3    ,      0.0 ,        , -1.88,         , 0.36
Ba     ,   2, SMSS J165023.82-252948.7,          , 0.17   ,      0.03,        , -2.01,         , 0.47
Ba     ,   2, SMSS J165219.76-253133.7,          , -0.22  ,      0.07,        , -2.41,         , -0.21
Ba     ,   2, SMSS J173823.36-145701.0,          , -1.65  ,      0.0 ,        , -3.83,         , -0.25
Ba     ,   2, SMSS J174048.48-143635.6,          , -1.12  ,      0.18,        , -3.31,         , -0.81
Ba     ,   2, SMSS J174916.38-455427.5,          , -0.62  ,      0.04,        , -2.8 ,         , -0.29
Ba     ,   2, SMSS J174922.26-455103.8,          , -0.53  ,      0.07,        , -2.71,         , 0.06
Ba     ,   2, SMSS J175021.86-414627.2,          , -1.0   ,      0.0 ,        , -3.18,         , -0.42
Ba     ,   2, SMSS J175046.30-425506.9,          , 0.86   ,      0.02,        , -1.32,         , 0.85
Ba     ,   2, SMSS J175738.37-454823.5,          , 0.19   ,      0.01,        , -1.99,         , 0.47
Ba     ,   2, SMSS J183246.49-343434.2,          , -1.11  ,      0.08,        , -3.29,         , -0.29
Ba     ,   2, SMSS J183753.10-380725.9,          , -1.29  ,      0.01,        , -3.47,         , -0.48
Ba     ,   2, SMSS J184226.25-272602.7,          , -2.98  ,      0.02,        , -5.16,         , -1.27
Ba     ,   2, SMSS J184825.29-305929.7,          , -3.05  ,      0.05,        , -5.23,         , -1.58
Ba     ,   2, SMSS J185628.44-231809.8,          , -1.67  ,      0.04,        , -3.85,         , -0.85
Ba     ,   2, SMSS J190549.33-214945.0,          , -1.98  ,      0.06,        , -4.17,         , -1.06
Ba     ,   2, SMSS J190911.03-213207.5,          , -0.17  ,      0.0 ,        , -2.35,         , 0.04
Ba     ,   2, SMSS J190931.13-214053.9,          , -1.11  ,      0.09,        , -3.29,         , 0.04
Ba     ,   2, SMSS J191802.51-851523.0,          , -0.49  ,      0.16,        , -2.67,         , -0.04
Ba     ,   1, SMSS J193528.46-462129.6, <        , -3.3   ,          , <      , -5.48, <       , -2.09
Ba     ,   2, SMSS J193617.38-790231.4,          , 0.79   ,      0.06,        , -1.39,         , -0.08
Ba     ,   2, SMSS J194432.13-720537.1,          , -0.89  ,      0.11,        , -3.07,         , -0.64
Ba     ,   2, SMSS J195614.75-320145.9,          , -0.48  ,      0.04,        , -2.67,         , -0.35
Ba     ,   2, SMSS J195931.70-643529.3,          , -0.41  ,      0.07,        , -2.59,         , -0.01
Ba     ,   2, SMSS J200228.85-533114.4,          , -1.02  ,      0.12,        , -3.21,         , 0.02
Ba     ,   1, SMSS J200654.42-321157.7, <        , -2.07  ,          , <      , -4.25, <       , -1.0
Ba     ,   2, SMSS J202057.49-522417.2,          , -1.44  ,      0.04,        , -3.62,         , -0.5
Ba     ,   2, SMSS J202123.89-515742.8,          , -1.46  ,      0.16,        , -3.65,         , -1.04
Ba     ,   2, SMSS J205313.80-651830.6,          , -0.81  ,      0.01,        , -3.0 ,         , -0.38
Ba     ,   2, SMSS J210021.85-653627.9,          , 0.15   ,      0.1 ,        , -2.03,         , -0.14
Ba     ,   2, SMSS J211340.44-520017.5,          , 0.07   ,      0.04,        , -2.12,         , 0.28
Ba     ,   2, SMSS J215805.81-651327.2,          , -2.2   ,      0.05,        , -4.38,         , -0.97
Ba     ,   2, SMSS J221448.33-453949.9,          , 0.19   ,      0.04,        , -1.99,         , 0.57
Ba     ,   2, SMSS J224838.41-550635.1,          , -0.96  ,      0.02,        , -3.15,         , -0.27
Ba     ,   2, SMSS J224843.95-543610.1,          , -0.88  ,      0.03,        , -3.06,         , -0.68
Ba     ,   2, SMSS J225851.25-265434.9,          , -2.45  ,      0.45,        , -4.62,         , -1.13
Ba     ,   2, SMSS J230013.16-263511.0,          , -1.52  ,      0.04,        , -3.7 ,         , -0.35
Ba     ,   2, SMSS J230113.95-291458.2,          , -0.94  ,      0.06,        , -3.12,         , -0.59
Ba     ,   1, 2MASS J23203653-3637223 ,          , -0.63  ,          ,        , -2.81,         , -0.18
Ba     ,   2, 2MASS J23261426-3719492 ,          , 0.27   ,      0.02,        , -1.92,         , 0.63
Eu     ,   1, SMSS J000113.96-363337.9,          , -2.35  ,          ,        , -2.87,         , -0.55
Eu     ,   1, SMSS J001039.86-525851.4,          , -1.4   ,          ,        , -1.92,         , 0.4
Eu     ,   1, SMSS J001952.15-525803.0,          , -1.59  ,          ,        , -2.11,         , 0.45
Eu     ,   1, SMSS J002148.06-471132.1, <        , -2.15  ,          , <      , -2.67, <       , 0.5
Eu     ,   1, SMSS J003055.81-482011.3,          , -1.5   ,          ,        , -2.02,         , 0.51
Eu     ,   1, SMSS J003327.36-491037.9, <        , -2.94  ,          , <      , -3.46, <       , -0.1
Eu     ,   1, SMSS J004037.56-515025.2, <        , -3.0   ,          , <      , -3.52, <       , 0.31
Eu     ,   1, SMSS J005953.98-594329.9, <        , -1.95  ,          , <      , -2.47, <       , 1.47
Eu     ,   1, SMSS J010332.63-534654.3, <        , -2.31  ,          , <      , -2.83, <       , 0.2
Eu     ,   0, SMSS J010651.91-524410.5,          ,        ,          ,        ,      ,         , 
Eu     ,   1, SMSS J010839.58-285701.5, <        , -2.15  ,          , <      , -2.67, <       , 0.35
Eu     ,   1, SMSS J012147.80-495328.2,          , -0.99  ,          ,        , -1.51,         , 0.08
Eu     ,   1, SMSS J014624.60-352457.7,          , -2.16  ,          ,        , -2.68,         , 0.13
Eu     ,   1, SMSS J015350.94-775525.6, <        , -2.24  ,          , <      , -2.76, <       , -0.1
Eu     ,   1, SMSS J015941.53-781408.7, <        , -2.29  ,          , <      , -2.81, <       , 0.3
Eu     ,   1, 2MASS J02031860-7930291 ,          , -2.15  ,          ,        , -2.67,         , 0.36
Eu     ,   1, SMSS J020748.93-465616.4,          , -1.85  ,          ,        , -2.37,         , 0.34
Eu     ,   1, SMSS J021323.26-495936.5,          , -2.35  ,          ,        , -2.87,         , 0.0
Eu     ,   1, SMSS J022410.38-534659.9, <        , -2.53  ,          , <      , -3.05, <       , 0.35
Eu     ,   1, SMSS J022423.27-573705.1, <        , -2.3   ,          , <      , -2.82, <       , 1.15
Eu     ,   1, SMSS J022452.58-731051.8, <        , -1.4   ,          , <      , -1.92, <       , 0.63
Eu     ,   1, SMSS J022545.31-774119.9, <        , -1.41  ,          , <      , -1.93, <       , 0.7
Eu     ,   1, SMSS J022756.48-684256.6, <        , -1.35  ,          , <      , -1.87, <       , 0.35
Eu     ,   1, SMSS J023139.43-523957.4, <        , -2.42  ,          , <      , -2.94, <       , 0.0
Eu     ,   1, SMSS J023147.96-575341.7, <        , -2.6   ,          , <      , -3.12, <       , 0.3
Eu     ,   1, SMSS J024643.28-352502.4, <        , -2.35  ,          , <      , -2.87, <       , 0.5
Eu     ,   1, SMSS J024858.41-684306.4,          , -2.19  ,          ,        , -2.71,         , 1.0
Eu     ,   1, 2MASS J03084611-4747083 ,          , -0.49  ,          ,        , -1.01,         , 0.55
Eu     ,   1, SMSS J031556.09-473442.1, <        , -1.75  ,          , <      , -2.27, <       , 0.99
Eu     ,   1, SMSS J032132.29-363123.6, <        , -1.85  ,          , <      , -2.37, <       , 1.03
Eu     ,   1, SMSS J033005.90-681352.5, <        , -2.3   ,          , <      , -2.82, <       , 0.62
Eu     ,   1, SMSS J034249.53-284216.0,          , -1.5   ,          ,        , -2.02,         , 0.31
Eu     ,   1, SMSS J040148.04-743537.3, <        , -2.1   ,          , <      , -2.62, <       , 0.47
Eu     ,   1, SMSS J041957.56-493818.3, <        , -2.75  ,          , <      , -3.27, <       , -0.3
Eu     ,   1, SMSS J051008.62-372019.8,          , -1.73  ,          ,        , -2.25,         , 0.95
Eu     ,   1, SMSS J055746.51-575057.4, <        , -1.65  ,          , <      , -2.17, <       , 0.33
Eu     ,   1, SMSS J061725.30-600740.6,          , -2.1   ,          ,        , -2.62,         , 0.1
Eu     ,   1, SMSS J062609.83-590503.2,          , -1.19  ,          ,        , -1.71,         , 1.06
Eu     ,   1, SMSS J063447.15-622355.0,          , -2.0   ,          ,        , -2.52,         , 0.89
Eu     ,   1, SMSS J064349.43-653038.6,          , -2.45  ,          ,        , -2.97,         , -0.49
Eu     ,   1, SMSS J065014.40-614328.0, <        , -2.8   ,          , <      , -3.32, <       , -0.14
Eu     ,   1, SMSS J070257.95-600422.4, <        , -2.05  ,          , <      , -2.57, <       , 0.05
Eu     ,   1, SMSS J080050.54-724620.6,          , -1.35  ,          ,        , -1.87,         , 0.21
Eu     ,   1, SMSS J085924.06-120104.9, <        , -3.15  ,          , <      , -3.67, <       , -0.04
Eu     ,   1, SMSS J090247.43-122755.0,          , -1.52  ,          ,        , -2.04,         , 0.36
Eu     ,   1, SMSS J091210.40-064427.9, <        , -1.7   ,          , <      , -2.22, <       , 0.42
Eu     ,   1, SMSS J093209.41-003435.8, <        , -1.7   ,          , <      , -2.22, <       , 0.89
Eu     ,   1, 2MASS J09380777-0600392 , <        , -1.4   ,          , <      , -1.92, <       , 0.76
Eu     ,   0, SMSS J093829.27-070520.9,          ,        ,          ,        ,      ,         , 
Eu     ,   0, SMSS J094029.05-060935.0,          ,        ,          ,        ,      ,         , 
Eu     ,   1, SMSS J094755.04-102724.7, <        , -2.2   ,          , <      , -2.72, <       , 0.27
Eu     ,   1, SMSS J095120.49-401431.3,          , -0.66  ,          ,        , -1.18,         , 0.3
Eu     ,   1, SMSS J100251.13-000152.1, <        , -1.3   ,          , <      , -1.82, <       , 0.8
Eu     ,   1, 2MASS J10242264-2904203 , <        , -1.4   ,          , <      , -1.92, <       , 1.21
Eu     ,   1, 2MASS J10275895-3006391 , <        , -1.8   ,          , <      , -2.32, <       , 0.64
Eu     ,   0, 2MASS J10283035-2951115 ,          ,        ,          ,        ,      ,         , 
Eu     ,   1, 2MASS J10294248-0103238 ,          , -1.65  ,          ,        , -2.17,         , 0.22
Eu     ,   1, SMSS J105320.99-435300.1,          , -0.97  ,          ,        , -1.49,         , 0.37
Eu     ,   1, SMSS J105438.86-435819.9,          , -1.21  ,          ,        , -1.73,         , 0.25
Eu     ,   0, SMSS J110850.60-080034.7,          ,        ,          ,        ,      ,         , 
Eu     ,   1, SMSS J121353.63-441911.2,          , -1.95  ,          ,        , -2.47,         , 0.12
Eu     ,   1, SMSS J121716.48-442510.2,          , -1.3   ,          ,        , -1.82,         , 0.28
Eu     ,   0, SMSS J122455.61-151134.0,          ,        ,          ,        ,      ,         , 
Eu     ,   0, SMSS J123158.00-162317.6,          ,        ,          ,        ,      ,         , 
Eu     ,   1, SMSS J123246.06-054559.1, <        , -2.21  ,          , <      , -2.73, <       , 0.3
Eu     ,   1, SMSS J125115.37-331448.1, <        , -1.1   ,          , <      , -1.62, <       , 1.02
Eu     ,   1, SMSS J125125.64-340343.4, <        , -1.2   ,          , <      , -1.72, <       , 0.8
Eu     ,   1, SMSS J125451.18-334440.3, <        , -1.2   ,          , <      , -1.72, <       , 1.09
Eu     ,   1, SMSS J125804.65-335045.1, <        , -2.3   ,          , <      , -2.82, <       , 0.62
Eu     ,   1, SMSS J130537.01-294438.3,          , -1.75  ,          ,        , -2.27,         , 0.08
Eu     ,   1, SMSS J133013.61-434632.4,          , -1.85  ,          ,        , -2.37,         , 0.17
Eu     ,   1, SMSS J133532.32-210632.9,          , -1.9   ,          ,        , -2.42,         , 0.31
Eu     ,   1, SMSS J135217.78-151405.7, <        , -1.14  ,          , <      , -1.66, <       , 0.9
Eu     ,   1, SMSS J135625.09-161538.7, <        , -1.9   ,          , <      , -2.42, <       , 0.34
Eu     ,   1, SMSS J135819.95-150937.4, <        , -1.4   ,          , <      , -1.92, <       , 0.66
Eu     ,   1, SMSS J141547.72-414034.0, <        , -2.0   ,          , <      , -2.52, <       , -0.26
Eu     ,   1, SMSS J143511.34-420326.5, <        , -2.7   ,          , <      , -3.22, <       , -0.07
Eu     ,   1, SMSS J151101.05-182103.0, <        , -1.9   ,          , <      , -2.42, <       , 0.29
Eu     ,   1, SMSS J151450.18-182946.0, <        , -1.2   ,          , <      , -1.72, <       , 1.01
Eu     ,   1, SMSS J155430.57-263904.8,          , -0.95  ,          ,        , -1.47,         , 1.14
Eu     ,   1, SMSS J155628.74-165533.4, <        , -2.12  ,          , <      , -2.64, <       , 0.15
Eu     ,   1, SMSS J160447.75-293146.7,          , -1.83  ,          ,        , -2.35,         , 0.31
Eu     ,   1, SMSS J164921.94-041943.9,          , -1.04  ,          ,        , -1.56,         , 0.68
Eu     ,   1, SMSS J165023.82-252948.7,          , -1.4   ,          ,        , -1.92,         , 0.56
Eu     ,   1, SMSS J165219.76-253133.7,          , -1.45  ,          ,        , -1.97,         , 0.23
Eu     ,   1, SMSS J173823.36-145701.0, <        , -2.97  ,          , <      , -3.49, <       , 0.09
Eu     ,   1, SMSS J174048.48-143635.6, <        , -2.1   ,          , <      , -2.62, <       , -0.12
Eu     ,   1, SMSS J174916.38-455427.5,          , -1.87  ,          ,        , -2.39,         , 0.12
Eu     ,   1, SMSS J174922.26-455103.8,          , -1.83  ,          ,        , -2.35,         , 0.42
Eu     ,   1, SMSS J175021.86-414627.2, <        , -2.0   ,          , <      , -2.52, <       , 0.24
Eu     ,   1, SMSS J175046.30-425506.9,          , 0.1    ,          ,        , -0.42,         , 1.75
Eu     ,   1, SMSS J175738.37-454823.5,          , -0.92  ,          ,        , -1.44,         , 1.02
Eu     ,   1, SMSS J183246.49-343434.2,          , -2.29  ,          ,        , -2.81,         , 0.19
Eu     ,   1, SMSS J183753.10-380725.9, <        , -2.6   ,          , <      , -3.12, <       , -0.13
Eu     ,   1, SMSS J184226.25-272602.7, <        , -3.0   ,          , <      , -3.52, <       , 0.37
Eu     ,   1, SMSS J184825.29-305929.7, <        , -2.85  ,          , <      , -3.37, <       , 0.28
Eu     ,   1, SMSS J185628.44-231809.8, <        , -2.45  ,          , <      , -2.97, <       , 0.02
Eu     ,   1, SMSS J190549.33-214945.0, <        , -2.35  ,          , <      , -2.87, <       , 0.24
Eu     ,   1, SMSS J190911.03-213207.5,          , -1.45  ,          ,        , -1.97,         , 0.43
Eu     ,   1, SMSS J190931.13-214053.9,          , -2.15  ,          ,        , -2.67,         , 0.66
Eu     ,   1, SMSS J191802.51-851523.0, <        , -1.35  ,          , <      , -1.87, <       , 0.76
Eu     ,   1, SMSS J193528.46-462129.6, <        , -2.6   ,          , <      , -3.12, <       , 0.27
Eu     ,   1, SMSS J193617.38-790231.4,          , -0.37  ,          ,        , -0.89,         , 0.42
Eu     ,   1, SMSS J194432.13-720537.1,          , -2.05  ,          ,        , -2.57,         , -0.14
Eu     ,   1, SMSS J195614.75-320145.9,          , -1.5   ,          ,        , -2.02,         , 0.3
Eu     ,   1, SMSS J195931.70-643529.3,          , -1.32  ,          ,        , -1.84,         , 0.74
Eu     ,   1, SMSS J200228.85-533114.4, <        , -2.69  ,          , <      , -3.21, <       , 0.01
Eu     ,   1, SMSS J200654.42-321157.7, <        , -1.43  ,          , <      , -1.95, <       , 1.3
Eu     ,   1, SMSS J202057.49-522417.2, <        , -2.15  ,          , <      , -2.67, <       , 0.45
Eu     ,   1, SMSS J202123.89-515742.8, <        , -1.9   ,          , <      , -2.42, <       , 0.19
Eu     ,   0, SMSS J205313.80-651830.6,          ,        ,          ,        ,      ,         , 
Eu     ,   1, SMSS J210021.85-653627.9,          , -1.15  ,          ,        , -1.67,         , 0.22
Eu     ,   1, SMSS J211340.44-520017.5, <        , -1.5   ,          , <      , -2.02, <       , 0.38
Eu     ,   1, SMSS J215805.81-651327.2, <        , -2.5   ,          , <      , -3.02, <       , 0.39
Eu     ,   1, SMSS J221448.33-453949.9,          , -1.1   ,          ,        , -1.62,         , 0.94
Eu     ,   1, SMSS J224838.41-550635.1,          , -2.24  ,          ,        , -2.76,         , 0.11
Eu     ,   1, SMSS J224843.95-543610.1,          , -2.1   ,          ,        , -2.62,         , -0.24
Eu     ,   1, SMSS J225851.25-265434.9, <        , -2.3   ,          , <      , -2.82, <       , 0.67
Eu     ,   1, SMSS J230013.16-263511.0, <        , -2.79  ,          , <      , -3.31, <       , 0.04
Eu     ,   1, SMSS J230113.95-291458.2, <        , -2.0   ,          , <      , -2.52, <       , 0.01
Eu     ,   1, 2MASS J23203653-3637223 , <        , -1.1   ,          , <      , -1.62, <       , 1.01
Eu     ,   0, 2MASS J23261426-3719492 ,          ,        ,          ,        ,      ,         , 
